buyer_key,buyer_name,procurement_method_group,award_count,allocated_award_value,median_award_value,buyer_method_value_share_percent
ID:GB-CFS-100195,Midlands Partnership Foundation Trust,Direct,2,2117086.24,1058543.12,23.36058557758323
ID:GB-CFS-100195,Midlands Partnership Foundation Trust,Open,2,1769960.94,884980.47,19.530297456304684
ID:GB-CFS-100195,Midlands Partnership Foundation Trust,Unknown,10,5175594.82,314042.5,57.1091169661121
ID:GB-CFS-100262,Wyre Council,Open,1,90000.0,90000.0,10.991109364908787
ID:GB-CFS-100262,Wyre Council,Unknown,2,728843.64,364421.82,89.0088906350912
ID:GB-CFS-100333,VIVID,Direct,17,7482667.28,144100.0,14.566450582941751
ID:GB-CFS-100333,VIVID,Open,18,35666000.0,268000.0,69.43072664473738
ID:GB-CFS-100333,VIVID,Unknown,14,8220520.0,69197.5,16.00282277232088
ID:GB-CFS-100362,Southport College,Open,1,42750.0,42750.0,21.574042112530208
ID:GB-CFS-100362,Southport College,Selective,1,155404.8,155404.8,78.42595788746979
ID:GB-CFS-100395,Harper Adams University,Open,8,41809873.93,295310.0,100.0
ID:GB-CFS-100714,Wokingham Borough Council,Direct,2,312272.0,156136.0,37.620798227579854
ID:GB-CFS-100714,Wokingham Borough Council,Open,2,198950.0,99475.0,23.96839232264504
ID:GB-CFS-100714,Wokingham Borough Council,Selective,6,268849.5,29260.0,32.38949631438531
ID:GB-CFS-100714,Wokingham Borough Council,Unknown,1,49980.0,49980.0,6.021313135389792
ID:GB-CFS-100909,University Hospitals of Derby and Burton NHS Foundation Trust,Open,8,608555.46,54650.0,100.0
ID:GB-CFS-100918,HS2,Limited,1,3536100.0,3536100.0,96.54880546075086
ID:GB-CFS-100918,HS2,Selective,1,76400.0,76400.0,2.0860068259385667
ID:GB-CFS-100918,HS2,Unknown,1,50000.0,50000.0,1.3651877133105803
ID:GB-CFS-10109,Humberside Fire & Rescue Service,Unknown,1,89392.31,89392.31,100.0
ID:GB-CFS-101093,Department for Work and Pensions,Selective,3,10309162.0,1139017.0,100.0
ID:GB-CFS-101113,Cafcass,Direct,1,355800.0,355800.0,100.0
ID:GB-CFS-101219,London Borough of Enfield,Direct,1,352546.13,352546.13,10.839081627414153
ID:GB-CFS-101219,London Borough of Enfield,Open,1,2900000.0,2900000.0,89.16091837258585
ID:GB-CFS-101458,Kent County Council,Open,1,3011911.75,3011911.75,0.7473505527222174
ID:GB-CFS-101458,Kent County Council,Selective,1,400000000.0,400000000.0,99.2526494472778
ID:GB-CFS-101544,London Borough of Waltham Forest,Direct,1,58344.0,58344.0,100.0
ID:GB-CFS-101544,London Borough of Waltham Forest,Unknown,1,0.0,0.0,0.0
ID:GB-CFS-101682,Wigan Council,Direct,5,711166.0,42000.0,1.0428772311739058
ID:GB-CFS-101682,Wigan Council,Open,2,251038.36,125519.18,0.3681309142946066
ID:GB-CFS-101682,Wigan Council,Unknown,8,67230482.06,3324598.435,98.5889918545315
ID:GB-CFS-101722,The Guinness Partnership Ltd,Selective,1,0.0,0.0,
ID:GB-CFS-101812,Ofgem,Open,3,5709655.0,360000.0,100.0
ID:GB-CFS-10193,Bedford College,Open,4,1971170.12,216154.56,100.0
ID:GB-CFS-102116,London Borough of Enfield,Open,2,950000.0,475000.0,100.0
ID:GB-CFS-102547,London Borough of Waltham Forest,Direct,1,962980.0,962980.0,35.86544406289805
ID:GB-CFS-102547,London Borough of Waltham Forest,Selective,1,1022000.0,1022000.0,38.06359823909303
ID:GB-CFS-102547,London Borough of Waltham Forest,Unknown,2,700000.0,350000.0,26.07095769800892
ID:GB-CFS-102621,Trinity House,Open,2,5761884.0,2880942.0,100.0
ID:GB-CFS-102743,Hamwic Education Trust,Open,1,261357.0,261357.0,100.0
ID:GB-CFS-102753,Metropolitan Police Service,Unknown,3,116683.0,36900.0,100.0
ID:GB-CFS-102882,Sefton Council,Direct,3,12500712.4,108500.0,91.68679795362767
ID:GB-CFS-102882,Sefton Council,Open,2,293045.64,146522.82,2.1493508150680687
ID:GB-CFS-102882,Sefton Council,Selective,7,780388.51,99447.0,5.7237796816845865
ID:GB-CFS-102882,Sefton Council,Unknown,1,60000.0,60000.0,0.4400715496196569
ID:GB-CFS-103358,East Suffolk and North Essex NHS FT,Open,8,7276134.84,700687.0549999999,100.0
ID:GB-CFS-103374,The Local Government Association,Open,1,87360.0,87360.0,100.0
ID:GB-CFS-103447,Conwy County Borough Council,Unknown,11,1452072.13,42415.9,100.0
ID:GB-CFS-103490,Preston City Council,Unknown,1,876634.72,876634.72,100.0
ID:GB-CFS-103522,Walsall Council,Unknown,4,3164206.0,68455.5,100.0
ID:GB-CFS-103536,London Borough of Havering,Unknown,1,1040625.0,1040625.0,100.0
ID:GB-CFS-103563,Department for Work and Pensions,Selective,1,953533.13,953533.13,100.0
ID:GB-CFS-103638,London Borough of Enfield,Unknown,3,1312919.85,301879.7,100.0
ID:GB-CFS-103663,Gateshead Council,Unknown,4,2579711.5,208355.75,100.0
ID:GB-CFS-103772,Monmouthshire County Council,Unknown,1,161907.36,161907.36,100.0
ID:GB-CFS-103777,Middlesbrough Council,Unknown,2,286493.88,143246.94,100.0
ID:GB-CFS-103790,Newcastle City Council,Unknown,4,1767108.3,291587.64,100.0
ID:GB-CFS-103917,London Borough of Islington,Unknown,2,1130392.4,565196.2,100.0
ID:GB-CFS-10394,The University of Warwick,Open,1,0.0,0.0,
ID:GB-CFS-103942,Activate Learning,Open,2,0.0,0.0,0.0
ID:GB-CFS-103942,Activate Learning,Selective,1,803724.0,803724.0,100.0
ID:GB-CFS-104245,London Borough of Enfield,Selective,1,349457.6,349457.6,6.740529679305149
ID:GB-CFS-104245,London Borough of Enfield,Unknown,6,4834965.83,375250.0,93.25947032069486
ID:GB-CFS-104710,VIVID,Direct,6,1656181.37,228985.875,43.51293879618774
ID:GB-CFS-104710,VIVID,Selective,1,100000.0,100000.0,2.6273051722703373
ID:GB-CFS-104710,VIVID,Unknown,1,2050000.0,2050000.0,53.85975603154192
ID:GB-CFS-105126,Lancaster City Council,Direct,1,381120.0,381120.0,100.0
ID:GB-CFS-105230,Gwynedd Council,Unknown,1,469234.0,469234.0,100.0
ID:GB-CFS-105317,Durham County Council,Unknown,53,8299705.95,57012.1,100.0
ID:GB-CFS-105490,Coventry City Council,Unknown,2,4155635.6,2077817.8,100.0
ID:GB-CFS-106171,Liverpool City Council,Direct,19,2547789.15,50000.0,45.26612053689372
ID:GB-CFS-106171,Liverpool City Council,Open,1,30000.0,30000.0,0.5330047096349444
ID:GB-CFS-106171,Liverpool City Council,Selective,7,430678.52,59540.0,7.651789316620253
ID:GB-CFS-106171,Liverpool City Council,Unknown,7,2620000.42,177959.16,46.54908543685108
ID:GB-CFS-106243,HM Land Registry,Selective,10,8648472.4,232000.0,100.0
ID:GB-CFS-106411,Stockport Homes Ltd,Open,1,1250000.0,1250000.0,100.0
ID:GB-CFS-106637,Avon and Wiltshire Mental Health Partnership NHS trust,Open,5,520157.0,58823.0,100.0
ID:GB-CFS-106900,The Pioneer Housing and Community Group Limited,Open,1,750100.0,750100.0,100.0
ID:GB-CFS-107030,Truro and Penwith College,Open,1,9204682.45,9204682.45,100.0
ID:GB-CFS-107236,Home Office,Selective,1,18300000.0,18300000.0,100.0
ID:GB-CFS-107286,Durham County Council,Open,3,100665.0,30000.0,100.0
ID:GB-CFS-107313,Luton Council,Direct,25,8620608.42,99000.0,2.407374206688006
ID:GB-CFS-107313,Luton Council,Open,16,337939343.32,274987.055,94.3722784863079
ID:GB-CFS-107313,Luton Council,Selective,1,214975.38,214975.38,0.0600336031601065
ID:GB-CFS-107313,Luton Council,Unknown,45,11316822.64,138314.0,3.160313703843988
ID:GB-CFS-107495,Intellectual Property Office,Direct,1,12499.0,12499.0,0.2362972082650354
ID:GB-CFS-107495,Intellectual Property Office,Open,1,460000.0,460000.0,8.69643297879161
ID:GB-CFS-107495,Intellectual Property Office,Selective,4,4817026.04,288144.025,91.06726981294337
ID:GB-CFS-107545,Department for Work and Pensions,Selective,1,8200000.0,8200000.0,98.20359281437123
ID:GB-CFS-107545,Department for Work and Pensions,Unknown,1,150000.0,150000.0,1.7964071856287425
ID:GB-CFS-107611,The Winston Churchill School,Open,1,55312.43,55312.43,100.0
ID:GB-CFS-107820,Bristol City Council,Direct,10,2163141.33,74962.5,1.583323629625809
ID:GB-CFS-107820,Bristol City Council,Open,2,40663000.0,20331500.0,29.76351468975644
ID:GB-CFS-107820,Bristol City Council,Selective,1,1569780.0,1569780.0,1.1490094210876192
ID:GB-CFS-107820,Bristol City Council,Unknown,16,92224368.39,227500.0,67.50415225953013
ID:GB-CFS-108059,Barnet and Southgate College,Open,1,68180.0,68180.0,100.0
ID:GB-CFS-109254,Royal National Orthopaedic Hospital NHS Trust,Selective,1,615340.0,615340.0,100.0
ID:GB-CFS-109313,Financial Ombudsman Service,Selective,2,958680.0,479340.0,100.0
ID:GB-CFS-109352,Blackburn with Darwen Borough Council,Selective,1,56410.0,56410.0,100.0
ID:GB-CFS-109712,Lee Valley Regional Park Authority,Open,7,0.0,0.0,
ID:GB-CFS-110390,Via East Midlands Limited,Unknown,3,992417.0,440400.0,100.0
ID:GB-CFS-110469,The Royal Borough of Kingston upon Thames,Direct,3,1747228.0,487900.0,1.0428281341717565
ID:GB-CFS-110469,The Royal Borough of Kingston upon Thames,Open,3,445719.28,75719.28,0.2660263028790626
ID:GB-CFS-110469,The Royal Borough of Kingston upon Thames,Selective,11,45889438.26,614770.0,27.38898259349428
ID:GB-CFS-110469,The Royal Borough of Kingston upon Thames,Unknown,6,119464686.0,62568.0,71.30216296945491
ID:GB-CFS-110566,Stockport Metropolitan Borough Council,Open,2,5391995.0,2695997.5,100.0
ID:GB-CFS-110572,Royal Northern College of Music,Limited,1,7200.0,7200.0,3.132191533512274
ID:GB-CFS-110572,Royal Northern College of Music,Open,2,222671.0,111335.5,96.86780846648772
ID:GB-CFS-110696,Tameside Metropolitan Borough Council,Direct,6,1417600.0,235000.0,16.887689002066107
ID:GB-CFS-110696,Tameside Metropolitan Borough Council,Open,3,2416640.35,162000.0,28.78912998070273
ID:GB-CFS-110696,Tameside Metropolitan Borough Council,Selective,2,4398680.24,2199340.12,52.40091980294407
ID:GB-CFS-110696,Tameside Metropolitan Borough Council,Unknown,4,161360.0,39832.5,1.922261214287096
ID:GB-CFS-111058,London Borough of Hammersmith & Fulham,Open,1,58695.0,58695.0,100.0
ID:GB-CFS-11108,Castle Point Borough Council,Open,3,1749854.35,210530.15,100.0
ID:GB-CFS-111581,Luton Council,Direct,9,4222230.54,240000.0,9.208485364697069
ID:GB-CFS-111581,Luton Council,Open,5,18552323.0,1084045.0,40.46174011773237
ID:GB-CFS-111581,Luton Council,Selective,2,17599176.24,8799588.12,38.38297205741029
ID:GB-CFS-111581,Luton Council,Unknown,11,5477790.56,139991.98,11.946802460160251
ID:GB-CFS-111624,North Devon District Council,Direct,2,347160.3,173580.15,35.512896061895745
ID:GB-CFS-111624,North Devon District Council,Open,2,579436.9199999999,289718.46,59.2737220079168
ID:GB-CFS-111624,North Devon District Council,Unknown,1,50964.0,50964.0,5.213381930187452
ID:GB-CFS-111950,South Downs National Park Authority,Open,10,717696.27,39946.555,56.88305459263226
ID:GB-CFS-111950,South Downs National Park Authority,Selective,1,544008.6,544008.6,43.11694540736772
ID:GB-CFS-112088,Department for Education,Selective,3,27347297.04,507746.04,100.0
ID:GB-CFS-112307,Trafford Council,Direct,1,120000.0,120000.0,4.714169974678308
ID:GB-CFS-112307,Trafford Council,Open,2,1908520.5,954260.25,74.97575030965025
ID:GB-CFS-112307,Trafford Council,Selective,1,516996.54,516996.54,20.310079715671435
ID:GB-CFS-112357,Homes England (the name adopted by the Homes and Communities Agency),Open,1,17500.0,17500.0,8.045977011494253
ID:GB-CFS-112357,Homes England (the name adopted by the Homes and Communities Agency),Unknown,1,200000.0,200000.0,91.95402298850574
ID:GB-CFS-112445,Epsom & St Helier University Hospitals NHS Trust,Open,1,330000.0,330000.0,100.0
ID:GB-CFS-112585,Financial Conduct Authority,Selective,10,3731961.42,89352.0,100.0
ID:GB-CFS-112681,South East Consortium,Open,8,85000000.0,5000000.0,100.0
ID:GB-CFS-112787,Financial Ombudsman Service,Direct,4,161006.34,39617.5,2.854612336623184
ID:GB-CFS-112787,Financial Ombudsman Service,Limited,6,585765.0,101286.5,10.385504045133128
ID:GB-CFS-112787,Financial Ombudsman Service,Open,1,168000.0,168000.0,2.9786086221989456
ID:GB-CFS-112787,Financial Ombudsman Service,Selective,5,4725446.0,100000.0,83.78127499604476
ID:GB-CFS-112808,Financial Services Compensation Scheme,Selective,1,1645833.5,1645833.5,27.93604476737283
ID:GB-CFS-112808,Financial Services Compensation Scheme,Unknown,2,4245600.0,2122800.0,72.06395523262718
ID:GB-CFS-113159,Stockport Metropolitan Borough Council,Direct,15,1890387.05,90000.0,7.815843793361195
ID:GB-CFS-113159,Stockport Metropolitan Borough Council,Selective,5,22182341.03,900000.0,91.71334117081838
ID:GB-CFS-113159,Stockport Metropolitan Borough Council,Unknown,2,113874.16,56937.08,0.4708150358204261
ID:GB-CFS-113342,Sparsholt College Hampshire,Open,3,892775.0,240000.0,100.0
ID:GB-CFS-113522,City College Norwich,Open,1,4138037.87,4138037.87,100.0
ID:GB-CFS-113838,London Borough of Lambeth,Open,4,849912.0,171600.0,100.0
ID:GB-CFS-114465,Basingstoke and Deane Borough Council,Open,2,1601000.0,800500.0,100.0
ID:GB-CFS-114655,Northumbria University,Unknown,2,5284488.98,2642244.49,100.0
ID:GB-CFS-115161,London Borough of Hounslow,Direct,1,45000.0,45000.0,21.92629840230372
ID:GB-CFS-115161,London Borough of Hounslow,Selective,1,49950.0,49950.0,24.33819122655713
ID:GB-CFS-115161,London Borough of Hounslow,Unknown,1,110283.0,110283.0,53.73551037113914
ID:GB-CFS-115469,Leeds Arts University,Unknown,4,2686571.0,44780.5,100.0
ID:GB-CFS-115542,Leicester College,Open,2,289479.0,144739.5,100.0
ID:GB-CFS-115643,East Suffolk Council,Unknown,2,207731.65,103865.825,100.0
ID:GB-CFS-115778,Blackpool Council,Open,2,4935328.0,2467664.0,100.0
ID:GB-CFS-115835,Kirklees Metropolitan Council,Unknown,7,3805457.38,246000.0,100.0
ID:GB-CFS-115940,Petroc,Open,2,80500.0,40250.0,100.0
ID:GB-CFS-116151,Tameside Metropolitan Borough Council,Direct,2,2329793.0,1164896.5,11.60083436211959
ID:GB-CFS-116151,Tameside Metropolitan Borough Council,Open,2,852793.0,426396.5,4.246347352822784
ID:GB-CFS-116151,Tameside Metropolitan Borough Council,Unknown,63,16900391.89,115900.0,84.15281828505763
ID:GB-CFS-116381,Trafford Council,Direct,8,1004235.0,109275.0,3.9078891405248646
ID:GB-CFS-116381,Trafford Council,Open,5,24216692.51,135120.0,94.23705574816536
ID:GB-CFS-116381,Trafford Council,Selective,3,292710.25,62024.75,1.13905530806566
ID:GB-CFS-116381,Trafford Council,Unknown,1,183995.0,183995.0,0.7159998032441335
ID:GB-CFS-117257,Denbighshire County Council,Unknown,10,1946069.4,57704.28,100.0
ID:GB-CFS-117374,HM Land Registry,Direct,1,57000.0,57000.0,0.5399344949197354
ID:GB-CFS-117374,HM Land Registry,Selective,4,10499836.16,1089779.08,99.46006550508028
ID:GB-CFS-117389,Northampton College,Open,5,207410.0,19500.0,100.0
ID:GB-CFS-117587,Beyond Housing,Open,5,813911.89,45111.11,17.889228753138884
ID:GB-CFS-117587,Beyond Housing,Unknown,1,3735819.69,3735819.69,82.11077124686112
ID:GB-CFS-117853,Barnet and Southgate College,Open,1,522033.0,522033.0,100.0
ID:GB-CFS-117890,East Devon District Council,Unknown,1,159300.0,159300.0,100.0
ID:GB-CFS-117921,Department for Education,Selective,1,738079.53,738079.53,100.0
ID:GB-CFS-117985,Lichfield District Council,Direct,1,233415.0,233415.0,0.0233345482880467
ID:GB-CFS-117985,Lichfield District Council,Open,2,1000064500.0,500032250.0,99.97666545171197
ID:GB-CFS-11815,Broadacres Housing Association,Open,3,1200000.0,400000.0,100.0
ID:GB-CFS-118261,Department for Work and Pensions,Selective,1,3500000.0,3500000.0,100.0
ID:GB-CFS-118511,Department for Work and Pensions,Direct,1,44550.8,44550.8,1.426058756791023
ID:GB-CFS-118511,Department for Work and Pensions,Selective,2,3079500.0,1539750.0,98.57394124320898
ID:GB-CFS-118569,Bournemouth Christchurch and Poole Council,Open,1,160000.0,160000.0,20.434734414929352
ID:GB-CFS-118569,Bournemouth Christchurch and Poole Council,Unknown,2,622980.5700000001,311490.28500000003,79.56526558507065
ID:GB-CFS-118764,Sunderland College,Open,6,119000.0,0.0,100.0
ID:GB-CFS-119000,The Diocese of Sheffield Academies Trust,Open,1,0.0,0.0,
ID:GB-CFS-119098,Rochdale Metropolitan Borough Council,Direct,13,16160481.45,189623.0,87.04529779207631
ID:GB-CFS-119098,Rochdale Metropolitan Borough Council,Open,6,839214.63,103014.6,4.520266775827842
ID:GB-CFS-119098,Rochdale Metropolitan Borough Council,Selective,4,515903.51,141216.85,2.7788141584066124
ID:GB-CFS-119098,Rochdale Metropolitan Borough Council,Unknown,2,1050000.0,525000.0,5.655621273689228
ID:GB-CFS-119124,Durham County Council,Open,4,220772.95,43935.130000000005,100.0
ID:GB-CFS-119128,Boston College,Open,3,315152.0,57732.0,100.0
ID:GB-CFS-119175,believe housing,Open,2,0.0,0.0,
ID:GB-CFS-119387,Equality and Human Rights Commission,Open,2,134360.0,67180.0,100.0
ID:GB-CFS-119551,Homes England (the name adopted by the Homes and Communities Agency),Unknown,1,151336.0,151336.0,100.0
ID:GB-CFS-119600,Shrewsbury Colleges Group,Open,1,633116.36,633116.36,100.0
ID:GB-CFS-119711,South Cambridgeshire District Council,Open,1,167266.0,167266.0,100.0
ID:GB-CFS-120122,The ACC Liverpool Group Limited,Open,1,514000.0,514000.0,100.0
ID:GB-CFS-120385,Blackpool Council,Open,1,21000.0,21000.0,100.0
ID:GB-CFS-120445,Stoke On Trent College,Direct,1,158635.0,158635.0,25.64214553287913
ID:GB-CFS-120445,Stoke On Trent College,Open,2,460014.48,230007.24,74.35785446712086
ID:GB-CFS-120706,Sevenoaks District Council,Open,1,75000.0,75000.0,100.0
ID:GB-CFS-12071,Canterbury City Council,Unknown,2,248710.0,124355.0,100.0
ID:GB-CFS-120787,The Royal Borough of Kingston upon Thames,Direct,5,640796.7,84320.0,0.290219312389103
ID:GB-CFS-120787,The Royal Borough of Kingston upon Thames,Open,37,9402840.07,76000.0,4.258582760523119
ID:GB-CFS-120787,The Royal Borough of Kingston upon Thames,Selective,3,186966009.0,200000.0,84.67763109909093
ID:GB-CFS-120787,The Royal Borough of Kingston upon Thames,Unknown,3,23787755.59,160000.0,10.773566827996838
ID:GB-CFS-120808,Liverpool City Region Combined Authority,Selective,7,519859.69,55000.0,54.4331363868143
ID:GB-CFS-120808,Liverpool City Region Combined Authority,Unknown,5,435183.0,49880.0,45.56686361318572
ID:GB-CFS-120887,Walsall College,Open,3,833353.0,363648.0,100.0
ID:GB-CFS-121067,Department for Education,Selective,1,125000.0,125000.0,100.0
ID:GB-CFS-121404,The Royal Borough of Kingston upon Thames,Direct,10,5750365.99,92000.0,27.617354950119065
ID:GB-CFS-121404,The Royal Borough of Kingston upon Thames,Open,4,13942700.74,82526.0,66.96278392879613
ID:GB-CFS-121404,The Royal Borough of Kingston upon Thames,Selective,1,88000.0,88000.0,0.4226387050557939
ID:GB-CFS-121404,The Royal Borough of Kingston upon Thames,Unknown,3,1040500.0,195000.0,4.997222416029017
ID:GB-CFS-121423,Oaklands College,Open,1,137069.0,137069.0,100.0
ID:GB-CFS-121460,Barnet Homes Ltd,Unknown,2,411726.72,205863.36,100.0
ID:GB-CFS-121477,Lichfield District Council,Open,3,195795.91,30000.0,100.0
ID:GB-CFS-121581,Department for Education,Selective,2,613443.0,306721.5,100.0
ID:GB-CFS-121796,London Borough of Hounslow,Direct,5,1660693.66,150000.0,2.639500602989992
ID:GB-CFS-121796,London Borough of Hounslow,Open,1,14400000.0,14400000.0,22.887308838799257
ID:GB-CFS-121796,London Borough of Hounslow,Selective,2,142151.2,71075.6,0.2259346122365223
ID:GB-CFS-121796,London Borough of Hounslow,Unknown,15,46714119.74,1738608.0,74.24725594597423
ID:GB-CFS-121904,HS1 Ltd,Selective,1,295121.0,295121.0,100.0
ID:GB-CFS-122177,Welland Procurement,Open,7,5889515.63,116067.29,89.5633776927296
ID:GB-CFS-122177,Welland Procurement,Unknown,3,686292.23,180000.0,10.436622307270396
ID:GB-CFS-122547,South Kesteven District Council,Open,6,14412700.0,287000.0,98.18116174036254
ID:GB-CFS-122547,South Kesteven District Council,Selective,1,147000.0,147000.0,1.0013828620475895
ID:GB-CFS-122547,South Kesteven District Council,Unknown,1,120000.0,120000.0,0.817455397589869
ID:GB-CFS-123209,London Borough of Hounslow,Direct,1,545800.0,545800.0,13.665706004423782
ID:GB-CFS-123209,London Borough of Hounslow,Open,6,2616354.17,183708.335,65.50811082936644
ID:GB-CFS-123209,London Borough of Hounslow,Unknown,1,831785.11,831785.11,20.826183166209777
ID:GB-CFS-123296,Gedling Borough Council,Open,4,228743.15,29033.575,100.0
ID:GB-CFS-123385,Gosport Borough Council,Direct,3,226865.0,95253.0,8.79782046267054
ID:GB-CFS-123385,Gosport Borough Council,Open,7,1458099.63,86113.12,56.54507641736868
ID:GB-CFS-123385,Gosport Borough Council,Selective,3,842412.39,96874.0,32.66873674982565
ID:GB-CFS-123385,Gosport Borough Council,Unknown,1,51273.01,51273.01,1.988366370135152
ID:GB-CFS-123576,Bury College,Open,12,1535823.02,132087.22,100.0
ID:GB-CFS-123598,Ansa Environmental Services Ltd,Open,1,150000.0,150000.0,100.0
ID:GB-CFS-123673,Civil Aviation Authority,Open,2,11500000.0,5750000.0,100.0
ID:GB-CFS-124051,Neath Port Talbot County Borough Council,Unknown,2,7303522.8,3651761.4,100.0
ID:GB-CFS-124061,Waste & Resources Action Programme,Open,1,530.0,530.0,100.0
ID:GB-CFS-124216,believe housing,Open,1,0.0,0.0,
ID:GB-CFS-124253,The Prince's Trust,Open,3,121467.1,50379.6,100.0
ID:GB-CFS-124267,Kirklees College,Open,1,120000.0,120000.0,100.0
ID:GB-CFS-124340,Rochdale Metropolitan Borough Council,Direct,19,10691955.1,120936.0,74.831316682003
ID:GB-CFS-124340,Rochdale Metropolitan Borough Council,Open,5,543630.5700000001,70000.0,3.804785089462993
ID:GB-CFS-124340,Rochdale Metropolitan Borough Council,Selective,5,944209.93,222346.25,6.60837719811617
ID:GB-CFS-124340,Rochdale Metropolitan Borough Council,Unknown,3,2108280.0,570000.0,14.75552103041784
ID:GB-CFS-124404,Wigan Metropolitan Borough Council,Unknown,17,1603865.36,23499.0,100.0
ID:GB-CFS-124582,Department for Education,Direct,4,161138.5,16457.5,0.1151872784069778
ID:GB-CFS-124582,Department for Education,Selective,22,139731480.05,698731.3300000001,99.88481272159302
ID:GB-CFS-124802,Portsmouth City Council,Selective,2,0.0,0.0,
ID:GB-CFS-124802,Portsmouth City Council,Unknown,1,0.0,0.0,
ID:GB-CFS-124848,Manchester City Council,Open,1,833184.0,833184.0,100.0
ID:GB-CFS-1250,Shropshire Healthcare Procurement Service,Open,8,870420.74,107644.51,100.0
ID:GB-CFS-125010,Wigan Council,Direct,2,6429981.65,3214990.825,45.89611097265904
ID:GB-CFS-125010,Wigan Council,Open,1,7500000.0,7500000.0,53.533719228412224
ID:GB-CFS-125010,Wigan Council,Unknown,1,79880.0,79880.0,0.5701697989287424
ID:GB-CFS-126175,Derbyshire County Council,Direct,30,7888901.06,56640.9,7.489979130790799
ID:GB-CFS-126175,Derbyshire County Council,Open,27,66421699.02,77139.88,63.0629203874776
ID:GB-CFS-126175,Derbyshire County Council,Selective,2,367105.0,183552.5,0.3485414214092014
ID:GB-CFS-126175,Derbyshire County Council,Unknown,60,30648370.23,106430.0,29.0985590603224
ID:GB-CFS-126345,Partners Procurement Service (PPS),Direct,123,15921475.62,40619.0,40.41246831225752
ID:GB-CFS-126345,Partners Procurement Service (PPS),Limited,1,336216.14,336216.14,0.8533960311286485
ID:GB-CFS-126345,Partners Procurement Service (PPS),Open,5,23139742.46,602622.4,58.73413565661384
ID:GB-CFS-126463,Citizen,Open,5,828300.0,30000.0,62.665117250270086
ID:GB-CFS-126463,Citizen,Selective,2,493488.0,246744.0,37.33488274972992
ID:GB-CFS-126886,Department for Education,Open,1,1800000.0,1800000.0,0.7762489932205807
ID:GB-CFS-126886,Department for Education,Selective,25,230084358.72,2291676.47,99.2237510067794
ID:GB-CFS-12694,The University of Warwick,Open,2,179458.0,89729.0,100.0
ID:GB-CFS-127036,Derby Homes Limited,Open,2,7606800.0,3803400.0,92.68898961836526
ID:GB-CFS-127036,Derby Homes Limited,Unknown,1,600000.0,600000.0,7.311010381634741
ID:GB-CFS-127430,UK Research and Innovation,Unknown,11,1185639.31,49050.0,100.0
ID:GB-CFS-12750,Tamworth Borough Council,Open,1,0.0,0.0,
ID:GB-CFS-127682,North Devon District Council,Direct,5,634223.24,147509.95,8.738804407895904
ID:GB-CFS-127682,North Devon District Council,Open,7,3232772.44,145303.0,44.543568047737246
ID:GB-CFS-127682,North Devon District Council,Unknown,10,3390555.93,45213.165,46.717627544366856
ID:GB-CFS-127966,Torbay Council,Open,7,9960611.0,220000.0,70.90765192411081
ID:GB-CFS-127966,Torbay Council,Selective,1,2367681.0,2367681.0,16.85506041901753
ID:GB-CFS-127966,Torbay Council,Unknown,3,1719008.58,232861.0,12.237287656871652
ID:GB-CFS-128373,Department of Health and Social Care,Selective,1,37900.0,37900.0,100.0
ID:GB-CFS-128863,Department for Education,Selective,1,374520.0,374520.0,100.0
ID:GB-CFS-128982,Department for Work and Pensions,Open,2,2491367.0,1245683.5,100.0
ID:GB-CFS-129081,Barking and Dagenham College,Open,1,83333.34,83333.34,100.0
ID:GB-CFS-129089,Newark & Sherwood District Council,Open,1,343000.0,343000.0,100.0
ID:GB-CFS-129242,Department for Education,Selective,1,3000000.0,3000000.0,100.0
ID:GB-CFS-129489,Sutton Housing Partnership,Direct,1,39335.0,39335.0,52.91585390462097
ID:GB-CFS-129489,Sutton Housing Partnership,Unknown,1,35000.0,35000.0,47.08414609537903
ID:GB-CFS-129513,Forestry England,Open,1,212835.29,212835.29,100.0
ID:GB-CFS-129536,capitalEsourcing,Direct,1,71500.0,71500.0,54.13208774516157
ID:GB-CFS-129536,capitalEsourcing,Open,2,60584.31999999999,30292.16,45.867912254838416
ID:GB-CFS-1296,Watford Borough Council,Unknown,2,508550.0,254275.0,100.0
ID:GB-CFS-129936,Edge Hill University,Selective,1,374534.83,374534.83,100.0
ID:GB-CFS-130267,Hertfordshire County Council,Unknown,7,994248.87,81040.0,100.0
ID:GB-CFS-130527,Balfour Beatty VINCI Systra JV,Unknown,4,0.0,0.0,
ID:GB-CFS-130589,Blackburn with Darwen Borough Council,Open,1,1832252.0,1832252.0,100.0
ID:GB-CFS-130840,NHS South West - Acutes,Selective,3,550125.19,58000.0,100.0
ID:GB-CFS-130868,East Devon District Council,Open,1,55000.0,55000.0,17.33079589474409
ID:GB-CFS-130868,East Devon District Council,Selective,1,262354.15,262354.15,82.66920410525591
ID:GB-CFS-130945,Orkney Islands Council,Unknown,3,214495.42,84189.78,100.0
ID:GB-CFS-131489,Ports of Jersey,Open,8,40000000.0,0.0,100.0
ID:GB-CFS-131665,Salford City Council,Open,2,406034.91,203017.455,100.0
ID:GB-CFS-131834,Durham County Council,Limited,1,130000.0,130000.0,59.09090909090909
ID:GB-CFS-131834,Durham County Council,Selective,1,90000.0,90000.0,40.909090909090914
ID:GB-CFS-131948,Derbyshire County Council,Direct,70,11108055.13,86384.74,13.908923446429103
ID:GB-CFS-131948,Derbyshire County Council,Open,35,36492116.16,301269.0,45.693511971941255
ID:GB-CFS-131948,Derbyshire County Council,Selective,1,3560562.0,3560562.0,4.458348802259185
ID:GB-CFS-131948,Derbyshire County Council,Unknown,25,28702062.51,195337.34,35.93921577937044
ID:GB-CFS-132065,St Francis Xavier Sixth Form College,Open,1,0.0,0.0,
ID:GB-CFS-132380,HS2,Selective,1,215200.0,215200.0,64.02475306438177
ID:GB-CFS-132380,HS2,Unknown,1,120920.0,120920.0,35.97524693561823
ID:GB-CFS-132781,Freebridge Community Housing Limited,Open,2,419009.79,209504.895,75.06313889622035
ID:GB-CFS-132781,Freebridge Community Housing Limited,Unknown,1,139200.0,139200.0,24.93686110377964
ID:GB-CFS-133367,Tewkesbury Borough Council,Open,5,288692.0,83590.0,100.0
ID:GB-CFS-133378,Plashet School,Selective,2,4392471.4,2196235.7,100.0
ID:GB-CFS-133654,Hampshire County Council,Open,2,21161292.0,10580646.0,100.0
ID:GB-CFS-133926,National Employment Savings Trust (NEST),Direct,2,183128.4,91564.2,9.91544535915418
ID:GB-CFS-133926,National Employment Savings Trust (NEST),Selective,5,1663772.0,170000.0,90.08455464084582
ID:GB-CFS-13399,English Heritage-Estates,Open,3,0.0,0.0,
ID:GB-CFS-13399,English Heritage-Estates,Selective,1,0.0,0.0,
ID:GB-CFS-133998,University of Leicester,Open,1,91000.0,91000.0,100.0
ID:GB-CFS-134295,Liverpool City Region Combined Authority,Selective,1,129504.0,129504.0,100.0
ID:GB-CFS-134549,Department for Education,Open,1,559572.11,559572.11,100.0
ID:GB-CFS-134560,Department for Education,Direct,11,183800.0,13200.0,0.0269700822855941
ID:GB-CFS-134560,Department for Education,Limited,4,67937.76,15273.88,0.0099689171789931
ID:GB-CFS-134560,Department for Education,Open,1,1102206.12,1102206.12,0.1617333501201601
ID:GB-CFS-134560,Department for Education,Selective,60,680141937.57,3015273.1550000003,99.80132765041525
ID:GB-CFS-134623,Sevenoaks District Council,Unknown,1,5094776.0,5094776.0,100.0
ID:GB-CFS-134854,London Borough of Waltham Forest,Open,1,16435896.0,16435896.0,100.0
ID:GB-CFS-135227,Soha Housing Ltd,Unknown,2,3241617.0,1620808.5,100.0
ID:GB-CFS-135306,West Suffolk Council,Selective,1,50000.0,50000.0,100.0
ID:GB-CFS-135448,Ministry of Justice,Open,6,47670363.0,2521261.0,8.423772388185197
ID:GB-CFS-135448,Ministry of Justice,Selective,274,518232427.38,30000.0,91.5762276118148
ID:GB-CFS-135663,Homes England (the name adopted by the Homes and Communities Agency),Unknown,1,17650.0,17650.0,100.0
ID:GB-CFS-135686,Merseytravel,Unknown,1,108775.22,108775.22,100.0
ID:GB-CFS-135866,Homes England (the name adopted by the Homes and Communities Agency),Unknown,1,179041.43,179041.43,100.0
ID:GB-CFS-136019,Construction Industry Training Board,Open,1,546000.0,546000.0,20.634920634920636
ID:GB-CFS-136019,Construction Industry Training Board,Selective,1,2100000.0,2100000.0,79.36507936507937
ID:GB-CFS-136552,Blackburn with Darwen Borough Council,Selective,1,269701.0,269701.0,100.0
ID:GB-CFS-136616,Beyond Housing,Selective,1,1190266.0,1190266.0,100.0
ID:GB-CFS-136678,Homes England (the name adopted by the Homes and Communities Agency),Unknown,3,473499.77,147400.0,100.0
ID:GB-CFS-136843,Burntwood School,Open,1,1070226.0,1070226.0,100.0
ID:GB-CFS-137706,Homes England (the name adopted by the Homes and Communities Agency),Open,1,16810000.0,16810000.0,98.47497027264134
ID:GB-CFS-137706,Homes England (the name adopted by the Homes and Communities Agency),Unknown,1,260327.57,260327.57,1.525029727358653
ID:GB-CFS-137708,Reigate & Banstead Borough Council,Unknown,1,290320.0,290320.0,100.0
ID:GB-CFS-13772,Doncaster College,Open,2,116255.0,58127.5,100.0
ID:GB-CFS-138001,Gloucestershire County Council,Direct,10,2623413.39,164100.0,9.609096062947732
ID:GB-CFS-138001,Gloucestershire County Council,Open,39,8838580.88,85968.0,32.37414776481457
ID:GB-CFS-138001,Gloucestershire County Council,Selective,3,700451.2,262019.0,2.565628007337042
ID:GB-CFS-138001,Gloucestershire County Council,Unknown,57,15138909.13,83600.0,55.451128164900645
ID:GB-CFS-138551,The Mercian Trust,Open,10,2215487.66,75422.0,40.19213591589887
ID:GB-CFS-138551,The Mercian Trust,Selective,2,3296754.0,1648377.0,59.807864084101126
ID:GB-CFS-138752,Gloucestershire County Council,Direct,1,32400.0,32400.0,0.0491562478884148
ID:GB-CFS-138752,Gloucestershire County Council,Open,21,26947413.57,44845.0,40.88375745057267
ID:GB-CFS-138752,Gloucestershire County Council,Selective,7,6902345.15,768282.0,10.472018185333274
ID:GB-CFS-138752,Gloucestershire County Council,Unknown,9,32030113.66,191976.0,48.595068116205645
ID:GB-CFS-139675,University of East Anglia,Selective,1,0.0,0.0,
ID:GB-CFS-140061,Peterborough City Council,Direct,81,13153837.42,82500.0,38.33657710182127
ID:GB-CFS-140061,Peterborough City Council,Open,7,15592195.0,72000.0,45.4431179828382
ID:GB-CFS-140061,Peterborough City Council,Selective,9,1193242.5,79000.0,3.4776796794573706
ID:GB-CFS-140061,Peterborough City Council,Unknown,5,4372180.13,351973.0,12.742625235883136
ID:GB-CFS-140582,Hartpury College,Open,2,298934.03,149467.015,100.0
ID:GB-CFS-1409,Halton Borough Council,Direct,1,223601.0,223601.0,6.840055380952061
ID:GB-CFS-1409,Halton Borough Council,Open,2,3045393.0,1522696.5,93.15994461904792
ID:GB-CFS-141162,Buckinghamshire Council,Unknown,1,180750.0,180750.0,100.0
ID:GB-CFS-141253,Dudley Metropolitan Borough Council,Unknown,2,11762599.0,5881299.5,100.0
ID:GB-CFS-141399,Places for People Group Limited,Open,2,70000000.0,35000000.0,76.6778439046895
ID:GB-CFS-141399,Places for People Group Limited,Selective,6,21291038.5,505344.25,23.322156095310493
ID:GB-CFS-142255,LEAD Academy Trust,Open,1,664200.0,664200.0,100.0
ID:GB-CFS-142258,Northumbria University at Newcastle,Open,1,70000.0,70000.0,100.0
ID:GB-CFS-142461,Procurement Assist Limited c/o Integrated Facilities Management Bolton Ltd (iFM Bolton),Selective,3,3650000000.0,1040000000.0,100.0
ID:GB-CFS-142745,Midland Heart,Open,1,0.0,0.0,
ID:GB-CFS-142843,Midland Heart,Open,4,0.0,0.0,
ID:GB-CFS-142843,Midland Heart,Selective,1,0.0,0.0,
ID:GB-CFS-142843,Midland Heart,Unknown,1,0.0,0.0,
ID:GB-CFS-142945,MSE Group,Open,3,116000.0,12500.0,100.0
ID:GB-CFS-142949,Pension Protection Fund,Selective,1,444353.0,444353.0,100.0
ID:GB-CFS-143364,Moat Homes Limited,Direct,2,1000000.0,500000.0,3.7037037037037033
ID:GB-CFS-143364,Moat Homes Limited,Unknown,1,26000000.0,26000000.0,96.29629629629628
ID:GB-CFS-143831,Bromsgrove District Council,Direct,19,5888008.07,75000.0,72.63445207387366
ID:GB-CFS-143831,Bromsgrove District Council,Open,2,134690.0,67345.0,1.6615354859440676
ID:GB-CFS-143831,Bromsgrove District Council,Unknown,16,2083659.04,96382.84,25.70401244018227
ID:GB-CFS-144776,Ubico Limited,Unknown,21,6930584.41,169161.8,100.0
ID:GB-CFS-144778,Department for Work and Pensions,Selective,1,1512790.0,1512790.0,100.0
ID:GB-CFS-144826,London Borough of Barnet Council,Unknown,1,319992.0,319992.0,100.0
ID:GB-CFS-144965,Central Bedfordshire Council,Unknown,3,5395.0,0.0,100.0
ID:GB-CFS-144996,Fylde Borough Council,Unknown,2,685637.0,342818.5,100.0
ID:GB-CFS-145188,Essex County Council,Open,8,1571581142.0,203500.0,99.9334333848496
ID:GB-CFS-145188,Essex County Council,Selective,1,220000.0,220000.0,0.0139893224454756
ID:GB-CFS-145188,Essex County Council,Unknown,2,826845.22,413422.61,0.0525772927049103
ID:GB-CFS-145259,University of Bristol,Open,2,1599734.0,799867.0,29.69958218029822
ID:GB-CFS-145259,University of Bristol,Selective,11,3786651.54,88581.0,70.30041781970178
ID:GB-CFS-145278,Thirteen Housing Group Ltd,Open,6,4913520.0,591760.0,71.68114648379542
ID:GB-CFS-145278,Thirteen Housing Group Ltd,Selective,3,0.0,0.0,0.0
ID:GB-CFS-145278,Thirteen Housing Group Ltd,Unknown,1,1941169.47,1941169.47,28.318853516204577
ID:GB-CFS-145454,Kettering General Hospital NHS Foundation Trust,Unknown,2,430897.7400000001,215448.87,100.0
ID:GB-CFS-145512,Homes England (the name adopted by the Homes and Communities Agency),Unknown,5,206675.15,24900.0,100.0
ID:GB-CFS-146344,Home Office,Direct,3,469566.9,205684.2,20.7747419023121
ID:GB-CFS-146344,Home Office,Selective,1,1790711.0,1790711.0,79.2252580976879
ID:GB-CFS-146773,Great Places Housing Group,Open,1,4691933.0,4691933.0,100.0
ID:GB-CFS-147110,Havant & South Downs College,Open,2,3793509.05,1896754.525,100.0
ID:GB-CFS-147479,LiveWest Homes Limited,Unknown,2,122972.31,61486.155,100.0
ID:GB-CFS-147849,City of Bristol College,Open,6,4640000.0,435000.0,100.0
ID:GB-CFS-147868,Birmingham City University,Open,1,4100000.0,4100000.0,86.68076109936575
ID:GB-CFS-147868,Birmingham City University,Unknown,1,630000.0,630000.0,13.31923890063425
ID:GB-CFS-147950,Northampton General Hospital NHS Trust,Unknown,1,676416.0,676416.0,100.0
ID:GB-CFS-148108,Home Office,Direct,26,25813188.43,57500.0,1.713891911639722
ID:GB-CFS-148108,Home Office,Limited,7,19969660.23,19611.0,1.3259051371822506
ID:GB-CFS-148108,Home Office,Open,9,168792132.56,488691.44,11.207118854282651
ID:GB-CFS-148108,Home Office,Selective,114,1244471338.976,407662.09,82.62789263412283
ID:GB-CFS-148108,Home Office,Unknown,12,47068987.0,327900.0,3.1251914627725523
ID:GB-CFS-148211,The Legal Aid Agency,Open,2,187781577.0,93890788.5,100.0
ID:GB-CFS-148218,Echelon Consultancy Ltd,Open,1,300000000.0,300000000.0,100.0
ID:GB-CFS-148267,Hampshire County Council,Open,2,1629750.0,814875.0,100.0
ID:GB-CFS-148313,Department for Work and Pensions,Direct,1,13500000.0,13500000.0,24.91982967757893
ID:GB-CFS-148313,Department for Work and Pensions,Selective,4,40673725.0,1320862.5,75.08017032242105
ID:GB-CFS-148375,Buckinghamshire Council,Direct,3,2863635.0,868000.0,42.3786982084244
ID:GB-CFS-148375,Buckinghamshire Council,Limited,1,2205000.0,2205000.0,32.631613159350195
ID:GB-CFS-148375,Buckinghamshire Council,Open,1,6507.5,6507.5,0.0963039558432976
ID:GB-CFS-148375,Buckinghamshire Council,Selective,16,1411773.69,19995.0,20.8927224129834
ID:GB-CFS-148375,Buckinghamshire Council,Unknown,3,270334.79000000004,106690.0,4.000662263398718
ID:GB-CFS-148643,Department for Education,Open,1,240654.0,240654.0,100.0
ID:GB-CFS-149060,Salix Homes Limited,Open,3,6750000.0,550000.0,66.50246305418719
ID:GB-CFS-149060,Salix Homes Limited,Selective,1,3400000.0,3400000.0,33.497536945812804
ID:GB-CFS-149344,HS2,Selective,1,206910125.2,206910125.2,99.96376551217024
ID:GB-CFS-149344,HS2,Unknown,1,75000.0,75000.0,0.0362344878297563
ID:GB-CFS-149368,Northumbria University at Newcastle,Open,3,740000.0,330000.0,100.0
ID:GB-CFS-149497,The Prince's Trust,Open,1,30220.0,30220.0,100.0
ID:GB-CFS-149673,Homes England (the name adopted by the Homes and Communities Agency),Open,1,13350.0,13350.0,0.9749390778097272
ID:GB-CFS-149673,Homes England (the name adopted by the Homes and Communities Agency),Unknown,2,1355966.33,677983.165,99.02506092219028
ID:GB-CFS-149733,Homes England (the name adopted by the Homes and Communities Agency),Open,2,100775.0,50387.5,100.0
ID:GB-CFS-150103,The Police and Crime Commissioner for Derbyshire,Open,1,715000.0,715000.0,100.0
ID:GB-CFS-150195,West Lancashire Borough Council,Direct,2,1760000.0,880000.0,100.0
ID:GB-CFS-150239,British Business Bank,Unknown,3,2078600.0,500000.0,100.0
ID:GB-CFS-150432,London Borough of Enfield,Open,1,2175000.0,2175000.0,100.0
ID:GB-CFS-150471,Department for Education,Selective,2,1811642.0,905821.0,100.0
ID:GB-CFS-150488,Somerset NHS Foundation Trust,Selective,1,68556.0,68556.0,100.0
ID:GB-CFS-150492,Somerset NHS Foundation Trust,Direct,1,12000.0,12000.0,100.0
ID:GB-CFS-150615,Department for Work and Pensions,Selective,3,39450060.0,8300000.0,100.0
ID:GB-CFS-150888,Hull City Council,Open,1,120000000.0,120000000.0,100.0
ID:GB-CFS-150982,Swale Borough Council,Open,1,223588.73,223588.73,100.0
ID:GB-CFS-151003,Sanctuary Housing Association,Open,1,3875000.0,3875000.0,100.0
ID:GB-CFS-151067,Foreign Commonwealth and Development Office,Direct,5,311185.38,49940.0,0.070902318325864
ID:GB-CFS-151067,Foreign Commonwealth and Development Office,Limited,8,557308.75,75396.10500000001,0.126980523308291
ID:GB-CFS-151067,Foreign Commonwealth and Development Office,Open,117,18490351.399,65384.94,4.212951073887161
ID:GB-CFS-151067,Foreign Commonwealth and Development Office,Selective,46,257703230.21,764454.7050000001,58.71662885304204
ID:GB-CFS-151067,Foreign Commonwealth and Development Office,Unknown,10,161831020.21,80129.66,36.87253723143665
ID:GB-CFS-151119,London Borough of Enfield,Open,1,4000000.0,4000000.0,22.72052369898305
ID:GB-CFS-151119,London Borough of Enfield,Selective,1,13605228.0,13605228.0,77.27947630101694
ID:GB-CFS-151153,Buckinghamshire Council,Direct,4,407841.18,106717.05,0.4423636843332907
ID:GB-CFS-151153,Buckinghamshire Council,Open,3,89551000.0,2051000.0,97.13121734232554
ID:GB-CFS-151153,Buckinghamshire Council,Selective,24,1645744.64,26115.0,1.7850518734330971
ID:GB-CFS-151153,Buckinghamshire Council,Unknown,4,591314.17,62500.0,0.6413670999080617
ID:GB-CFS-151366,Foreign Commonwealth and Development Office,Direct,1,25819.46,25819.46,1.2166535763721462
ID:GB-CFS-151366,Foreign Commonwealth and Development Office,Limited,1,1294895.42,1294895.42,61.017509420061934
ID:GB-CFS-151366,Foreign Commonwealth and Development Office,Unknown,7,801455.35,59212.73,37.76583700356592
ID:GB-CFS-151881,Winchester City Council,Open,2,2645379.0,1322689.5,72.56801007522125
ID:GB-CFS-151881,Winchester City Council,Selective,1,1000000.0,1000000.0,27.431989924778737
ID:GB-CFS-151948,Foreign Commonwealth and Development Office,Unknown,1,30969.0,30969.0,100.0
ID:GB-CFS-151970,Department of Health and Social Care,Selective,2,1418950.0,709475.0,100.0
ID:GB-CFS-152181,Blackpool Council,Unknown,3,1446568.18,498611.48,100.0
ID:GB-CFS-152237,Brighton & Hove City Council,Unknown,6,2621336.67,93119.0,100.0
ID:GB-CFS-152399,Blackpool Council,Open,3,12000000.0,0.0,100.0
ID:GB-CFS-152534,Department for Education,Open,1,140000.0,140000.0,100.0
ID:GB-CFS-152577,John Hampden Grammar School,Open,1,665976.34,665976.34,100.0
ID:GB-CFS-152712,Hardenhuish School,Selective,1,773254.0,773254.0,100.0
ID:GB-CFS-152727,Department for Work and Pensions,Selective,1,5996309.0,5996309.0,100.0
ID:GB-CFS-152730,Department for Education,Open,1,879000.0,879000.0,100.0
ID:GB-CFS-152791,Foreign Commonwealth and Development Office,Open,2,204643.0,102321.5,100.0
ID:GB-CFS-153085,Pension Protection Fund,Direct,5,375033.0,48000.0,56.25779101844643
ID:GB-CFS-153085,Pension Protection Fund,Selective,3,291600.0,60000.0,43.74220898155357
ID:GB-CFS-153238,Foreign Commonwealth and Development Office,Unknown,1,29400.0,29400.0,100.0
ID:GB-CFS-153240,Department of Health and Social Care,Selective,1,99600.0,99600.0,100.0
ID:GB-CFS-153693,Redditch Borough Council,Direct,29,14216851.22,100000.0,76.48424741564249
ID:GB-CFS-153693,Redditch Borough Council,Unknown,29,4371095.58,100000.0,23.515752584357514
ID:GB-CFS-153764,UK Research & Innovation,Unknown,6,1745481.2,214730.0,100.0
ID:GB-CFS-153867,Department of Health and Social Care,Direct,1,24680.0,24680.0,0.0289988741620679
ID:GB-CFS-153867,Department of Health and Social Care,Selective,4,85082072.29,3773510.305,99.97100112583792
ID:GB-CFS-153915,UK Research & Innovation,Open,11,38519734.93,379550.0,37.109060466267664
ID:GB-CFS-153915,UK Research & Innovation,Selective,2,12500000.0,6250000.0,12.042223464707154
ID:GB-CFS-153915,UK Research & Innovation,Unknown,91,52781693.74,71545.0,50.84871606902518
ID:GB-CFS-153933,Bath and North East Somerset Council,Open,1,80000.0,80000.0,100.0
ID:GB-CFS-154034,DHSC,Open,1,1067934.63,1067934.63,100.0
ID:GB-CFS-154056,The Crypt School,Open,1,0.0,0.0,
ID:GB-CFS-154229,Gower College Swansea,Open,1,262900.0,262900.0,100.0
ID:GB-CFS-154245,Offshore Renewable Energy Catapult,Direct,4,344251.61,71582.315,30.79319261540742
ID:GB-CFS-154245,Offshore Renewable Energy Catapult,Limited,2,534989.51,267494.755,47.85463466286312
ID:GB-CFS-154245,Offshore Renewable Energy Catapult,Open,1,205840.0,205840.0,18.41231989577468
ID:GB-CFS-154245,Offshore Renewable Energy Catapult,Unknown,1,32866.0,32866.0,2.939852825954773
ID:GB-CFS-154319,Procurement Hub,Selective,1,100000.0,100000.0,100.0
ID:GB-CFS-154368,Sandwell Metropolitan Borough Council,Open,1,0.0,0.0,
ID:GB-CFS-154541,Welland Procurement,Unknown,1,498000.0,498000.0,100.0
ID:GB-CFS-154765,Foreign Commonwealth and Development Office,Open,2,59655.0,29827.5,0.331129158348092
ID:GB-CFS-154765,Foreign Commonwealth and Development Office,Selective,2,17369812.29,8684906.145,96.41524305174828
ID:GB-CFS-154765,Foreign Commonwealth and Development Office,Unknown,11,586161.505,55176.675,3.253627789903628
ID:GB-CFS-154927,Suffolk County Council Passenger Transport,Unknown,906,67781109.9,42738.6,100.0
ID:GB-CFS-155197,British Business Bank PLC,Unknown,1,500000.0,500000.0,100.0
ID:GB-CFS-155285,Home Office,Open,1,1193889.0,1193889.0,75.22735233510966
ID:GB-CFS-155285,Home Office,Selective,4,393152.1,104954.55,24.77264766489034
ID:GB-CFS-155313,West Lancashire Borough Council,Direct,14,2327762.0,66666.0,55.58010700722965
ID:GB-CFS-155313,West Lancashire Borough Council,Open,15,1508982.12,58230.38,36.03005277240381
ID:GB-CFS-155313,West Lancashire Borough Council,Unknown,6,351376.64,48281.22,8.389840220366521
ID:GB-CFS-155359,Golding Homes,Open,2,2400000.0,1200000.0,100.0
ID:GB-CFS-156069,British Business Bank plc,Unknown,3,85000.0,30000.0,100.0
ID:GB-CFS-156189,Department of Health and Social Care (DHSC),Direct,3,175000.0,30000.0,1.8969827784315445
ID:GB-CFS-156189,Department of Health and Social Care (DHSC),Limited,1,1754680.0,1754680.0,19.020558523761498
ID:GB-CFS-156189,Department of Health and Social Care (DHSC),Selective,13,7295496.0,140514.0,79.08245869780696
ID:GB-CFS-156204,NHS England,Open,4,2153365782.0,583541511.5,100.0
ID:GB-CFS-156252,Department of Health and Social Care (DHSC),Direct,1,24696.0,24696.0,3.5204109997163258
ID:GB-CFS-156252,Department of Health and Social Care (DHSC),Selective,3,676813.0,214500.0,96.47958900028368
ID:GB-CFS-156459,Lancaster City Council,Direct,2,59991.52,29995.76,100.0
ID:GB-CFS-15648,Bradford College,Open,1,87000.0,87000.0,3.386970290255762
ID:GB-CFS-15648,Bradford College,Selective,1,2481667.35,2481667.35,96.61302970974424
ID:GB-CFS-156761,NHS England,Open,1,1241520444.0,1241520444.0,100.0
ID:GB-CFS-156924,Department for Education,Selective,5,50302906.0,6900000.0,100.0
ID:GB-CFS-156929,Gosport Borough Council,Open,3,198557.5,65407.5,23.111448144373878
ID:GB-CFS-156929,Gosport Borough Council,Selective,1,660573.0,660573.0,76.88855185562612
ID:GB-CFS-157139,Sanctuary Housing Association,Direct,1,200000.0,200000.0,0.6325110689437065
ID:GB-CFS-157139,Sanctuary Housing Association,Unknown,2,31420000.0,15710000.0,99.36748893105629
ID:GB-CFS-157644,University of Bristol,Selective,2,242591.96,121295.98,100.0
ID:GB-CFS-157943,Housing 21,Selective,2,2555000.0,1277500.0,100.0
ID:GB-CFS-158035,Warrington Borough Council,Direct,4,493997.0,131248.5,26.657395880382037
ID:GB-CFS-158035,Warrington Borough Council,Open,2,85000.0,42500.0,4.586826741523679
ID:GB-CFS-158035,Warrington Borough Council,Selective,2,650000.0,325000.0,35.07573390576931
ID:GB-CFS-158035,Warrington Borough Council,Unknown,2,624136.0,312068.0,33.680043472324975
ID:GB-CFS-158216,Construction Industry Training Board,Unknown,3,192322.14,65850.0,100.0
ID:GB-CFS-158441,City College Plymouth,Open,1,174169.6,174169.6,100.0
ID:GB-CFS-158745,Buckinghamshire Council,Selective,7,57089.54,7780.43,100.0
ID:GB-CFS-1591,Runshaw College,Open,1,97310.0,97310.0,100.0
ID:GB-CFS-159458,Department of Health and Social Care (DHSC),Limited,1,786363.0,786363.0,100.0
ID:GB-CFS-159561,London Borough of Enfield,Direct,11,3609774.75,20000.0,25.169783783532463
ID:GB-CFS-159561,London Borough of Enfield,Open,3,62834.52,3580.0,0.4381246454621708
ID:GB-CFS-159561,London Borough of Enfield,Unknown,15,10669090.21,315000.0,74.39209157100537
ID:GB-CFS-159649,Wigan Council,Open,1,87000.0,87000.0,100.0
ID:GB-CFS-16,Sandwell Metropolitan Borough Council,Open,35,69151259.57000001,194250.0,94.21743799591678
ID:GB-CFS-16,Sandwell Metropolitan Borough Council,Selective,15,4243164.15,32250.0,5.781240395258962
ID:GB-CFS-16,Sandwell Metropolitan Borough Council,Unknown,1,970.0,970.0,0.0013216088242547
ID:GB-CFS-160001,Chesterfield Borough Council,Direct,4,893740.71,87438.555,64.12532141649217
ID:GB-CFS-160001,Chesterfield Borough Council,Selective,1,500000.0,500000.0,35.87467858350784
ID:GB-CFS-160011,Department of Health and Social Care (DHSC),Limited,1,17750.0,17750.0,0.0985139653952352
ID:GB-CFS-160011,Department of Health and Social Care (DHSC),Selective,1,18000000.0,18000000.0,99.90148603460476
ID:GB-CFS-160164,Guy's and St Thomas' NHS Foundation Trust,Limited,1,34000.0,34000.0,42.15303834141184
ID:GB-CFS-160164,Guy's and St Thomas' NHS Foundation Trust,Selective,1,46658.48,46658.48,57.84696165858816
ID:GB-CFS-160478,The Royal Parks Ltd,Open,3,35000000.0,4400000.0,75.11049768200742
ID:GB-CFS-160478,The Royal Parks Ltd,Unknown,19,11598013.7,160503.0,24.889502317992577
ID:GB-CFS-160551,University of West London,Unknown,1,150000.0,150000.0,100.0
ID:GB-CFS-160671,Homes England (the name adopted by the Homes and Communities Agency),Open,2,66041.0,33020.5,16.061425510186957
ID:GB-CFS-160671,Homes England (the name adopted by the Homes and Communities Agency),Unknown,7,345136.7,51207.5,83.93857448981305
ID:GB-CFS-161166,West Lancashire Borough Council,Open,3,202375.93,40709.12,100.0
ID:GB-CFS-161309,DVSA - Driver and Vehicle Standards Agency,Direct,3,26034995.0,20000.0,15.997543788454236
ID:GB-CFS-161309,DVSA - Driver and Vehicle Standards Agency,Open,2,5115000.0,2557500.0,3.1429787667692435
ID:GB-CFS-161309,DVSA - Driver and Vehicle Standards Agency,Selective,19,131593707.06,299925.0,80.85947744477652
ID:GB-CFS-161406,DVSA - Driver and Vehicle Standards Agency,Selective,3,3599488.3,1500000.0,100.0
ID:GB-CFS-161601,NHS England,Selective,1,3569757.0,3569757.0,100.0
ID:GB-CFS-161771,Brunelcare,Open,2,0.0,0.0,
ID:GB-CFS-161794,Warwickshire County Council (WCC),Open,4,858330.0,200000.0,100.0
ID:GB-CFS-161794,Warwickshire County Council (WCC),Selective,1,0.0,0.0,0.0
ID:GB-CFS-161922,BHCC City Regeneration and Development,Open,1,0.0,0.0,
ID:GB-CFS-161938,UK Research & Innovation,Unknown,4,230250.73,49543.09,100.0
ID:GB-CFS-161959,University of Plymouth,Limited,1,559430.0,559430.0,15.53889965330363
ID:GB-CFS-161959,University of Plymouth,Open,6,3040760.57,415089.23,84.46110034669637
ID:GB-CFS-162042,LiveWest Homes Limited,Open,3,3239616.04,1013602.0,80.78069351183635
ID:GB-CFS-162042,LiveWest Homes Limited,Unknown,2,770768.0,385384.0,19.219306488163664
ID:GB-CFS-162065,Tandridge District Council,Selective,2,54958.6,27479.3,100.0
ID:GB-CFS-162073,Rother District Council,Selective,1,470079.86,470079.86,82.2875504717724
ID:GB-CFS-162073,Rother District Council,Unknown,1,101185.0,101185.0,17.712449528227587
ID:GB-CFS-162112,Coventry City Council (COV),Open,13,9775927.7,165000.0,36.6272822582092
ID:GB-CFS-162112,Coventry City Council (COV),Selective,10,16862227.880000003,50162.2,63.177388276204695
ID:GB-CFS-162112,Coventry City Council (COV),Unknown,1,52134.0,52134.0,0.1953294655861129
ID:GB-CFS-162201,DfTc - Department for Transport,Selective,1,4000000.0,4000000.0,100.0
ID:GB-CFS-162230,Department of Health and Social Care (DHSC),Direct,3,129730.0,41600.0,0.2418865041289186
ID:GB-CFS-162230,Department of Health and Social Care (DHSC),Limited,1,2365710.0,2365710.0,4.410955998480106
ID:GB-CFS-162230,Department of Health and Social Care (DHSC),Selective,15,51082143.23,82802.38,95.24459299558627
ID:GB-CFS-162230,Department of Health and Social Care (DHSC),Unknown,2,55008.0,27504.0,0.1025645018046986
ID:GB-CFS-162234,Mid Sussex District Council,Open,3,908732.37,366111.13,100.0
ID:GB-CFS-162314,Crawley Borough Council,Open,1,542787.0,542787.0,35.18223837768921
ID:GB-CFS-162314,Crawley Borough Council,Selective,1,1000000.0,1000000.0,64.81776162231078
ID:GB-CFS-162314,Crawley Borough Council,Unknown,2,0.0,0.0,0.0
ID:GB-CFS-162316,Solihull MBC (SOL),Open,2,0.0,0.0,
ID:GB-CFS-162422,University of Brighton,Open,1,470000.0,470000.0,100.0
ID:GB-CFS-162422,University of Brighton,Unknown,5,0.0,0.0,0.0
ID:GB-CFS-162431,West Oxfordshire District Council,Open,10,662397.17,42475.0,100.0
ID:GB-CFS-162435,Countess of Chester Hospital NHS Foundation Trust,Open,1,0.0,0.0,
ID:GB-CFS-162516,Welwyn Hatfield Borough Council,Open,14,0.0,0.0,
ID:GB-CFS-162516,Welwyn Hatfield Borough Council,Selective,4,0.0,0.0,
ID:GB-CFS-162553,Forest of Dean District Council,Open,3,90441.0,30988.0,100.0
ID:GB-CFS-162854,Longhurst Group,Direct,1,64050.29,64050.29,100.0
ID:GB-CFS-162895,Guildford Borough Council,Unknown,1,10160000.0,10160000.0,100.0
ID:GB-CFS-163007,Department for Education,Open,1,23600000.0,23600000.0,100.0
ID:GB-CFS-163180,Waverley Borough Council,Open,2,37021.0,18510.5,23.124516222203237
ID:GB-CFS-163180,Waverley Borough Council,Unknown,2,123073.16,61536.58,76.87548377779677
ID:GB-CFS-163473,DfTc - Department for Transport,Direct,4,294541.81,54837.405,0.7596960203718899
ID:GB-CFS-163473,DfTc - Department for Transport,Limited,1,24370.0,24370.0,0.0628562444715843
ID:GB-CFS-163473,DfTc - Department for Transport,Open,2,612682.97,306341.485,1.5802605886703485
ID:GB-CFS-163473,DfTc - Department for Transport,Selective,44,37551473.36,191402.5,96.85451743062568
ID:GB-CFS-163473,DfTc - Department for Transport,Unknown,1,287940.54,287940.54,0.742669715860485
ID:GB-CFS-163480,Jisc,Limited,7,40050895.69,1700000.0,100.0
ID:GB-CFS-163480,Jisc,Open,1,0.0,0.0,0.0
ID:GB-CFS-163489,Department for Work and Pensions,Selective,1,148490.0,148490.0,100.0
ID:GB-CFS-163520,Cheltenham Borough Council,Open,8,19624323.55,54862.7,100.0
ID:GB-CFS-163647,Runnymede Borough Council,Open,2,45600.0,22800.0,0.525951002024029
ID:GB-CFS-163647,Runnymede Borough Council,Unknown,11,8624409.15,68680.32,99.47404899797596
ID:GB-CFS-163659,Stevenage Borough Council,Open,2,628156.6799999999,314078.34,40.83992280631254
ID:GB-CFS-163659,Stevenage Borough Council,Unknown,15,909938.0,71995.0,59.16007719368746
ID:GB-CFS-163703,The Harmony Trust Ltd,Direct,2,499488.36,249744.18,38.499578722320045
ID:GB-CFS-163703,The Harmony Trust Ltd,Open,2,797898.2,398949.1,61.50042127767995
ID:GB-CFS-163707,Suffolk County Council Workforce Development,Selective,1,24000.0,24000.0,100.0
ID:GB-CFS-163767,BHCC ASC,Open,1,450000000.0,450000000.0,100.0
ID:GB-CFS-163785,Hastings Borough Council,Open,9,4051041.06,277580.0,93.5359776638257
ID:GB-CFS-163785,Hastings Borough Council,Selective,1,79958.0,79958.0,1.8461796835118167
ID:GB-CFS-163785,Hastings Borough Council,Unknown,1,199998.66,199998.66,4.617842652662492
ID:GB-CFS-164039,Wealden District Council,Open,2,261075.0,130537.5,6.012839929972059
ID:GB-CFS-164039,Wealden District Council,Selective,2,3975273.0,1987636.5,91.55484143230802
ID:GB-CFS-164039,Wealden District Council,Unknown,2,105610.26,52805.130000000005,2.432318637719931
ID:GB-CFS-164057,Warrington Borough Council,Open,1,180000.0,180000.0,100.0
ID:GB-CFS-16434,English Heritage-National Collections: Historic Properties,Open,4,5572942.0,452500.0,99.49471938733608
ID:GB-CFS-16434,English Heritage-National Collections: Historic Properties,Selective,1,28302.0,28302.0,0.5052806126639011
ID:GB-CFS-164356,Homes England (the name adopted by the Homes and Communities Agency),Direct,1,200000.0,200000.0,47.398306932476366
ID:GB-CFS-164356,Homes England (the name adopted by the Homes and Communities Agency),Open,1,30000.0,30000.0,7.109746039871457
ID:GB-CFS-164356,Homes England (the name adopted by the Homes and Communities Agency),Unknown,2,191956.0,95978.0,45.491947027652174
ID:GB-CFS-164415,MCA - Maritime and Coastguard Agency,Direct,3,72675.0,26400.0,3.0796179573639684
ID:GB-CFS-164415,MCA - Maritime and Coastguard Agency,Limited,5,208891.0,54000.0,8.85179875791836
ID:GB-CFS-164415,MCA - Maritime and Coastguard Agency,Open,3,149923.0,64500.0,6.35301772303926
ID:GB-CFS-164415,MCA - Maritime and Coastguard Agency,Selective,10,1928381.64,90916.5,81.71556556167843
ID:GB-CFS-164491,Mole Valley District Council,Open,6,541491.12,62619.0,52.703196125084574
ID:GB-CFS-164491,Mole Valley District Council,Unknown,1,485943.95,485943.95,47.29680387491542
ID:GB-CFS-164746,Ministry of Defence,Direct,1,95800.0,95800.0,0.9676425082448924
ID:GB-CFS-164746,Ministry of Defence,Open,3,255809.0,95999.0,2.583837812021061
ID:GB-CFS-164746,Ministry of Defence,Selective,3,9548741.51,805912.55,96.44851967973403
ID:GB-CFS-164822,HBC - PARKS,Open,1,325000.0,325000.0,77.30390799322171
ID:GB-CFS-164822,HBC - PARKS,Selective,3,95418.59,18418.59,22.696092006778294
ID:GB-CFS-164858,Department of Health and Social Care,Direct,2,135500.0,67750.0,0.931018137070196
ID:GB-CFS-164858,Department of Health and Social Care,Limited,1,8308000.0,8308000.0,57.084123120141605
ID:GB-CFS-164858,Department of Health and Social Care,Open,2,366674.0,183337.0,2.5194106597201253
ID:GB-CFS-164858,Department of Health and Social Care,Selective,17,2643785.22,82000.0,18.165402142716736
ID:GB-CFS-164858,Department of Health and Social Care,Unknown,1,3100000.0,3100000.0,21.300045940351342
ID:GB-CFS-164892,East Hampshire District Council,Open,1,112000.0,112000.0,100.0
ID:GB-CFS-164903,Solihull College,Open,4,800000.0,100000.0,82.81573498964804
ID:GB-CFS-164903,Solihull College,Unknown,1,166000.0,166000.0,17.184265010351968
ID:GB-CFS-165817,Science Museum Group,Open,24,2852820.02,35327.5,92.96146406135608
ID:GB-CFS-165817,Science Museum Group,Selective,1,216000.0,216000.0,7.038535938643935
ID:GB-CFS-165895,East Staffordshire Borough Council,Open,2,991793.0,495896.5,100.0
ID:GB-CFS-166107,Department for Work and Pensions,Selective,1,1356000002.0,1356000002.0,100.0
ID:GB-CFS-166459,DfTc - Department for Transport,Direct,1,90000.0,90000.0,9.414225941422592
ID:GB-CFS-166459,DfTc - Department for Transport,Selective,2,866000.0,433000.0,90.5857740585774
ID:GB-CFS-166601,TEC Partnership,Open,9,580027.8,43000.0,100.0
ID:GB-CFS-166841,Chesterfield Borough Council,Direct,5,835496.38,165375.0,8.7345905395333
ID:GB-CFS-166841,Chesterfield Borough Council,Open,2,8394879.08,4197439.54,87.76319460856793
ID:GB-CFS-166841,Chesterfield Borough Council,Unknown,1,335000.0,335000.0,3.502214851898767
ID:GB-CFS-167,Waste & Resources Action Programme,Selective,1,4000000.0,4000000.0,100.0
ID:GB-CFS-167083,MCA - Maritime and Coastguard Agency,Direct,1,29925.0,29925.0,3.9390237802518335
ID:GB-CFS-167083,MCA - Maritime and Coastguard Agency,Open,2,472408.0,236204.0,62.18300237197021
ID:GB-CFS-167083,MCA - Maritime and Coastguard Agency,Selective,2,257373.0,128686.5,33.87797384777795
ID:GB-CFS-167115,Basingstoke & Deane Borough Council,Open,1,75000.0,75000.0,100.0
ID:GB-CFS-167255,Ministry of Defence,Selective,6,3384018.05,402321.015,100.0
ID:GB-CFS-167265,Ministry of Defence,Selective,1,229101.0,229101.0,100.0
ID:GB-CFS-167286,DfTc - Department for Transport,Direct,8,878873.0,67262.0,6.197603838536763
ID:GB-CFS-167286,DfTc - Department for Transport,Open,4,192083.55,26650.0,1.35452761297681
ID:GB-CFS-167286,DfTc - Department for Transport,Selective,29,13109895.0,200000.0,92.44786854848644
ID:GB-CFS-167340,King's College Hospital NHS Foundation Trust,Selective,5,4167198.35,389740.0,100.0
ID:GB-CFS-167578,Bristol City Council,Direct,1,1000000.0,1000000.0,81.9672131147541
ID:GB-CFS-167578,Bristol City Council,Open,1,220000.0,220000.0,18.0327868852459
ID:GB-CFS-167596,Department for International Trade,Selective,1,90000.0,90000.0,100.0
ID:GB-CFS-167648,The Police and Crime Commissioner for Derbyshire,Open,1,229003.0,229003.0,100.0
ID:GB-CFS-167657,Elmbridge Borough Council,Selective,1,0.0,0.0,
ID:GB-CFS-167801,Commercial Services Kent Limited,Open,1,120000000.0,120000000.0,100.0
ID:GB-CFS-167880,East Suffolk Council,Open,14,24494239.7,824291.3,97.28912777984856
ID:GB-CFS-167880,East Suffolk Council,Selective,6,682509.5,44752.0,2.7108722201514404
ID:GB-CFS-168097,"Forestry Commission, acting through Forestry England (hereinafter referred to as Forestry England)",Open,3,1953268.0,500000.0,100.0
ID:GB-CFS-168105,East Herts District Council,Selective,1,12451338.0,12451338.0,99.76723480071291
ID:GB-CFS-168105,East Herts District Council,Unknown,1,29050.0,29050.0,0.2327651992870734
ID:GB-CFS-168116,Cotswold District Council,Open,3,241675.59,72645.59,100.0
ID:GB-CFS-168339,London Borough of Enfield,Direct,49,448219.76,7100.0,97.8176410375668
ID:GB-CFS-168339,London Borough of Enfield,Open,1,10000.0,10000.0,2.182358962433222
ID:GB-CFS-168343,Connexus Homes Limited,Open,8,1578618.0,125000.0,100.0
ID:GB-CFS-168513,Hertsmere Borough Council,Open,7,0.0,0.0,0.0
ID:GB-CFS-168513,Hertsmere Borough Council,Selective,2,303115.31,151557.655,100.0
ID:GB-CFS-168528,Pension Protection Fund,Selective,2,191801.88,95900.94,100.0
ID:GB-CFS-168541,Ministry of Defence,Selective,1,1920000.0,1920000.0,100.0
ID:GB-CFS-168564,Homes England (the name adopted by the Homes and Communities Agency),Direct,38,8923988.33,40000.0,28.77000792490957
ID:GB-CFS-168564,Homes England (the name adopted by the Homes and Communities Agency),Open,27,7476864.25,60000.0,24.10463077398187
ID:GB-CFS-168564,Homes England (the name adopted by the Homes and Communities Agency),Selective,1,1000000.0,1000000.0,3.22389573596737
ID:GB-CFS-168564,Homes England (the name adopted by the Homes and Communities Agency),Unknown,62,13617520.28,66000.0,43.9014655651412
ID:GB-CFS-168568,Ministry of Defence,Limited,1,2496690.14,2496690.14,96.18528137555504
ID:GB-CFS-168568,Ministry of Defence,Selective,2,99019.0,49509.5,3.814718624444956
ID:GB-CFS-168619,Guy's and St Thomas' NHS Foundation Trust,Selective,2,10972675.0,5486337.5,100.0
ID:GB-CFS-168626,Foreign Commonwealth and Development Office,Selective,3,15710247.0,3899858.0,100.0
ID:GB-CFS-168661,London Ambulance Service NHS Trust,Direct,2,172346.0,86173.0,0.4611157124163645
ID:GB-CFS-168661,London Ambulance Service NHS Trust,Open,4,20715000.0,1430000.0,55.423462004949286
ID:GB-CFS-168661,London Ambulance Service NHS Trust,Selective,30,16488522.0,200000.0,44.11542228263435
ID:GB-CFS-168735,DfTc - Department for Transport,Direct,3,234310.0,50000.0,1.0492456629643674
ID:GB-CFS-168735,DfTc - Department for Transport,Selective,19,20430294.25,360000.0,91.48733573000878
ID:GB-CFS-168735,DfTc - Department for Transport,Unknown,4,1666677.0,470488.5,7.463418607026859
ID:GB-CFS-168937,Department for Education,Selective,3,4692961.859999999,332190.0,100.0
ID:GB-CFS-169116,NHS Blood and Transplant,Limited,2,36040000.0,18020000.0,89.76220239184887
ID:GB-CFS-169116,NHS Blood and Transplant,Selective,3,4110530.0,162530.0,10.237797608151125
ID:GB-CFS-169425,BHCC Housing,Open,1,0.0,0.0,
ID:GB-CFS-169425,BHCC Housing,Selective,1,0.0,0.0,
ID:GB-CFS-169554,Intellectual Property Office,Direct,1,10260.0,10260.0,0.0197268769661985
ID:GB-CFS-169554,Intellectual Property Office,Selective,1,52000000.0,52000000.0,99.9802731230338
ID:GB-CFS-169717,Ministry of Defence,Direct,2,187707.0,93853.5,0.3106093702142478
ID:GB-CFS-169717,Ministry of Defence,Open,2,50000001.0,25000000.5,82.73782448881374
ID:GB-CFS-169717,Ministry of Defence,Selective,4,10244145.64,415179.485,16.95156614097201
ID:GB-CFS-169732,PROSPER,Direct,1,10885.0,10885.0,100.0
ID:GB-CFS-169892,Intellectual Property Office,Direct,10,592864.85,44968.3,24.28030828392079
ID:GB-CFS-169892,Intellectual Property Office,Selective,14,1439308.45,48672.18,58.94573254199873
ID:GB-CFS-169892,Intellectual Property Office,Unknown,2,409578.44,204789.22,16.773959174080492
ID:GB-CFS-170074,Ministry of Defence,Selective,2,1061000.0,530500.0,100.0
ID:GB-CFS-170514,Greater Manchester Combined Authority,Direct,40,9565849.17,87298.0,19.58103291802439
ID:GB-CFS-170514,Greater Manchester Combined Authority,Limited,1,49950.0,49950.0,0.1022462906192068
ID:GB-CFS-170514,Greater Manchester Combined Authority,Open,3,11033987.78,3223142.78,22.58627269755068
ID:GB-CFS-170514,Greater Manchester Combined Authority,Selective,7,9280898.54,140000.0,18.99774673329754
ID:GB-CFS-170514,Greater Manchester Combined Authority,Unknown,25,18921942.51,90000.0,38.73270136050818
ID:GB-CFS-170535,Department of Health & Social Care,Selective,1,500000.0,500000.0,100.0
ID:GB-CFS-170554,Milton Keynes Council,Selective,2,1547803.3,773901.65,95.0876233837304
ID:GB-CFS-170554,Milton Keynes Council,Unknown,1,79961.96,79961.96,4.912376616269596
ID:GB-CFS-170575,Homes England (the name adopted by the Homes and Communities Agency),Direct,6,506001.0,78778.0,4.676022659798383
ID:GB-CFS-170575,Homes England (the name adopted by the Homes and Communities Agency),Open,11,1942799.72,86316.0,17.953671068179613
ID:GB-CFS-170575,Homes England (the name adopted by the Homes and Communities Agency),Unknown,58,8372382.94,45000.0,77.370306272022
ID:GB-CFS-170601,Parliamentary and Health Service Ombudsman,Direct,18,1161467.59,36569.165,17.00171537090924
ID:GB-CFS-170601,Parliamentary and Health Service Ombudsman,Open,2,204141.89,102070.945,2.98825584023353
ID:GB-CFS-170601,Parliamentary and Health Service Ombudsman,Unknown,13,5465863.49,79848.69,80.01002878885723
ID:GB-CFS-170620,Peterborough City Council,Direct,15,6039522.5200000005,200000.0,16.024548390542108
ID:GB-CFS-170620,Peterborough City Council,Open,13,29796372.67,169125.0,79.0581398002704
ID:GB-CFS-170620,Peterborough City Council,Unknown,3,1853295.0,53200.0,4.917311809187481
ID:GB-CFS-170678,New Forest District Council,Open,1,643700.0,643700.0,100.0
ID:GB-CFS-170793,Warrington Borough Council,Open,2,742500.0,371250.0,62.3687526249475
ID:GB-CFS-170793,Warrington Borough Council,Selective,1,108000.0,108000.0,9.071818563628728
ID:GB-CFS-170793,Warrington Borough Council,Unknown,1,340000.0,340000.0,28.55942881142377
ID:GB-CFS-170907,East Devon District Council,Limited,1,86614.96,86614.96,4.549708714765028
ID:GB-CFS-170907,East Devon District Council,Open,6,1177795.41,132639.53,61.86721140421063
ID:GB-CFS-170907,East Devon District Council,Selective,1,161488.0,161488.0,8.482638113900585
ID:GB-CFS-170907,East Devon District Council,Unknown,4,477849.0,127939.5,25.100441767123755
ID:GB-CFS-170943,Foreign Commonwealth and Development Office,Selective,1,875435.6,875435.6,100.0
ID:GB-CFS-171067,Homes England (the name adopted by the Homes and Communities Agency),Open,2,111800.0,55900.0,70.6142428548871
ID:GB-CFS-171067,Homes England (the name adopted by the Homes and Communities Agency),Unknown,1,46525.0,46525.0,29.3857571451129
ID:GB-CFS-171315,Intellectual Property Office,Direct,1,11830.0,11830.0,0.002334543061085
ID:GB-CFS-171315,Intellectual Property Office,Selective,10,506725449.65,51837.98,99.9976654569389
ID:GB-CFS-171327,Department for Education,Selective,5,69900663.86,449996.0,100.0
ID:GB-CFS-171371,Suffolk County Council (Directorates),Open,1,358550.0,358550.0,49.485887792422886
ID:GB-CFS-171371,Suffolk County Council (Directorates),Unknown,4,366000.0,90000.0,50.51411220757712
ID:GB-CFS-171421,Buckinghamshire New University,Selective,1,855748.0,855748.0,100.0
ID:GB-CFS-171478,Ministry of Defence,Limited,1,1055642.0,1055642.0,3.4103175515029096
ID:GB-CFS-171478,Ministry of Defence,Open,1,58140.0,58140.0,0.1878249088652963
ID:GB-CFS-171478,Ministry of Defence,Selective,6,29840578.82,426130.41,96.4018575396318
ID:GB-CFS-171504,The Northern School of Art,Direct,1,152650.0,152650.0,27.094487289765684
ID:GB-CFS-171504,The Northern School of Art,Open,4,410748.74,113908.69,72.90551271023432
ID:GB-CFS-171860,Nottinghamshire County Council,Direct,1,267000.0,267000.0,64.03138737070816
ID:GB-CFS-171860,Nottinghamshire County Council,Open,2,149983.0,74991.5,35.96861262929184
ID:GB-CFS-171889,Leidos Supply,Open,4,20606424.0,3200000.0,100.0
ID:GB-CFS-1719,Lancaster University,Open,1,0.0,0.0,
ID:GB-CFS-1719,Lancaster University,Selective,1,0.0,0.0,
ID:GB-CFS-171998,Oxfordshire County Council,Direct,4,790020.0,174980.0,0.6896458342857007
ID:GB-CFS-171998,Oxfordshire County Council,Open,2,95090000.0,47545000.0,83.00855976080008
ID:GB-CFS-171998,Oxfordshire County Council,Selective,2,5748300.0,2874150.0,5.017963025270871
ID:GB-CFS-171998,Oxfordshire County Council,Unknown,2,12926131.1,6463065.55,11.283831379643352
ID:GB-CFS-172126,DVSA - Driver and Vehicle Standards Agency,Limited,2,52150.0,26075.0,0.3492624945037535
ID:GB-CFS-172126,DVSA - Driver and Vehicle Standards Agency,Open,1,7946712.96,7946712.96,53.22126158226092
ID:GB-CFS-172126,DVSA - Driver and Vehicle Standards Agency,Selective,25,6932600.0,100000.0,46.42947592323532
ID:GB-CFS-172130,Parliamentary and Health Service Ombudsman,Direct,1,15591.74,15591.74,100.0
ID:GB-CFS-172132,Ministry of Defence,Direct,4,1436669.0,231192.0,0.8006284924052282
ID:GB-CFS-172132,Ministry of Defence,Limited,2,35683.32,17841.66,0.0198856401130763
ID:GB-CFS-172132,Ministry of Defence,Open,1,100000.0,100000.0,0.0557281108178173
ID:GB-CFS-172132,Ministry of Defence,Selective,36,177829666.75,166787.5,99.10111375339528
ID:GB-CFS-172132,Ministry of Defence,Unknown,1,40633.0,40633.0,0.0226440032686037
ID:GB-CFS-172280,Department for Work and Pensions,Selective,1,2016749.36,2016749.36,100.0
ID:GB-CFS-172295,New College Swindon,Open,5,861903.28,41741.28,100.0
ID:GB-CFS-172305,London Borough of Enfield,Direct,2,3656982.88,1828491.44,92.70969337340966
ID:GB-CFS-172305,London Borough of Enfield,Unknown,1,287570.0,287570.0,7.290306626590337
ID:GB-CFS-172434,DfTc - Department for Transport,Direct,1,200000.0,200000.0,0.572737686139748
ID:GB-CFS-172434,DfTc - Department for Transport,Open,1,240000.0,240000.0,0.6872852233676976
ID:GB-CFS-172434,DfTc - Department for Transport,Selective,7,34480000.0,1000000.0,98.73997709049256
ID:GB-CFS-172478,Leeds College of Building,Direct,3,105491.4,45000.0,6.087573332385403
ID:GB-CFS-172478,Leeds College of Building,Limited,2,295764.0,147882.0,17.067600193756423
ID:GB-CFS-172478,Leeds College of Building,Open,6,1331642.0,90519.5,76.84482647385818
ID:GB-CFS-172544,Humankind Charity,Direct,2,469800.0,234900.0,69.45419763252549
ID:GB-CFS-172544,Humankind Charity,Open,1,206617.0,206617.0,30.5458023674745
ID:GB-CFS-172674,Department for International Trade,Direct,3,232169.5,75000.0,5.855522848004527
ID:GB-CFS-172674,Department for International Trade,Limited,1,29667.0,29667.0,0.7482283259935103
ID:GB-CFS-172674,Department for International Trade,Selective,5,3231572.67,118800.0,81.50315870160375
ID:GB-CFS-172674,Department for International Trade,Unknown,9,471557.0,39117.0,11.893090124398212
ID:GB-CFS-172765,University of Kent,Open,2,1590450.0,795225.0,95.26790260265356
ID:GB-CFS-172765,University of Kent,Unknown,1,79000.0,79000.0,4.732097397346431
ID:GB-CFS-172856,UK Research & Innovation,Unknown,1,300000.0,300000.0,100.0
ID:GB-CFS-172947,DfTc - Department for Transport,Selective,1,500000.0,500000.0,100.0
ID:GB-CFS-172980,NHS Blood and Transplant,Open,1,5200000.0,5200000.0,29.36140305750182
ID:GB-CFS-172980,NHS Blood and Transplant,Selective,6,4640325.32,173776.975,26.201242699702146
ID:GB-CFS-172980,NHS Blood and Transplant,Unknown,1,7870000.0,7870000.0,44.43735424279603
ID:GB-CFS-173032,South London and Maudsley NHS Foundation Trust,Open,1,56984.0,56984.0,100.0
ID:GB-CFS-173293,Sefton Council,Direct,10,29603021.55,205800.0,95.34988957123213
ID:GB-CFS-173293,Sefton Council,Open,8,1072840.63,55470.0,3.455567379338379
ID:GB-CFS-173293,Sefton Council,Unknown,2,370866.54,185433.27,1.1945430494295246
ID:GB-CFS-173361,Pension Protection Fund,Selective,1,1443296.0,1443296.0,100.0
ID:GB-CFS-173419,Horsham District Council,Open,4,2922923.32,581808.0,100.0
ID:GB-CFS-173598,Ministry of Defence,Selective,1,4500000.0,4500000.0,100.0
ID:GB-CFS-173771,West Lancashire Borough Council,Direct,5,7098329.0,880000.0,91.19096945491415
ID:GB-CFS-173771,West Lancashire Borough Council,Open,2,370647.25,185323.625,4.761639260915905
ID:GB-CFS-173771,West Lancashire Borough Council,Unknown,2,315050.0,157525.0,4.047391284169937
ID:GB-CFS-173841,Redditch Borough Council,Direct,1,49999.99,49999.99,1.134146670449001
ID:GB-CFS-173841,Redditch Borough Council,Unknown,1,4358600.0,4358600.0,98.865853329551
ID:GB-CFS-173991,DHSC,Selective,2,3277089.45,1638544.725,100.0
ID:GB-CFS-173995,Ministry of Defence,Selective,2,59135.130000000005,29567.565,100.0
ID:GB-CFS-1740,Shropshire Council,Open,13,31956729.0,400000.0,95.0068916776682
ID:GB-CFS-1740,Shropshire Council,Selective,3,1494493.0,469128.0,4.443106006376103
ID:GB-CFS-1740,Shropshire Council,Unknown,1,185000.0,185000.0,0.550002315955698
ID:GB-CFS-174007,Derby College,Open,5,1395131.0,213620.0,55.10673872144842
ID:GB-CFS-174007,Derby College,Unknown,4,1136557.56,308153.78,44.89326127855158
ID:GB-CFS-174277,UK Research & Innovation,Open,1,164722.0,164722.0,42.32279216040945
ID:GB-CFS-174277,UK Research & Innovation,Unknown,4,224482.0,55826.5,57.67720783959055
ID:GB-CFS-174539,UK Research & Innovation,Unknown,11,1628494.45,89641.44,100.0
ID:GB-CFS-174743,Torus62Ltd,Open,1,1.0,1.0,0.0017543551867511
ID:GB-CFS-174743,Torus62Ltd,Unknown,1,57000.0,57000.0,99.99824564481324
ID:GB-CFS-174779,NHS Digital,Selective,3,103750000.0,42600000.0,100.0
ID:GB-CFS-174866,NHS Digital,Selective,1,600000.0,600000.0,100.0
ID:GB-CFS-174882,Ministry of Defence,Limited,1,946713.0,946713.0,100.0
ID:GB-CFS-174916,Co-op Academies Trust,Open,1,83700.0,83700.0,100.0
ID:GB-CFS-174939,UK Research and Innovation,Unknown,1,49941.8,49941.8,100.0
ID:GB-CFS-175244,Orbit Group Limited,Selective,1,27030.0,27030.0,100.0
ID:GB-CFS-175414,DfTc - Department for Transport,Direct,2,36233.2,18116.6,6.866419569405687
ID:GB-CFS-175414,DfTc - Department for Transport,Open,3,91453.75,30000.0,17.33106153184194
ID:GB-CFS-175414,DfTc - Department for Transport,Selective,2,400000.0,200000.0,75.80251889875238
ID:GB-CFS-175451,London Borough of Haringey - Parks and Leisure,Selective,14,54110.0,3680.0,100.0
ID:GB-CFS-175454,London Borough of Haringey,Selective,14,14780815.65,473555.465,100.0
ID:GB-CFS-175466,Summit Learning Trust,Selective,1,4591725.83,4591725.83,100.0
ID:GB-CFS-175488,Ministry of Defence,Direct,2,3634957.5,1817478.75,1.335684280190118
ID:GB-CFS-175488,Ministry of Defence,Limited,5,6318317.7,888203.0,2.3216991200411505
ID:GB-CFS-175488,Ministry of Defence,Selective,9,243992193.82,4730417.7,89.6562168263245
ID:GB-CFS-175488,Ministry of Defence,Unknown,2,18196500.0,9098250.0,6.68639977344425
ID:GB-CFS-175663,Torus62 Limited,Open,1,75000000.0,75000000.0,100.0
ID:GB-CFS-175766,The City of Liverpool College,Open,1,109817.92,109817.92,100.0
ID:GB-CFS-175824,NHS Digital,Selective,1,2304911.32,2304911.32,100.0
ID:GB-CFS-175862,NHS Digital,Selective,1,3000000.0,3000000.0,100.0
ID:GB-CFS-176008,Heathrow Airport Ltd,Unknown,1,1.0,1.0,100.0
ID:GB-CFS-176098,NHS Business Services Authority,Selective,1,2415000.0,2415000.0,100.0
ID:GB-CFS-176118,Ministry of Defence,Selective,1,1057386.32,1057386.32,100.0
ID:GB-CFS-176157,DHSC,Direct,1,471320.0,471320.0,2.2788299157008924
ID:GB-CFS-176157,DHSC,Selective,4,20186312.0,578900.0,97.6007206850376
ID:GB-CFS-176157,DHSC,Unknown,1,24912.0,24912.0,0.1204493992615221
ID:GB-CFS-176224,NPTC Group of Colleges,Open,3,154775.0,59000.0,100.0
ID:GB-CFS-176463,Torbay Council,Open,1,174165.0,174165.0,100.0
ID:GB-CFS-176466,Winstanley College,Selective,1,103577.7,103577.7,100.0
ID:GB-CFS-176488,Halton Borough Council,Selective,1,408337.6,408337.6,100.0
ID:GB-CFS-176671,PD Ports,Open,2,0.0,0.0,
ID:GB-CFS-176671,PD Ports,Selective,2,0.0,0.0,
ID:GB-CFS-176671,PD Ports,Unknown,1,0.0,0.0,
ID:GB-CFS-176712,Ministry of Defence,Selective,1,150000.0,150000.0,100.0
ID:GB-CFS-177110,DfTc - Department for Transport,Direct,1,600000.0,600000.0,23.07692307692308
ID:GB-CFS-177110,DfTc - Department for Transport,Selective,1,2000000.0,2000000.0,76.92307692307693
ID:GB-CFS-177267,Foreign Commonwealth and Development Office,Selective,1,1861561.2,1861561.2,100.0
ID:GB-CFS-177338,NHS Digital,Direct,1,44304.75,44304.75,100.0
ID:GB-CFS-177675,Care Quality Commission,Selective,1,45518.0,45518.0,100.0
ID:GB-CFS-177826,Sunderland City Council,Unknown,1,4000000.0,4000000.0,100.0
ID:GB-CFS-178013,London Borough Of Islington,Selective,36,1194394.0,13000.0,100.0
ID:GB-CFS-178137,Foreign Commonwealth and Development Office,Open,1,933249.97,933249.97,4.5518634292536335
ID:GB-CFS-178137,Foreign Commonwealth and Development Office,Selective,5,19569341.65,634823.66,95.44813657074636
ID:GB-CFS-178137,Foreign Commonwealth and Development Office,Unknown,1,0.0,0.0,0.0
ID:GB-CFS-178174,Department of Health and Social Care,Selective,1,8000000.0,8000000.0,100.0
ID:GB-CFS-178190,Monmouthshire County Council,Unknown,1,949760.0,949760.0,100.0
ID:GB-CFS-178351,NHS Blood and Transplant,Selective,4,5294410.23,1262205.115,100.0
ID:GB-CFS-178372,Dorset Council,Direct,2,9575000.0,4787500.0,2.9280262479885897
ID:GB-CFS-178372,Dorset Council,Selective,3,307728125.0,3094000.0,94.1029793466646
ID:GB-CFS-178372,Dorset Council,Unknown,3,9708970.83,3655205.83,2.968994405346795
ID:GB-CFS-178432,Ministry of Defence,Direct,1,3000000.0,3000000.0,19.28439055418076
ID:GB-CFS-178432,Ministry of Defence,Selective,8,12556623.33,428280.415,80.71560944581925
ID:GB-CFS-178556,NHS Business Services Authority,Selective,1,733930.0,733930.0,100.0
ID:GB-CFS-178652,The Trustees of the British Museum,Selective,1,28286352.0,28286352.0,100.0
ID:GB-CFS-178861,Shared Service (CSW),Open,1,0.0,0.0,
ID:GB-CFS-178952,Warrington Borough Council,Direct,1,3500000.0,3500000.0,36.84210526315789
ID:GB-CFS-178952,Warrington Borough Council,Open,1,6000000.0,6000000.0,63.1578947368421
ID:GB-CFS-179110,Ministry of Defence,Selective,1,75000.0,75000.0,100.0
ID:GB-CFS-179131,Low Carbon Contracts Company Ltd,Open,1,737000.0,737000.0,100.0
ID:GB-CFS-179231,Maidstone Grammar School for Girls,Selective,1,2010660.0,2010660.0,100.0
ID:GB-CFS-179243,Nottingham University Hospital NHS Trust,Limited,1,50000.0,50000.0,0.1890443100342004
ID:GB-CFS-179243,Nottingham University Hospital NHS Trust,Open,2,2150000.0,1075000.0,8.12890533147062
ID:GB-CFS-179243,Nottingham University Hospital NHS Trust,Selective,6,24248825.67,1283096.0,91.68205035849518
ID:GB-CFS-179409,London Ambulance Service NHS Trust,Selective,1,675000.0,675000.0,100.0
ID:GB-CFS-179428,Vanguard Learning Trust,Open,1,0.0,0.0,
ID:GB-CFS-179429,Chichester College Group,Open,1,196000.0,196000.0,100.0
ID:GB-CFS-179448,UK Research & Innovation,Unknown,10,3218530.1,115513.75,100.0
ID:GB-CFS-179627,University of Bath,Unknown,4,362908.75,95000.0,100.0
ID:GB-CFS-179733,DVLA - Driver & Vehicle Licensing Agency,Direct,3,340208.9,59600.0,1.6482796227239165
ID:GB-CFS-179733,DVLA - Driver & Vehicle Licensing Agency,Open,2,8991000.0,4495500.0,43.56053615267187
ID:GB-CFS-179733,DVLA - Driver & Vehicle Licensing Agency,Selective,8,11309032.92,446904.57,54.79118422460421
ID:GB-CFS-179942,Department for Education,Selective,5,2424266.74,193078.88,100.0
ID:GB-CFS-180084,Information Commissioner's Office,Unknown,1,75000.0,75000.0,100.0
ID:GB-CFS-180097,Stonewater Limited,Open,1,645000.0,645000.0,100.0
ID:GB-CFS-180364,UK Research & Innovation,Open,1,5000000.0,5000000.0,100.0
ID:GB-CFS-180372,NHS England,Open,1,6119952.0,6119952.0,100.0
ID:GB-CFS-180415,London Ambulance Service NHS Trust,Direct,7,407782.0,49000.0,5.474550029449224
ID:GB-CFS-180415,London Ambulance Service NHS Trust,Limited,2,91538.0,45769.0,1.2289148628328936
ID:GB-CFS-180415,London Ambulance Service NHS Trust,Selective,55,6949365.24,50000.0,93.29653510771789
ID:GB-CFS-180482,University Hospitals Sussex NHS Foundation Trust,Selective,1,176818.85,176818.85,100.0
ID:GB-CFS-180563,DVLA - Driver & Vehicle Licensing Agency,Selective,1,7154746.0,7154746.0,100.0
ID:GB-CFS-180583,Swindon Borough Council,Open,1,1155612.03,1155612.03,100.0
ID:GB-CFS-180687,DVLA - Driver & Vehicle Licensing Agency,Selective,1,69151.79,69151.79,100.0
ID:GB-CFS-180697,MCA - Maritime and Coastguard Agency,Direct,4,220669.89,44015.0,0.7514715203662097
ID:GB-CFS-180697,MCA - Maritime and Coastguard Agency,Limited,1,187260.0,187260.0,0.6376971362235981
ID:GB-CFS-180697,MCA - Maritime and Coastguard Agency,Open,1,56636.0,56636.0,0.1928688187929066
ID:GB-CFS-180697,MCA - Maritime and Coastguard Agency,Selective,36,20495971.11,150171.5,69.79719150362385
ID:GB-CFS-180697,MCA - Maritime and Coastguard Agency,Unknown,1,8404500.0,8404500.0,28.620771020993438
ID:GB-CFS-180785,NHS Business Services Authority,Selective,1,6245000.0,6245000.0,100.0
ID:GB-CFS-181125,Foreign Commonwealth and Development Office,Selective,9,100820575.0,3031583.0,99.38237806175374
ID:GB-CFS-181125,Foreign Commonwealth and Development Office,Unknown,1,626559.76,626559.76,0.6176219382462527
ID:GB-CFS-181344,NHS Business Services Authority,Selective,1,17740.0,17740.0,100.0
ID:GB-CFS-181412,Department for Education,Open,2,2325810.0,1162905.0,100.0
ID:GB-CFS-181412,Department for Education,Unknown,5,0.0,0.0,0.0
ID:GB-CFS-181427,Lewes District Council,Open,1,0.0,0.0,
ID:GB-CFS-181669,University of Bristol,Selective,1,176652.67,176652.67,100.0
ID:GB-CFS-182065,Ministry of Defence,Direct,1,125000000.0,125000000.0,58.02698951336246
ID:GB-CFS-182065,Ministry of Defence,Limited,9,76417000.0,4000000.0,35.473987661140946
ID:GB-CFS-182065,Ministry of Defence,Selective,2,14000000.0,7000000.0,6.499022825496595
ID:GB-CFS-182118,NHS Business Services Authority,Selective,1,2957037.0,2957037.0,100.0
ID:GB-CFS-182148,NHS Business Services Authority,Selective,1,33630.32,33630.32,100.0
ID:GB-CFS-182189,DfTc - Department for Transport,Direct,1,23940.0,23940.0,0.8500674834274126
ID:GB-CFS-182189,DfTc - Department for Transport,Selective,9,2792307.0,255500.0,99.1499325165726
ID:GB-CFS-182208,Ministry of Defence,Selective,1,839460.0,839460.0,100.0
ID:GB-CFS-182991,Ministry of Defence,Limited,1,23000.0,23000.0,0.0094367995180498
ID:GB-CFS-182991,Ministry of Defence,Selective,5,243703699.46,166666.0,99.99056320048196
ID:GB-CFS-183111,Ministry of Justice,Direct,8,1943257.06,50426.0,0.0285333704785944
ID:GB-CFS-183111,Ministry of Justice,Limited,12,1300741.84,22570.0,0.0190991452349225
ID:GB-CFS-183111,Ministry of Justice,Open,18,1186904487.0,18368832.0,17.427640504893905
ID:GB-CFS-183111,Ministry of Justice,Selective,117,5331046247.66,4500000.0,78.27719798584103
ID:GB-CFS-183111,Ministry of Justice,Unknown,11,289276750.9,24625907.6,4.247528993551563
ID:GB-CFS-183315,Hampshire County Council,Open,1,1051578.31,1051578.31,21.674973437664654
ID:GB-CFS-183315,Hampshire County Council,Selective,1,3800000.0,3800000.0,78.32502656233532
ID:GB-CFS-183575,NHS Blood and Transplant,Open,1,283248.0,283248.0,29.0012839494038
ID:GB-CFS-183575,NHS Blood and Transplant,Selective,1,320000.0,320000.0,32.76425910795209
ID:GB-CFS-183575,NHS Blood and Transplant,Unknown,1,373426.0,373426.0,38.23445694264412
ID:GB-CFS-183700,Norse Group,Selective,1,174000.0,174000.0,100.0
ID:GB-CFS-183919,Foreign Commonwealth and Development Office,Open,1,42812.26,42812.26,100.0
ID:GB-CFS-183950,Ministry of Justice,Selective,10,19039514.53,405858.285,100.0
ID:GB-CFS-184090,South Yorkshire Mayoral Combined Authority Group,Open,1,23295.0,23295.0,100.0
ID:GB-CFS-184157,Ministry of Defence,Direct,1,79166.67,79166.67,1.3552711284203556
ID:GB-CFS-184157,Ministry of Defence,Selective,3,5762223.17,1012927.97,98.64472887157964
ID:GB-CFS-184283,North Tyneside Council,Open,2,95400.0,47700.0,100.0
ID:GB-CFS-184318,MCA - Maritime and Coastguard Agency,Open,1,36000.0,36000.0,100.0
ID:GB-CFS-184462,HBC _ Asset Management,Open,1,64500.0,64500.0,100.0
ID:GB-CFS-184462,HBC _ Asset Management,Selective,1,0.0,0.0,0.0
ID:GB-CFS-184469,DVLA - Driver & Vehicle Licensing Agency,Direct,1,111000.0,111000.0,2.847538472688262
ID:GB-CFS-184469,DVLA - Driver & Vehicle Licensing Agency,Selective,13,3787103.61,90750.0,97.15246152731174
ID:GB-CFS-184844,London Borough of Enfield,Selective,1,3455949.11,3455949.11,19.945062006688545
ID:GB-CFS-184844,London Borough of Enfield,Unknown,5,13871392.91,590000.0,80.05493799331146
ID:GB-CFS-184980,NHS Business Services Authority,Selective,5,24960461.42,582240.0,100.0
ID:GB-CFS-184994,Liverpool City Region Combined Authority (LCRCA),Open,1,62784.0,62784.0,100.0
ID:GB-CFS-185005,North of England Commercial Procurement Collaborative,Open,2,110000000.0,55000000.0,94.58047840009726
ID:GB-CFS-185005,North of England Commercial Procurement Collaborative,Selective,1,6303070.0,6303070.0,5.419521599902737
ID:GB-CFS-185121,Department of Health and Social Care (Yorkshire),Direct,1,75972.66,75972.66,19.62039670913652
ID:GB-CFS-185121,Department of Health and Social Care (Yorkshire),Open,1,311240.0,311240.0,80.37960329086347
ID:GB-CFS-18525,London Borough of Merton,Direct,8,21247339.0,82253.5,56.82042945397201
ID:GB-CFS-18525,London Borough of Merton,Open,17,13041279.9,100000.0,34.87547897397661
ID:GB-CFS-18525,London Borough of Merton,Selective,2,703200.0,351600.0,1.880523767801376
ID:GB-CFS-18525,London Borough of Merton,Unknown,12,2402018.5,95700.0,6.4235678042500135
ID:GB-CFS-185304,Bristol City Council,Direct,1,257856.48,257856.48,100.0
ID:GB-CFS-185348,NHS Blood and Transplant,Selective,1,1865300.0,1865300.0,100.0
ID:GB-CFS-185478,DVLA - Driver & Vehicle Licensing Agency,Selective,6,6245438.99,167130.0,100.0
ID:GB-CFS-185613,South Yorkshire Mayoral Combined Authority Group,Open,3,123100.0,43600.0,100.0
ID:GB-CFS-185653,Homes England (the name adopted by the Homes and Communities Agency),Unknown,1,95000.0,95000.0,100.0
ID:GB-CFS-185655,Homes England (the name adopted by the Homes and Communities Agency),Unknown,1,162000.0,162000.0,100.0
ID:GB-CFS-186008,Essex County Council,Open,7,21443036.3,1350406.3,68.19645563300767
ID:GB-CFS-186008,Essex County Council,Unknown,1,10000000.0,10000000.0,31.80354436699232
ID:GB-CFS-186114,DVLA - Driver & Vehicle Licensing Agency,Open,1,172232.69,172232.69,0.2072557514481567
ID:GB-CFS-186114,DVLA - Driver & Vehicle Licensing Agency,Selective,5,82929292.26,100000.0,99.79274424855184
ID:GB-CFS-186332,Ministry of Defence,Open,1,854000.0,854000.0,100.0
ID:GB-CFS-186339,Ministry of Justice,Selective,23,271348258.88,1463141.72,100.0
ID:GB-CFS-186371,NHS Blood and Transplant,Selective,1,45477.12,45477.12,100.0
ID:GB-CFS-186378,North Lincolnshire Council,Direct,18,1042724.37,47905.485,5.088235917376744
ID:GB-CFS-186378,North Lincolnshire Council,Open,3,1502006.62,392641.57,7.3294192136524465
ID:GB-CFS-186378,North Lincolnshire Council,Selective,142,17139612.96,50120.0,83.63705383907728
ID:GB-CFS-186378,North Lincolnshire Council,Unknown,9,808502.4299999999,65330.0,3.9452910298935246
ID:GB-CFS-186393,Red Kite Learning Trust,Open,2,0.0,0.0,
ID:GB-CFS-186423,North of England Commercial Procurement Collaborative,Open,3,1300000000.0,300000000.0,100.0
ID:GB-CFS-186427,Intellectual Property Office,Selective,2,74068.22,37034.11,100.0
ID:GB-CFS-18645,Blackburn with Darwen,Open,5,605108.93,68029.0,99.99676762864031
ID:GB-CFS-18645,Blackburn with Darwen,Unknown,1,19.56,19.56,0.003232371359676
ID:GB-CFS-186700,DVLA - Driver & Vehicle Licensing Agency,Selective,3,4890960.0,609256.0,100.0
ID:GB-CFS-186759,Ministry of Defence,Selective,1,11790.0,11790.0,100.0
ID:GB-CFS-186823,DVLA - Driver & Vehicle Licensing Agency,Selective,1,318752.87,318752.87,100.0
ID:GB-CFS-186921,DVLA - Driver & Vehicle Licensing Agency,Direct,2,31041.07,15520.535,2.599154515138033
ID:GB-CFS-186921,DVLA - Driver & Vehicle Licensing Agency,Open,1,29700.0,29700.0,2.4868630204950923
ID:GB-CFS-186921,DVLA - Driver & Vehicle Licensing Agency,Selective,2,1133534.6,566767.2999999999,94.91398246436688
ID:GB-CFS-186962,Leeds City Council,Direct,163,106878667.01,40581.0,27.688057227545396
ID:GB-CFS-186962,Leeds City Council,Open,23,184217872.92,248000.0,47.72360238426635
ID:GB-CFS-186962,Leeds City Council,Selective,57,90157336.02,76965.0,23.356218308479065
ID:GB-CFS-186962,Leeds City Council,Unknown,9,4756114.32,67000.0,1.232122079709199
ID:GB-CFS-187015,DfTc - Department for Transport,Direct,1,26539.0,26539.0,100.0
ID:GB-CFS-187017,Historic England,Open,38,3930061.11,29863.5,72.91783791055296
ID:GB-CFS-187017,Historic England,Selective,10,752875.66,19881.5,13.968756160812111
ID:GB-CFS-187017,Historic England,Unknown,7,706774.75,35750.0,13.113405928634936
ID:GB-CFS-187130,BHCC City Parks,Open,1,0.0,0.0,
ID:GB-CFS-187169,BHCC City Transport,Open,1,22840000.0,22840000.0,100.0
ID:GB-CFS-187357,Sheffield City Council,Direct,52,32910037.0,128880.0,3.666816038957552
ID:GB-CFS-187357,Sheffield City Council,Open,23,27549560.5,221686.5,3.06955505117273
ID:GB-CFS-187357,Sheffield City Council,Selective,41,811828000.22,67000.0,90.45337542712367
ID:GB-CFS-187357,Sheffield City Council,Unknown,12,25222303.25,58720.0,2.8102534827460444
ID:GB-CFS-187396,Ministry of Defence,Unknown,1,46047.17,46047.17,100.0
ID:GB-CFS-187506,Epsom and Ewell Borough Council,Selective,1,0.0,0.0,
ID:GB-CFS-187572,London Borough of Camden,Open,1,20110000.0,20110000.0,100.0
ID:GB-CFS-187681,Oxfordshire County Council,Direct,1,339000.0,339000.0,100.0
ID:GB-CFS-188063,DHSC,Selective,2,655332.0,327666.0,100.0
ID:GB-CFS-188310,Royal Free London NHS Foundation Trust,Direct,1,121083.5,121083.5,13.836540557124293
ID:GB-CFS-188310,Royal Free London NHS Foundation Trust,Open,1,754016.02,754016.02,86.1634594428757
ID:GB-CFS-188336,East Riding of Yorkshire Council,Direct,12,159228841.0,676500.0,38.38302531156096
ID:GB-CFS-188336,East Riding of Yorkshire Council,Open,19,181863741.55,240000.0,43.83929790187213
ID:GB-CFS-188336,East Riding of Yorkshire Council,Selective,28,35731126.06,167000.0,8.613192857263561
ID:GB-CFS-188336,East Riding of Yorkshire Council,Unknown,32,38018111.98,154914.69,9.164483929303351
ID:GB-CFS-188370,West Northamptonshire Council,Open,4,661841.2,120360.6,28.094111281793836
ID:GB-CFS-188370,West Northamptonshire Council,Selective,3,1693959.25,434335.0,71.90588871820616
ID:GB-CFS-188382,Places for People Group Ltd,Selective,4,14490000.0,3125000.0,100.0
ID:GB-CFS-188416,Hull City Council,Direct,38,53108414.84,49999.0,39.65402630770647
ID:GB-CFS-188416,Hull City Council,Open,47,39590405.46,150000.0,29.56064466192992
ID:GB-CFS-188416,Hull City Council,Selective,101,41117906.36,99972.91,30.701171281979292
ID:GB-CFS-188416,Hull City Council,Unknown,1,112712.0,112712.0,0.0841577483843088
ID:GB-CFS-188541,Ministry of Defence,Open,1,43335.0,43335.0,100.0
ID:GB-CFS-188643,Ministry of Defence,Limited,1,6607330.0,6607330.0,13.299422539613976
ID:GB-CFS-188643,Ministry of Defence,Open,1,42887000.0,42887000.0,86.32417851937538
ID:GB-CFS-188643,Ministry of Defence,Selective,2,187000.0,93500.0,0.3763989410106372
ID:GB-CFS-188683,capitalEsourcing,Open,1,83961.82,83961.82,100.0
ID:GB-CFS-188959,City of Bradford Metropolitan District Council,Direct,30,19961145.17,100826.0,29.55026897655072
ID:GB-CFS-188959,City of Bradford Metropolitan District Council,Open,15,9235992.98,210000.0,13.672866686763054
ID:GB-CFS-188959,City of Bradford Metropolitan District Council,Selective,10,32736554.62,58812.5,48.46285051022171
ID:GB-CFS-188959,City of Bradford Metropolitan District Council,Unknown,36,5616099.03,71184.5,8.314013826464524
ID:GB-CFS-188964,Ministry of Justice,Direct,1,21920.08,21920.08,0.1653402806491068
ID:GB-CFS-188964,Ministry of Justice,Selective,17,13235635.74,79650.0,99.8346597193509
ID:GB-CFS-188970,DVLA - Driver & Vehicle Licensing Agency,Direct,1,33395.0,33395.0,100.0
ID:GB-CFS-189048,Rochdale Metropolitan Borough Council,Unknown,4,443505.16,35794.08,100.0
ID:GB-CFS-189049,Lancashire County Council,Unknown,1,1748679.75,1748679.75,100.0
ID:GB-CFS-189079,DfTc - Department for Transport,Selective,1,21083802.0,21083802.0,100.0
ID:GB-CFS-189188,Ministry of Justice,Selective,4,1385948827.0,1500000.0,100.0
ID:GB-CFS-189214,Ministry of Justice,Selective,5,497808805.84,69300692.0,100.0
ID:GB-CFS-189380,NHS Business Services Authority,Selective,6,35611828.24,114060.12,100.0
ID:GB-CFS-189752,DfTc - Department for Transport,Selective,1,120000.0,120000.0,100.0
ID:GB-CFS-189872,Barnsley Metropolitan Borough Council,Direct,51,4974032.56,53750.0,5.293077724967547
ID:GB-CFS-189872,Barnsley Metropolitan Borough Council,Limited,1,417035.28,417035.28,0.443784821363052
ID:GB-CFS-189872,Barnsley Metropolitan Borough Council,Open,16,8290301.75,265362.0,8.82205956572678
ID:GB-CFS-189872,Barnsley Metropolitan Borough Council,Selective,14,59161856.72,90118.0,62.956625674431365
ID:GB-CFS-189872,Barnsley Metropolitan Borough Council,Unknown,28,21129181.02,135500.785,22.484452213511258
ID:GB-CFS-189940,North East Lincolnshire Council,Open,2,168264.0,84132.0,100.0
ID:GB-CFS-190060,London School of Hygiene & Tropical Medicine,Open,1,80000.0,80000.0,100.0
ID:GB-CFS-190075,DVLA - Driver & Vehicle Licensing Agency,Selective,1,29270023.0,29270023.0,100.0
ID:GB-CFS-190369,Department for Work and Pensions,Selective,1,900000.0,900000.0,100.0
ID:GB-CFS-190389,Ministry of Justice,Selective,1,130000.0,130000.0,100.0
ID:GB-CFS-190498,North Kent College,Open,1,3892989.25,3892989.25,100.0
ID:GB-CFS-190891,Ministry of Defence,Open,1,329780.15,329780.15,100.0
ID:GB-CFS-191065,The Borough Council of Calderdale,Open,7,2609779.04,175000.0,72.71748120247905
ID:GB-CFS-191065,The Borough Council of Calderdale,Selective,2,979150.33,489575.165,27.282518797520943
ID:GB-CFS-191074,Birmingham City Council,Open,1,144000.0,144000.0,21.989884500422274
ID:GB-CFS-191074,Birmingham City Council,Selective,3,510846.55,161056.0,78.01011549957771
ID:GB-CFS-191489,St Helens Council,Unknown,7,1108575.0,49680.0,100.0
ID:GB-CFS-19162,Halton Borough Council,Direct,3,25125136.4,48635.4,87.14194237915405
ID:GB-CFS-19162,Halton Borough Council,Open,4,1673942.0,292382.0,5.805761807129768
ID:GB-CFS-19162,Halton Borough Council,Selective,2,433348.0,216674.0,1.50298831596081
ID:GB-CFS-19162,Halton Borough Council,Unknown,1,1600000.0,1600000.0,5.549307497755375
ID:GB-CFS-191669,City of York Council,Open,10,6662658.93,79017.75,78.99332696061002
ID:GB-CFS-191669,City of York Council,Unknown,6,1771799.0,161170.0,21.006673039389977
ID:GB-CFS-191783,Ministry of Defence,Open,1,5139000.0,5139000.0,100.0
ID:GB-CFS-191812,Dorset Council,Open,6,22126912.83,3500000.0,67.89050244647137
ID:GB-CFS-191812,Dorset Council,Selective,6,10465146.49,536490.61,32.109497553528634
ID:GB-CFS-191864,Rotherham Metropolitan Borough Council,Direct,6,1644855.38,181401.5,2.4859843529197074
ID:GB-CFS-191864,Rotherham Metropolitan Borough Council,Open,11,36496130.0,1035000.0,55.15913996166856
ID:GB-CFS-191864,Rotherham Metropolitan Borough Council,Selective,9,4880190.21,218893.4,7.375770933327853
ID:GB-CFS-191864,Rotherham Metropolitan Borough Council,Unknown,21,23143978.59,212869.0,34.97910475208387
ID:GB-CFS-191944,Department for Work and Pensions,Selective,1,171950.0,171950.0,100.0
ID:GB-CFS-191950,DfTc - Department for Transport,Direct,2,41000.0,20500.0,0.1622472268537781
ID:GB-CFS-191950,DfTc - Department for Transport,Selective,6,25229077.52,164826.76,99.83775277314622
ID:GB-CFS-192007,Wrekin Housing Group Ltd,Open,2,3000000.0,1500000.0,100.0
ID:GB-CFS-192109,Scape Group Limited (trading as SCAPE),Selective,1,540000.0,540000.0,100.0
ID:GB-CFS-19216,North West Leicestershire District Council,Unknown,1,834720.0,834720.0,100.0
ID:GB-CFS-192196,Department for Work and Pensions,Selective,1,81600.0,81600.0,100.0
ID:GB-CFS-192422,West Yorkshire Combined Authority,Direct,12,1461979.47,99103.425,1.5298434547724953
ID:GB-CFS-192422,West Yorkshire Combined Authority,Open,13,59973009.86,600000.0,62.75691176246636
ID:GB-CFS-192422,West Yorkshire Combined Authority,Selective,35,32474202.25,96000.0,33.98163023528692
ID:GB-CFS-192422,West Yorkshire Combined Authority,Unknown,4,1654799.98,97400.0,1.7316145474742244
ID:GB-CFS-192456,Department of Health and Social Care (DHSC),Selective,2,790000.0,395000.0,100.0
ID:GB-CFS-192470,Ministry of Defence,Selective,3,4064100.0,40000.0,100.0
ID:GB-CFS-192497,DVLA - Driver & Vehicle Licensing Agency,Open,1,1500000.0,1500000.0,100.0
ID:GB-CFS-192703,Department for Work and Pensions,Direct,1,60000.0,60000.0,0.1881467544684854
ID:GB-CFS-192703,Department for Work and Pensions,Selective,1,31830000.0,31830000.0,99.81185324553152
ID:GB-CFS-192836,Hodge Hill Girls' School,Selective,2,1360225.0,680112.5,100.0
ID:GB-CFS-193500,Exeter City Council,Unknown,1,34695.17,34695.17,100.0
ID:GB-CFS-193585,West Hertfordshire Teaching Hospitals NHS Trust,Selective,3,159200000.0,9000000.0,100.0
ID:GB-CFS-193637,United Lincolnshire Hospitals NHS Trust,Direct,1,79635.88,79635.88,1.8875119806860652
ID:GB-CFS-193637,United Lincolnshire Hospitals NHS Trust,Selective,2,4139456.81,2069728.405,98.11248801931391
ID:GB-CFS-193933,DfTc - Department for Transport,Selective,1,283878.0,283878.0,100.0
ID:GB-CFS-193986,Exeter City Council,Open,2,933545.36,466772.68,4.993039199165953
ID:GB-CFS-193986,Exeter City Council,Selective,1,16000000.0,16000000.0,85.57551738745211
ID:GB-CFS-193986,Exeter City Council,Unknown,14,1763390.97,83600.0,9.43144341338194
ID:GB-CFS-193997,Prospere Learning Trust,Direct,5,990861.81,233959.23,11.17939084968271
ID:GB-CFS-193997,Prospere Learning Trust,Open,3,7872428.0,120600.0,88.82060915031728
ID:GB-CFS-194046,Hertfordshire County Council - Environment,Open,1,0.0,0.0,
ID:GB-CFS-194063,Calderdale and Huddersfield Solutions LTD,Open,1,800000.0,800000.0,100.0
ID:GB-CFS-194189,The Queen Elizabeth Hospital King's Lynn NHS Foundation Trust,Open,1,244558.3,244558.3,100.0
ID:GB-CFS-194475,Buckinghamshire Healthcare Trust,Selective,1,110139.0,110139.0,100.0
ID:GB-CFS-194523,DVLA - Driver & Vehicle Licensing Agency,Direct,1,20000.0,20000.0,0.0506365671730835
ID:GB-CFS-194523,DVLA - Driver & Vehicle Licensing Agency,Selective,4,39477148.24,160574.12,99.94936343282691
ID:GB-CFS-194591,Ministry of Justice,Selective,7,135485500.32999998,7073752.65,100.0
ID:GB-CFS-194620,West Hertfordshire Teaching Hospitals NHS Trust,Selective,4,858133.25,64038.625,100.0
ID:GB-CFS-194706,Hertfordshire County Council - Adult Care Services,Open,4,25000000.0,5200000.0,100.0
ID:GB-CFS-194748,Uttlesford District Council,Open,1,200000.0,200000.0,63.49133787677348
ID:GB-CFS-194748,Uttlesford District Council,Unknown,2,115003.6,57501.8,36.50866212322653
ID:GB-CFS-194812,Thornton Primary School,Selective,1,892480.6,892480.6,100.0
ID:GB-CFS-194910,Cambridgeshire County Council,Open,1,499000.0,499000.0,100.0
ID:GB-CFS-194994,Ministry of Defence,Selective,1,1421280.0,1421280.0,100.0
ID:GB-CFS-195110,Ministry of Defence,Selective,1,234440286.0,234440286.0,100.0
ID:GB-CFS-195171,Buckinghamshire Healthcare NHS Trust,Selective,3,774573.74,176993.74,100.0
ID:GB-CFS-195233,Berneslai Homes Limited,Open,1,1680000.0,1680000.0,52.83018867924528
ID:GB-CFS-195233,Berneslai Homes Limited,Selective,1,1500000.0,1500000.0,47.16981132075472
ID:GB-CFS-195241,Plus Dane Housing Ltd,Unknown,1,75000.0,75000.0,100.0
ID:GB-CFS-195253,Ministry of Defence,Selective,1,255114.23,255114.23,100.0
ID:GB-CFS-195281,Hertfordshire Community NHS Trust,Selective,2,106000.0,53000.0,100.0
ID:GB-CFS-195283,Hertfordshire County Council - Resources,Open,4,2500000.0,0.0,34.75932297181089
ID:GB-CFS-195283,Hertfordshire County Council - Resources,Selective,6,4692315.0,196157.5,65.24067702818913
ID:GB-CFS-195503,Ministry of Justice,Open,8,59987028.0,7735499.0,90.36345669593172
ID:GB-CFS-195503,Ministry of Justice,Unknown,1,6397139.0,6397139.0,9.636543304068272
ID:GB-CFS-195527,Foreign Commonwealth and Development Office,Unknown,1,47667.75,47667.75,100.0
ID:GB-CFS-195538,Sunderland City Council,Unknown,1,63675.95,63675.95,100.0
ID:GB-CFS-195635,Pension Protection Fund,Selective,5,1955480.97,116828.0,100.0
ID:GB-CFS-195752,"Newry, Mourne and Down District Council (NMD)",Open,40,2088225.0,17850.0,100.0
ID:GB-CFS-195855,Department for Education,Selective,1,6800000.0,6800000.0,100.0
ID:GB-CFS-195863,The Princess Alexandra Hospital NHS Trust,Selective,9,1254200.0,131600.0,98.58512812450871
ID:GB-CFS-195863,The Princess Alexandra Hospital NHS Trust,Unknown,1,18000.0,18000.0,1.414871875491275
ID:GB-CFS-195967,Hertfordshire Partnership University NHS Foundation Trust,Selective,15,4268400.0,108000.0,100.0
ID:GB-CFS-196683,Kent and Medway NHS and Social Care Partnership Trust,Selective,1,49999.17,49999.17,100.0
ID:GB-CFS-196703,Ministry of Justice,Selective,2,435613044.0,217806522.0,100.0
ID:GB-CFS-196720,Telford Langley School,Selective,1,674905.21,674905.21,100.0
ID:GB-CFS-196773,London Borough of Camden,Open,2,6716749.94,3358374.97,17.12681107477121
ID:GB-CFS-196773,London Borough of Camden,Unknown,1,32501000.0,32501000.0,82.87318892522879
ID:GB-CFS-196798,Hertfordshire Partnership University NHS Foundation Trust,Direct,1,135000.0,135000.0,5.96675061369135
ID:GB-CFS-196798,Hertfordshire Partnership University NHS Foundation Trust,Selective,7,2127538.0,150000.0,94.03324938630864
ID:GB-CFS-196826,East & North Hertfordshire NHS Trust,Selective,2,161000.0,80500.0,100.0
ID:GB-CFS-196887,Ministry of Defence,Limited,1,33000.0,33000.0,100.0
ID:GB-CFS-197098,The Futures Trust,Open,1,1742984.7,1742984.7,100.0
ID:GB-CFS-19712,The University of Warwick,Open,2,177000.0,88500.0,100.0
ID:GB-CFS-197422,Hampshire County Council,Open,1,1376739.0,1376739.0,100.0
ID:GB-CFS-197565,Nottingham University Hospitals NHS Trust,Limited,2,230000.0,115000.0,55.33062453841028
ID:GB-CFS-197565,Nottingham University Hospitals NHS Trust,Selective,4,185683.0,50800.0,44.66937546158972
ID:GB-CFS-197608,Cheshire College South and West,Open,5,677657.85,72249.0,100.0
ID:GB-CFS-197716,Hertfordshire Community NHS Trust,Selective,9,1118000.0,43000.0,100.0
ID:GB-CFS-1978,Nottinghamshire County Council,Unknown,6,872812.78,56670.235,100.0
ID:GB-CFS-197948,Dixons Academies Charitable Trust Ltd,Direct,13,8623789.76,75052.0,73.86304065393765
ID:GB-CFS-197948,Dixons Academies Charitable Trust Ltd,Open,2,3051589.0,1525794.5,26.13695934606236
ID:GB-CFS-198043,Cambridgeshire County Council,Direct,14,3293915.54,142285.5,5.492576746096809
ID:GB-CFS-198043,Cambridgeshire County Council,Open,6,54334121.8,123037.705,90.60169585230824
ID:GB-CFS-198043,Cambridgeshire County Council,Selective,6,1536227.0,247000.0,2.561645735739193
ID:GB-CFS-198043,Cambridgeshire County Council,Unknown,3,806050.0,281650.0,1.3440816658557473
ID:GB-CFS-198064,Corserv Limited,Open,2,220000.0,110000.0,100.0
ID:GB-CFS-198290,Blackburn with Darwen Borough Council,Open,1,40000.0,40000.0,100.0
ID:GB-CFS-1983,Fareham Borough Council,Unknown,1,604755.0,604755.0,100.0
ID:GB-CFS-198376,Department for Education,Open,1,18000000.0,18000000.0,100.0
ID:GB-CFS-198861,Ministry of Defence,Selective,1,23253.35,23253.35,100.0
ID:GB-CFS-198904,Hertfordshire County Council - Children's Services,Open,5,78645156.0,3650000.0,100.0
ID:GB-CFS-198913,Ministry of Defence,Selective,25,116491677.9,922988.0,99.9642763079928
ID:GB-CFS-198913,Ministry of Defence,Unknown,1,41630.0,41630.0,0.0357236920072016
ID:GB-CFS-198965,Princess Alexandra Hospital NHS Trust,Selective,5,191000.0,34000.0,100.0
ID:GB-CFS-199163,HBC - Engineering,Selective,1,0.0,0.0,
ID:GB-CFS-199327,Ministry of Justice,Selective,5,77928808.0,800000.0,100.0
ID:GB-CFS-199356,Cambridgeshire County Council,Direct,2,140000.0,70000.0,0.4308100520762976
ID:GB-CFS-199356,Cambridgeshire County Council,Open,8,3366800.0,48515.0,10.36036630950342
ID:GB-CFS-199356,Cambridgeshire County Council,Selective,3,28990120.47,265539.47,89.20882363842028
ID:GB-CFS-199456,DfTc - Department for Transport,Selective,1,8773434.0,8773434.0,100.0
ID:GB-CFS-199728,Department for Work and Pensions,Selective,1,4000000.0,4000000.0,100.0
ID:GB-CFS-199833,North Somerset Council,Open,1,6000000.0,6000000.0,100.0
ID:GB-CFS-199837,West Hertfordshire Teaching Hospitals NHS Trust,Limited,4,1110000.0,266500.0,40.3343023255814
ID:GB-CFS-199837,West Hertfordshire Teaching Hospitals NHS Trust,Selective,8,793000.0,62000.0,28.815406976744185
ID:GB-CFS-199837,West Hertfordshire Teaching Hospitals NHS Trust,Unknown,3,849000.0,90000.0,30.85029069767442
ID:GB-CFS-199950,London Borough of Barking and Dagenham,Open,8,37346145.4,336405.0,99.35145402518856
ID:GB-CFS-199950,London Borough of Barking and Dagenham,Selective,1,243788.0,243788.0,0.6485459748114372
ID:GB-CFS-200305,Lincolnshire County Council,Selective,1,284050.0,284050.0,100.0
ID:GB-CFS-200547,Ministry of Defence,Direct,1,80000.0,80000.0,100.0
ID:GB-CFS-200876,The University of Bath,Open,1,145000.0,145000.0,100.0
ID:GB-CFS-200890,East and North Hertfordshire NHS Trust,Selective,29,11902600.0,85000.0,99.04307016375982
ID:GB-CFS-200890,East and North Hertfordshire NHS Trust,Unknown,2,115000.0,57500.0,0.956929836240181
ID:GB-CFS-201104,Borough Council of Kings Lynn and West Norfolk,Open,6,516901.89,86237.82,100.0
ID:GB-CFS-201151,Ministry of Defence,Selective,1,0.0,0.0,
ID:GB-CFS-20130,Trafford College,Direct,4,54291.0,13725.5,1.4824206835647624
ID:GB-CFS-20130,Trafford College,Limited,1,1300000.0,1300000.0,35.49661801466525
ID:GB-CFS-20130,Trafford College,Open,7,2308029.73,376934.33,63.02096130176999
ID:GB-CFS-201480,British Council,Open,3,1276601.0,183165.0,100.0
ID:GB-CFS-201665,Ansa Environmental Services Ltd,Open,1,2500000.0,2500000.0,100.0
ID:GB-CFS-201809,The Sir John Brunner Foundation,Open,1,142782.9,142782.9,100.0
ID:GB-CFS-201818,NHS Business Services Authority,Selective,4,178938.91,24540.0,100.0
ID:GB-CFS-201824,King's College Trust,Direct,1,32444.25,32444.25,100.0
ID:GB-CFS-202076,Whittington Health,Direct,19,6095383.94,159500.0,64.7385595621287
ID:GB-CFS-202076,Whittington Health,Selective,1,3320000.0,3320000.0,35.26144043787129
ID:GB-CFS-202194,Kirklees Council,Selective,22,4969782.39,119584.285,100.0
ID:GB-CFS-202557,City of Wolverhampton College,Direct,2,138550.0,69275.0,13.777049454188203
ID:GB-CFS-202557,City of Wolverhampton College,Open,3,867108.0,315183.0,86.2229505458118
ID:GB-CFS-202650,Department for Work and Pensions,Selective,1,701956.0,701956.0,100.0
ID:GB-CFS-202688,British Business Bank PLC,Unknown,1,20403.0,20403.0,100.0
ID:GB-CFS-202709,Waltham Forest College,Direct,1,37846.0,37846.0,17.71186282034482
ID:GB-CFS-202709,Waltham Forest College,Open,7,175830.0,0.0,82.28813717965518
ID:GB-CFS-202796,Home Office,Direct,9,793320.8,82228.0,100.0
ID:GB-CFS-203286,DVLA - Driver & Vehicle Licensing Agency,Open,1,4800000.0,4800000.0,100.0
ID:GB-CFS-203598,East and North Hertfordshire NHS Trust,Direct,1,58165.0,58165.0,0.9132043715744042
ID:GB-CFS-203598,East and North Hertfordshire NHS Trust,Selective,5,6311165.0,470000.0,99.0867956284256
ID:GB-CFS-203652,Ministry of Justice,Open,2,41232605.0,20616302.5,100.0
ID:GB-CFS-203870,Long Road Sixth Form College,Open,2,111000.0,55500.0,100.0
ID:GB-CFS-203873,Therfield School,Selective,1,498733.4,498733.4,100.0
ID:GB-CFS-204107,Sanctuary Housing Group,Unknown,1,1100000.0,1100000.0,100.0
ID:GB-CFS-204245,London Stadium 185 Limited,Open,1,450000.0,450000.0,100.0
ID:GB-CFS-204392,NHS England,Selective,2,1428605.0,714302.5,100.0
ID:GB-CFS-204468,East Suffolk Council,Open,1,48472.0,48472.0,2.8594148558376378
ID:GB-CFS-204468,East Suffolk Council,Selective,1,1646700.0,1646700.0,97.14058514416236
ID:GB-CFS-204529,Department for Education,Open,1,7508857.0,7508857.0,100.0
ID:GB-CFS-204557,Your Housing Group,Open,1,2000000.0,2000000.0,100.0
ID:GB-CFS-204701,DfTc - Department for Transport,Selective,1,400000.0,400000.0,100.0
ID:GB-CFS-204822,DVSA - Driver and Vehicle Standards Agency,Selective,6,1479567.07,181455.0,100.0
ID:GB-CFS-205227,East & North Hertfordshire NHS Trust,Selective,36,3264840.0,49420.0,82.74131743811203
ID:GB-CFS-205227,East & North Hertfordshire NHS Trust,Unknown,5,681000.0,53000.0,17.258682561887966
ID:GB-CFS-205381,Foreign Commonwealth and Development Office,Unknown,1,75000000.0,75000000.0,100.0
ID:GB-CFS-205471,United Lincolnshire Hospitals NHS Trust,Direct,1,39900.0,39900.0,0.2652093825416425
ID:GB-CFS-205471,United Lincolnshire Hospitals NHS Trust,Limited,1,500000.0,500000.0,3.3234258463864985
ID:GB-CFS-205471,United Lincolnshire Hospitals NHS Trust,Selective,4,14504816.6,1343195.8,96.41136477107186
ID:GB-CFS-205502,Places for People,Open,1,4000000.0,4000000.0,100.0
ID:GB-CFS-205523,NHS Blood and Transplant,Limited,1,2575358.0,2575358.0,33.143363536145955
ID:GB-CFS-205523,NHS Blood and Transplant,Open,1,5195000.0,5195000.0,66.85663646385404
ID:GB-CFS-205642,ER,Direct,1,68106.0,68106.0,100.0
ID:GB-CFS-205717,Empower Learning Academy Trust,Open,1,41415.0,41415.0,100.0
ID:GB-CFS-205949,Gloucestershire County Council,Selective,1,858334.0,858334.0,100.0
ID:GB-CFS-206026,Rotherham Metropolitan Borough Council,Unknown,1,2056401.5,2056401.5,100.0
ID:GB-CFS-206170,BBC - Environmental Services,Open,1,71.47,71.47,100.0
ID:GB-CFS-206256,NHS Blood and Transplant,Selective,1,437052.0,437052.0,100.0
ID:GB-CFS-206295,Hyde Housing Association Ltd,Open,2,6000000.0,3000000.0,100.0
ID:GB-CFS-206433,London Borough of Enfield,Unknown,1,11031463.0,11031463.0,100.0
ID:GB-CFS-206517,Bolsover District Council,Open,3,109411.11,37648.0,72.59417058999202
ID:GB-CFS-206517,Bolsover District Council,Selective,1,41305.0,41305.0,27.405829410008
ID:GB-CFS-206737,SMB Group,Open,1,62832.0,62832.0,6.14294429583744
ID:GB-CFS-206737,SMB Group,Selective,1,960000.0,960000.0,93.85705570416256
ID:GB-CFS-206875,Hampshire County Council,Open,1,666700.0,666700.0,100.0
ID:GB-CFS-206929,Aberdeen City Council,Unknown,4,2427013.14,354014.0,100.0
ID:GB-CFS-207068,Nottinghamshire County Council,Open,2,268800.0,134400.0,64.18338108882521
ID:GB-CFS-207068,Nottinghamshire County Council,Unknown,1,150000.0,150000.0,35.816618911174785
ID:GB-CFS-207285,Department for Work and Pensions,Selective,1,32000000.0,32000000.0,100.0
ID:GB-CFS-207529,Homes England (the name adopted by the Homes and Communities Agency),Unknown,2,44931.25,22465.625,100.0
ID:GB-CFS-207906,Bournemouth Christchurch and Poole Council,Direct,17,4469214.26,182419.12,3.7361707981435943
ID:GB-CFS-207906,Bournemouth Christchurch and Poole Council,Open,27,14373026.56,177908.86,12.015553292004014
ID:GB-CFS-207906,Bournemouth Christchurch and Poole Council,Selective,3,517557.83,122902.0,0.432667654380161
ID:GB-CFS-207906,Bournemouth Christchurch and Poole Council,Unknown,20,100260382.05,89426.715,83.81560825547224
ID:GB-CFS-207929,Exeter College,Open,1,161880.88,161880.88,100.0
ID:GB-CFS-207975,University Hospitals Sussex NHS Foundation Trust,Selective,4,310917.48,79091.24,100.0
ID:GB-CFS-207994,Construction Industry Training Board,Selective,1,147500.0,147500.0,100.0
ID:GB-CFS-208,Devon County Council,Direct,5,2687500.0,240000.0,3.104824789310772
ID:GB-CFS-208,Devon County Council,Open,5,81584950.0,10000000.0,94.2537582119739
ID:GB-CFS-208,Devon County Council,Unknown,13,2286379.64,90824.99,2.641416998715326
ID:GB-CFS-208003,NHS Digital,Selective,1,5186730.0,5186730.0,100.0
ID:GB-CFS-208164,Department for Work and Pensions,Direct,1,42500.0,42500.0,100.0
ID:GB-CFS-208168,Ministry of Defence,Selective,2,486938.45,243469.225,100.0
ID:GB-CFS-208975,Police Digital Service,Open,1,140400.0,140400.0,100.0
ID:GB-CFS-209,Stroud District Council,Open,6,1163524.0,100175.0,100.0
ID:GB-CFS-209116,Hazelwick School,Open,2,822532.89,411266.445,100.0
ID:GB-CFS-209195,Blackburn with Darwen Borough Council,Open,7,2096347.78,260385.8,100.0
ID:GB-CFS-209288,University of Leeds,Open,1,79100.0,79100.0,13.08719480033011
ID:GB-CFS-209288,University of Leeds,Selective,1,241967.6,241967.6,40.03384471009299
ID:GB-CFS-209288,University of Leeds,Unknown,3,283340.0,56358.0,46.878960489576905
ID:GB-CFS-209307,Department for Work and Pensions,Selective,1,243062.6,243062.6,100.0
ID:GB-CFS-209324,The Howard Partnership Trust,Open,1,330920.61,330920.61,100.0
ID:GB-CFS-209532,Ministry of Defence,Open,1,1002008.0,1002008.0,0.5758600211096415
ID:GB-CFS-209532,Ministry of Defence,Selective,1,173000000.0,173000000.0,99.42413997889037
ID:GB-CFS-209591,Chesterfield Royal Hospital NHS Foundation Trust,Direct,1,115000.0,115000.0,100.0
ID:GB-CFS-209964,Calderdale and Huddersfield NHS Foundation Trust,Unknown,1,40000.0,40000.0,100.0
ID:GB-CFS-21,Torus62 Limited,Open,2,228166666.67,114083333.335,100.0
ID:GB-CFS-210162,Foreign Commonwealth and Development Office,Unknown,1,60000.0,60000.0,100.0
ID:GB-CFS-210229,Insignis Academy Trust,Open,2,1819881.76,909940.88,79.129361850324
ID:GB-CFS-210229,Insignis Academy Trust,Selective,1,480000.0,480000.0,20.87063814967601
ID:GB-CFS-210249,NHS Supply Chain,Open,2,834000000.0,417000000.0,59.92830367449488
ID:GB-CFS-210249,NHS Supply Chain,Selective,4,557662952.0,139415738.0,40.07169632550512
ID:GB-CFS-210463,Manchester City Council,Open,2,20811559.05,10405779.525,98.93513645409864
ID:GB-CFS-210463,Manchester City Council,Selective,3,224000.0,87000.0,1.064863545901339
ID:GB-CFS-210480,Bath and North East Somerset Council,Direct,3,335607.6,88520.0,6.155221377601876
ID:GB-CFS-210480,Bath and North East Somerset Council,Open,8,3116797.43,189022.815,57.16371789789798
ID:GB-CFS-210480,Bath and North East Somerset Council,Unknown,1,2000000.0,2000000.0,36.681060724500135
ID:GB-CFS-210556,Inspire Education Group,Open,1,2000000.0,2000000.0,100.0
ID:GB-CFS-210838,Highsted Grammar School,Selective,1,714150.0,714150.0,100.0
ID:GB-CFS-210947,Trinity House,Selective,1,413605.0,413605.0,100.0
ID:GB-CFS-211181,Leeds Beckett University,Unknown,4,1051000.0,109500.0,100.0
ID:GB-CFS-211287,CHP,Direct,1,84200.0,84200.0,0.4971689889893655
ID:GB-CFS-211287,CHP,Open,7,10676052.8,151695.0,63.03803298067797
ID:GB-CFS-211287,CHP,Selective,1,5556919.59,5556919.59,32.81149755885391
ID:GB-CFS-211287,CHP,Unknown,3,618719.0,170232.0,3.653300471478756
ID:GB-CFS-211360,Lincolnshire Partnership NHS Foundation Trust,Limited,1,425000.0,425000.0,56.29139072847682
ID:GB-CFS-211360,Lincolnshire Partnership NHS Foundation Trust,Selective,3,330000.0,60000.0,43.70860927152318
ID:GB-CFS-211868,Cell Therapy Catapult Limited,Selective,1,0.0,0.0,
ID:GB-CFS-211960,Manchester City Council,Direct,2,191593.0,95796.5,0.2091850218205467
ID:GB-CFS-211960,Manchester City Council,Open,10,89644466.96000001,2360260.0,97.8755997198169
ID:GB-CFS-211960,Manchester City Council,Selective,1,58525.0,58525.0,0.0638987510088964
ID:GB-CFS-211960,Manchester City Council,Unknown,2,1695624.67,847812.335,1.851316507353647
ID:GB-CFS-212,Teignbridge District Council,Direct,1,70000.0,70000.0,100.0
ID:GB-CFS-212111,NHS England,Direct,6,272825.2,27437.5,1.7677445854345393
ID:GB-CFS-212111,NHS England,Limited,1,160694.0,160694.0,1.041201283502469
ID:GB-CFS-212111,NHS England,Selective,1,15000000.0,15000000.0,97.191054131063
ID:GB-CFS-212268,Diocese of Norwich Education and Academies Trust,Open,1,136847.0,136847.0,100.0
ID:GB-CFS-213051,Princess Alexandra Hospital NHS Trust,Limited,3,160000.0,52000.0,4.720460244873875
ID:GB-CFS-213051,Princess Alexandra Hospital NHS Trust,Selective,23,2872500.0,45000.0,84.74701283375128
ID:GB-CFS-213051,Princess Alexandra Hospital NHS Trust,Unknown,2,357000.0,178500.0,10.532526921374831
ID:GB-CFS-213384,Ministry of Defence,Open,3,22098253.73,6271879.0,95.34046001661405
ID:GB-CFS-213384,Ministry of Defence,Selective,1,1080000.0,1080000.0,4.65953998338597
ID:GB-CFS-213436,Lincolnshire County Council,Open,1,1933335.5,1933335.5,100.0
ID:GB-CFS-213835,Bournemouth Christchurch and Poole Council,Direct,1,1280000.0,1280000.0,1.6078121623398194
ID:GB-CFS-213835,Bournemouth Christchurch and Poole Council,Open,11,75389632.96,254903.0,94.69716311517416
ID:GB-CFS-213835,Bournemouth Christchurch and Poole Council,Unknown,5,2941656.84,532000.0,3.695024722486031
ID:GB-CFS-213859,South Yorkshire Housing Association,Open,1,1631908.0,1631908.0,20.836659470463648
ID:GB-CFS-213859,South Yorkshire Housing Association,Selective,2,6200000.0,3100000.0,79.16334052953636
ID:GB-CFS-213890,DVLA - Driver & Vehicle Licensing Agency,Direct,1,34300.0,34300.0,100.0
ID:GB-CFS-213911,Ministry of Defence,Selective,2,581467.47,290733.735,100.0
ID:GB-CFS-213920,NHS England,Selective,2,4744956.0,2372478.0,100.0
ID:GB-CFS-214019,"Tees Valley Combined Authority Group, and Teesside International Airport",Open,2,9032000.0,4516000.0,100.0
ID:GB-CFS-214035,NHS England,Selective,1,25000000.0,25000000.0,100.0
ID:GB-CFS-214080,Harborne Academy,Selective,1,751091.46,751091.46,100.0
ID:GB-CFS-214115,Forestry England for and on behalf of the Forestry Commission,Open,2,5170871.06,2585435.53,100.0
ID:GB-CFS-214187,Homes England (the name adopted by the Homes and Communities Agency),Open,1,174950.0,174950.0,100.0
ID:GB-CFS-214475,Health Education England,Direct,1,97944.0,97944.0,39.76710760310848
ID:GB-CFS-214475,Health Education England,Selective,1,148350.0,148350.0,60.23289239689152
ID:GB-CFS-214560,"Tees Valley Combined Authority Group, and Teesside International Airport",Open,4,36459976.0,229988.0,100.0
ID:GB-CFS-214569,London Borough of Enfield,Direct,1,8400000.0,8400000.0,97.73123909249564
ID:GB-CFS-214569,London Borough of Enfield,Unknown,1,195000.0,195000.0,2.2687609075043627
ID:GB-CFS-214713,In-Tend e-Tendering,Open,7,14087540.0,0.0,95.77807878513032
ID:GB-CFS-214713,In-Tend e-Tendering,Selective,5,0.0,0.0,0.0
ID:GB-CFS-214713,In-Tend e-Tendering,Unknown,4,620982.22,166277.035,4.221921214869674
ID:GB-CFS-214792,DVLA - Driver & Vehicle Licensing Agency,Open,1,83787.0,83787.0,60.85817235616648
ID:GB-CFS-214792,DVLA - Driver & Vehicle Licensing Agency,Selective,1,53888.84,53888.84,39.14182764383352
ID:GB-CFS-214890,Ministry of Justice,Selective,2,23000000.0,11500000.0,100.0
ID:GB-CFS-215026,Department of Health and Social Care (London),Selective,1,600000.0,600000.0,100.0
ID:GB-CFS-215109,Ministry of Defence,Open,3,2112000.0,299000.0,100.0
ID:GB-CFS-215274,The Piggott School,Selective,1,3590643.0,3590643.0,100.0
ID:GB-CFS-215293,West Hertfordshire Hospitals NHS Trust,Unknown,1,47700.0,47700.0,100.0
ID:GB-CFS-215355,Tendring District Council,Direct,1,44335.0,44335.0,100.0
ID:GB-CFS-215434,Futura Learning Partnership,Open,1,240000.0,240000.0,100.0
ID:GB-CFS-215441,Ministry of Justice,Selective,6,144440415.37,8850000.0,100.0
ID:GB-CFS-215530,The Consortium Academy Trust,Open,2,0.0,0.0,
ID:GB-CFS-215687,NHS England,Direct,1,13200.0,13200.0,0.0696616177996583
ID:GB-CFS-215687,NHS England,Selective,35,3201064.77,23934.0,16.893284133309944
ID:GB-CFS-215687,NHS England,Unknown,2,15734476.9,7867238.45,83.03705424889039
ID:GB-CFS-216012,London Borough of Haringey - Housing Services and Building Safety - Playle,Selective,1,33762.3,33762.3,100.0
ID:GB-CFS-216017,Norfolk and Norwich University Hospitals NHS Foundation Trust,Direct,7,328962.67,28458.0,0.7514647986764258
ID:GB-CFS-216017,Norfolk and Norwich University Hospitals NHS Foundation Trust,Limited,2,68800.0,34400.0,0.1571630548503819
ID:GB-CFS-216017,Norfolk and Norwich University Hospitals NHS Foundation Trust,Open,1,78000.0,78000.0,0.1781790447431656
ID:GB-CFS-216017,Norfolk and Norwich University Hospitals NHS Foundation Trust,Selective,82,37952814.66,136276.13,86.69738796709245
ID:GB-CFS-216017,Norfolk and Norwich University Hospitals NHS Foundation Trust,Unknown,12,5347614.26,73745.85,12.215805134637568
ID:GB-CFS-216062,Coventry University,Selective,1,497186.4,497186.4,100.0
ID:GB-CFS-216441,Plus Dane Housing Ltd.,Unknown,2,3061949.0,1530974.5,100.0
ID:GB-CFS-216860,University Hospitals Sussex NHS Foundation Trust,Direct,1,41430.0,41430.0,0.2893921535400351
ID:GB-CFS-216860,University Hospitals Sussex NHS Foundation Trust,Selective,3,14274784.0,236452.0,99.71060784645996
ID:GB-CFS-217008,University of East Anglia,Unknown,1,0.0,0.0,
ID:GB-CFS-217073,Leicester City Council,Limited,1,42120.0,42120.0,0.412626637253049
ID:GB-CFS-217073,Leicester City Council,Open,135,5441499.98,40716.0,53.30740356979899
ID:GB-CFS-217073,Leicester City Council,Unknown,116,4724155.33,38610.0,46.27996979294796
ID:GB-CFS-217099,Ministry of Defence,Open,1,193000.0,193000.0,27.986508472806683
ID:GB-CFS-217099,Ministry of Defence,Selective,2,496618.0,248309.0,72.01349152719332
ID:GB-CFS-217124,"Essex Police, Fire and Crime Commissioner Fire and Rescue Authority",Unknown,1,199020.0,199020.0,100.0
ID:GB-CFS-217237,Ministry of Defence,Open,1,68750.0,68750.0,3.9800757005187952
ID:GB-CFS-217237,Ministry of Defence,Selective,4,1658604.08,257321.04,96.0199242994812
ID:GB-CFS-217306,Redditch Borough Council,Direct,3,3100000.0,1050000.0,98.49086576648132
ID:GB-CFS-217306,Redditch Borough Council,Unknown,1,47500.0,47500.0,1.5091342335186655
ID:GB-CFS-217434,Norfolk and Norwich University Hospitals NHS Foundation Trust,Selective,2,1684160.44,842080.22,100.0
ID:GB-CFS-217620,Barnet Homes Ltd,Open,2,4150000.0,2075000.0,100.0
ID:GB-CFS-218079,Glebe School,Open,1,386804.7,386804.7,100.0
ID:GB-CFS-218150,Leicester City Council,Open,278,9693441.73,31707.0,91.79806426147076
ID:GB-CFS-218150,Leicester City Council,Unknown,40,866085.65,16848.0,8.201935738529237
ID:GB-CFS-218779,Cambridgeshire County Council,Unknown,1,285700.0,285700.0,100.0
ID:GB-CFS-218805,Blessed Edward Bamber Catholic Multi Academy Trust,Selective,1,1855306.0,1855306.0,100.0
ID:GB-CFS-218809,Ministry of Defence,Selective,1,1.0,1.0,100.0
ID:GB-CFS-219047,Ministry of Defence,Limited,1,135000.0,135000.0,10.56710936331992
ID:GB-CFS-219047,Ministry of Defence,Selective,1,1142549.0,1142549.0,89.43289063668009
ID:GB-CFS-219079,New College Swindon,Open,9,689961.55,70756.3,100.0
ID:GB-CFS-219112,Great Learners Trust,Selective,2,3232667.0,1616333.5,100.0
ID:GB-CFS-219175,Halton Borough Council,Open,3,455526.65,165699.01,100.0
ID:GB-CFS-219176,Hertfordshire Community NHS Trust,Selective,11,2500000.0,200000.0,100.0
ID:GB-CFS-219351,NHS Business Services Authority,Selective,2,6980000.0,3490000.0,100.0
ID:GB-CFS-219433,NEXUS,Unknown,1,77409.0,77409.0,100.0
ID:GB-CFS-219542,Forestry England for and on behalf of The Forestry Commission,Open,1,5950000.0,5950000.0,100.0
ID:GB-CFS-219627,NHS England,Selective,1,2250000.0,2250000.0,100.0
ID:GB-CFS-220064,Sport England,Open,1,18000000.0,18000000.0,99.70089730807578
ID:GB-CFS-220064,Sport England,Selective,1,54000.0,54000.0,0.2991026919242273
ID:GB-CFS-220296,University of Huddersfield,Open,1,140000.0,140000.0,8.49478480889768
ID:GB-CFS-220296,University of Huddersfield,Unknown,2,1508070.0,754035.0,91.50521519110232
ID:GB-CFS-220369,Ordnance Survey,Open,3,492678.3,127464.0,1.391929908464811
ID:GB-CFS-220369,Ordnance Survey,Unknown,4,34902660.0,3400000.0,98.6080700915352
ID:GB-CFS-220417,UK Battery Industrialisation Centre,Open,1,900000.0,900000.0,100.0
ID:GB-CFS-220650,Neath Port Talbot County Borough Council,Unknown,1,109094.0,109094.0,100.0
ID:GB-CFS-220656,Redcar & Cleveland Borough Council,Unknown,4,3207779.0,330286.0,100.0
ID:GB-CFS-220677,Brunel University London,Selective,1,200000.0,200000.0,100.0
ID:GB-CFS-220688,Gateshead Council,Unknown,10,6947276.38,255357.575,100.0
ID:GB-CFS-220820,Ministry of Defence,Limited,1,2900000000.0,2900000000.0,100.0
ID:GB-CFS-220845,Ministry of Defence,Selective,1,650000.0,650000.0,100.0
ID:GB-CFS-221299,Irwell Valley Homes,Open,1,0.0,0.0,
ID:GB-CFS-221302,Gambling Commission,Open,1,4800000.0,4800000.0,100.0
ID:GB-CFS-221551,Companies House,Direct,6,679878.74,89999.75,6.664283662307473
ID:GB-CFS-221551,Companies House,Selective,32,9521949.01,113323.465,93.33571633769252
ID:GB-CFS-222644,Home Office,Open,1,6650000.0,6650000.0,10.17543132161486
ID:GB-CFS-222644,Home Office,Selective,1,58703495.0,58703495.0,89.82456867838515
ID:GB-CFS-2233,General Medical Council (GMC),Open,21,13310510.0,150000.0,100.0
ID:GB-CFS-223308,The Police and Crime Commissioner for Derbyshire,Open,1,82731.0,82731.0,100.0
ID:GB-CFS-223730,Office for Students,Open,1,148878.75,148878.75,7.806718683788763
ID:GB-CFS-223730,Office for Students,Unknown,20,1758180.49,82835.42,92.19328131621124
ID:GB-CFS-223986,West Midlands Growth Company Ltd e-Tendering,Open,1,42120.0,42120.0,44.751381215469614
ID:GB-CFS-223986,West Midlands Growth Company Ltd e-Tendering,Unknown,2,52000.0,26000.0,55.24861878453039
ID:GB-CFS-224,London Borough of Waltham Forest,Open,1,2236000.0,2236000.0,100.0
ID:GB-CFS-224018,DVLA - Driver & Vehicle Licensing Agency,Selective,1,60000.0,60000.0,100.0
ID:GB-CFS-224021,DVLA - Driver & Vehicle Licensing Agency,Open,1,143913.72,143913.72,100.0
ID:GB-CFS-224041,Broadacres Housing Association,Selective,1,55268.0,55268.0,100.0
ID:GB-CFS-224125,Doncaster Metropolitan Borough Council,Unknown,3,1390364.14,460700.9,100.0
ID:GB-CFS-224258,Sellafield Ltd,Direct,1,132347.7,132347.7,1.0077992376031897
ID:GB-CFS-224258,Sellafield Ltd,Selective,1,13000000.0,13000000.0,98.99220076239682
ID:GB-CFS-224340,Humberside Fire and Rescue Service,Unknown,1,63000.0,63000.0,100.0
ID:GB-CFS-224738,General Dental Council,Selective,1,2300000.0,2300000.0,100.0
ID:GB-CFS-224759,CPI (Centre for Process Innovation),Open,17,14210806.01,112389.0,90.43675745582314
ID:GB-CFS-224759,CPI (Centre for Process Innovation),Selective,2,700000.0,350000.0,4.454760002671812
ID:GB-CFS-224759,CPI (Centre for Process Innovation),Unknown,9,802722.88,34204.0,5.108482541505036
ID:GB-CFS-224826,Bournemouth Christchurch and Poole Council,Open,6,6699963.0,202183.0,100.0
ID:GB-CFS-224894,NHS Resolution,Direct,2,98957.61,49478.805,19.83286916898612
ID:GB-CFS-224894,NHS Resolution,Selective,1,400000.0,400000.0,80.16713083101389
ID:GB-CFS-224905,Nottingham Trent University (NTU),Open,8,4569211.0,389017.0,9.99464763102835
ID:GB-CFS-224905,Nottingham Trent University (NTU),Selective,2,36166676.0,18083338.0,79.11063476945361
ID:GB-CFS-224905,Nottingham Trent University (NTU),Unknown,16,4980692.2,33626.0,10.894717599518032
ID:GB-CFS-224944,Bromsgrove District Council,Direct,2,140000.0,70000.0,100.0
ID:GB-CFS-224944,Bromsgrove District Council,Unknown,1,0.0,0.0,0.0
ID:GB-CFS-224950,Foreign Commonwealth and Development Office,Selective,2,6500000.0,3250000.0,100.0
ID:GB-CFS-224989,ANSA Environmental Services Limited,Unknown,2,1264764.6,632382.3,100.0
ID:GB-CFS-225047,Astrea Academy Trust,Open,3,0.0,0.0,
ID:GB-CFS-225147,Cambridgeshire & Peterborough Combined Authority,Direct,1,82000.0,82000.0,0.6633168647287142
ID:GB-CFS-225147,Cambridgeshire & Peterborough Combined Authority,Open,5,11558302.96,1798121.0,93.49777171965631
ID:GB-CFS-225147,Cambridgeshire & Peterborough Combined Authority,Selective,1,80000.0,80000.0,0.6471384046133798
ID:GB-CFS-225147,Cambridgeshire & Peterborough Combined Authority,Unknown,5,641813.0,100000.0,5.1917730110015885
ID:GB-CFS-225150,Doncaster and Bassetlaw Teaching Hospital NHS Foundation Trust,Selective,1,268671.0,268671.0,100.0
ID:GB-CFS-225206,Preston City Council,Unknown,3,736665.6,196998.0,100.0
ID:GB-CFS-22535,University of Bath,Unknown,2,1900000.0,950000.0,100.0
ID:GB-CFS-225428,DVLA - Driver & Vehicle Licensing Agency,Selective,1,90939.25,90939.25,100.0
ID:GB-CFS-225434,Environment Agency,Direct,3,107000.0,36000.0,0.0416749035880239
ID:GB-CFS-225434,Environment Agency,Limited,1,42715.26,42715.26,0.0166369564695081
ID:GB-CFS-225434,Environment Agency,Open,5,748405.88,119880.0,0.2914929242402821
ID:GB-CFS-225434,Environment Agency,Selective,282,255851123.1,118327.88,99.65019521570218
ID:GB-CFS-225581,Offshore Renewable Energy Catapult,Selective,1,1030075.0,1030075.0,100.0
ID:GB-CFS-225728,Watford Borough Council,Unknown,3,307211.06,120881.06,100.0
ID:GB-CFS-225833,The Rotherham NHS Foundation Trust,Unknown,1,1311360.0,1311360.0,100.0
ID:GB-CFS-225942,Natural England,Open,2,1615542.57,807771.285,47.46733324266151
ID:GB-CFS-225942,Natural England,Selective,13,1787940.33,36200.0,52.53266675733849
ID:GB-CFS-226035,UK Research & Innovation,Selective,1,174840.0,174840.0,12.497740663818169
ID:GB-CFS-226035,UK Research & Innovation,Unknown,5,1224132.86,34161.0,87.50225933618184
ID:GB-CFS-226183,CHP,Open,3,2755244.0,625000.0,96.75521237907547
ID:GB-CFS-226183,CHP,Unknown,1,92400.0,92400.0,3.244787620924525
ID:GB-CFS-226251,Bury Council,Open,1,714843.0,714843.0,100.0
ID:GB-CFS-226253,Buckinghamshire Council,Unknown,2,470506.06,235253.03,100.0
ID:GB-CFS-226263,DfTc - Department for Transport,Selective,1,17000.0,17000.0,100.0
ID:GB-CFS-226503,EN Procure Ltd,Direct,1,12486355.0,12486355.0,4.911317659506249
ID:GB-CFS-226503,EN Procure Ltd,Open,4,241750000.0,61875000.0,95.08868234049376
ID:GB-CFS-226794,Oxford City Council,Open,17,2115766.76,76000.0,65.93519932151807
ID:GB-CFS-226794,Oxford City Council,Selective,20,1093091.0,43891.5,34.06480067848193
ID:GB-CFS-226857,NHS Arden and Greater East Midlands Commissioning Support Unit,Open,4,468580.37,99681.185,24.897731048468938
ID:GB-CFS-226857,NHS Arden and Greater East Midlands Commissioning Support Unit,Selective,5,1413440.0,42690.0,75.10226895153106
ID:GB-CFS-226938,Sheffield Teaching Hospitals NHS Foundation Trust,Open,2,2840495.68,1420247.84,52.21385904210105
ID:GB-CFS-226938,Sheffield Teaching Hospitals NHS Foundation Trust,Selective,4,643300.0,149150.0,11.825110581327694
ID:GB-CFS-226938,Sheffield Teaching Hospitals NHS Foundation Trust,Unknown,1,1956322.58,1956322.58,35.961030376571266
ID:GB-CFS-226941,Overton Grange School,Selective,1,535313.18,535313.18,100.0
ID:GB-CFS-227,Nottinghamshire County Council,Direct,50,21235270.5,128734.0,16.592248225940274
ID:GB-CFS-227,Nottinghamshire County Council,Open,11,102131683.55,71249.0,79.80092578499439
ID:GB-CFS-227,Nottinghamshire County Council,Selective,4,2706299.0300000003,504185.5,2.114575619810512
ID:GB-CFS-227,Nottinghamshire County Council,Unknown,4,1909828.0,257914.0,1.4922503692548237
ID:GB-CFS-227065,South West Police Procurement Service,Open,2,5279384.0,2639692.0,100.0
ID:GB-CFS-227105,The Princess Alexandra Hospital NHS Trust,Limited,1,20000.0,20000.0,3.08641975308642
ID:GB-CFS-227105,The Princess Alexandra Hospital NHS Trust,Selective,2,628000.0,314000.0,96.91358024691358
ID:GB-CFS-227107,Forestry England (for and on behalf of the Forestry Commission),Open,2,1021000.0,510500.0,100.0
ID:GB-CFS-227241,Ministry of Defence,Limited,1,200000.0,200000.0,100.0
ID:GB-CFS-227260,Conwy County Borough Council,Unknown,10,3766925.76,263470.0,100.0
ID:GB-CFS-227521,Buckinghamshire Healthcare Trust,Selective,1,107910.0,107910.0,100.0
ID:GB-CFS-227645,South West Police Procurement Service,Direct,1,480000.0,480000.0,100.0
ID:GB-CFS-227900,Defra,Selective,1,91916.9,91916.9,100.0
ID:GB-CFS-228030,Cefas,Direct,1,17000.0,17000.0,31.600275108277412
ID:GB-CFS-228030,Cefas,Open,1,36797.0,36797.0,68.39972489172258
ID:GB-CFS-228045,EA,Selective,1,43501.78,43501.78,100.0
ID:GB-CFS-228074,Trinity House,Open,1,6144762.94,6144762.94,100.0
ID:GB-CFS-228127,Sellafield Limited,Limited,1,128000000.0,128000000.0,99.87991001444357
ID:GB-CFS-228127,Sellafield Limited,Selective,3,153900.0,52200.0,0.1200899855564286
ID:GB-CFS-228156,United Lincolnshire Hospitals NHS Trust,Selective,2,4897259.11,2448629.555,100.0
ID:GB-CFS-228174,South West Police Procurement Service,Direct,7,2896955.0,213783.0,21.319654885577467
ID:GB-CFS-228174,South West Police Procurement Service,Unknown,5,10691234.0,1131906.0,78.68034511442254
ID:GB-CFS-228189,DVLA - Driver & Vehicle Licensing Agency,Selective,1,978096.0,978096.0,100.0
ID:GB-CFS-228193,Haberdashers' Aske's Federation Trust,Selective,1,681300.0,681300.0,100.0
ID:GB-CFS-228228,Ministry of Defence,Selective,1,11880627.0,11880627.0,100.0
ID:GB-CFS-228261,Ministry of Defence,Selective,1,84000.0,84000.0,100.0
ID:GB-CFS-228290,Cambridgeshire & Peterborough Combined Authority,Direct,9,481039.0,49999.0,9.00744223485832
ID:GB-CFS-228290,Cambridgeshire & Peterborough Combined Authority,Open,1,312296.67,312296.67,5.847746679923273
ID:GB-CFS-228290,Cambridgeshire & Peterborough Combined Authority,Selective,2,306750.0,153375.0,5.743885434533977
ID:GB-CFS-228290,Cambridgeshire & Peterborough Combined Authority,Unknown,3,4240376.0,2085785.0,79.40092565068443
ID:GB-CFS-228304,University of East Anglia,Unknown,1,0.0,0.0,
ID:GB-CFS-228375,Nuclear Decommissioning Authority,Selective,14,1375543.31,63601.015,100.0
ID:GB-CFS-228381,Environment Agency,Direct,1,1040000.0,1040000.0,100.0
ID:GB-CFS-228563,Environment Agency,Direct,1,400000.0,400000.0,100.0
ID:GB-CFS-228578,Department of Health & Social Care,Selective,1,386380.8,386380.8,100.0
ID:GB-CFS-228685,DfTc - Department for Transport,Selective,1,176802.0,176802.0,100.0
ID:GB-CFS-228749,National Highways,Selective,16,3601401.02,142132.15,100.0
ID:GB-CFS-228793,ACIS Group Limited,Direct,1,720000.0,720000.0,100.0
ID:GB-CFS-228944,London Ambulance Service,Open,1,6100000.0,6100000.0,77.06914774068446
ID:GB-CFS-228944,London Ambulance Service,Selective,6,1814970.1,146283.5,22.93085225931555
ID:GB-CFS-229189,Leeds Teaching Hospitals NHS Trust,Selective,3,264835.5,20993.14,100.0
ID:GB-CFS-229247,The Bridge MAT Ltd,Selective,1,1672283.32,1672283.32,100.0
ID:GB-CFS-229255,Leeds Teaching Hospitals NHS Trust,Direct,5,34195.0,6914.0,0.4006350727281593
ID:GB-CFS-229255,Leeds Teaching Hospitals NHS Trust,Open,1,18813.06,18813.06,0.220417361056857
ID:GB-CFS-229255,Leeds Teaching Hospitals NHS Trust,Selective,66,8482190.76,65896.2,99.37894756621498
ID:GB-CFS-229303,Cefas,Direct,5,164130.8,20000.0,25.93531325432948
ID:GB-CFS-229303,Cefas,Open,3,409052.0,44200.0,64.6368125745441
ID:GB-CFS-229303,Cefas,Selective,1,59664.0,59664.0,9.427874171126408
ID:GB-CFS-229350,National Highways,Direct,1,18800.0,18800.0,0.0979013444433875
ID:GB-CFS-229350,National Highways,Selective,22,18776078.53,293830.63,97.77677295008642
ID:GB-CFS-229350,National Highways,Unknown,2,408126.4,204063.2,2.125325705470201
ID:GB-CFS-229416,West Hertfordshire Hospitals NHS Trust,Direct,2,119025.0,59512.5,1.9891931252930737
ID:GB-CFS-229416,West Hertfordshire Hospitals NHS Trust,Selective,21,5411017.88,94470.0,90.43108227459696
ID:GB-CFS-229416,West Hertfordshire Hospitals NHS Trust,Unknown,10,453539.03,40000.0,7.57972460010997
ID:GB-CFS-229454,New Forest District Council,Unknown,2,107729.0,53864.5,100.0
ID:GB-CFS-229658,National Highways,Direct,5,74266.85,15000.0,0.0661968176408604
ID:GB-CFS-229658,National Highways,Open,2,69679000.0,34839500.0,62.10749555686712
ID:GB-CFS-229658,National Highways,Selective,116,42317680.4,99384.37,37.71932931614867
ID:GB-CFS-229658,National Highways,Unknown,1,120020.0,120020.0,0.1069783093433486
ID:GB-CFS-229765,Ministry of Defence,Selective,1,40000.0,40000.0,100.0
ID:GB-CFS-229842,Worthing Borough Council,Unknown,3,1306832.31,293065.45,100.0
ID:GB-CFS-229847,Orkney Islands Council,Unknown,4,213260.76,37936.04,100.0
ID:GB-CFS-229934,"Essex Police, Fire & Crime Commissioner Fire & Rescue Authority",Unknown,13,3415144.42,212800.0,100.0
ID:GB-CFS-229993,RNN Group,Selective,1,250000.0,250000.0,100.0
ID:GB-CFS-230034,Leeds Teaching Hospitals NHS Trust,Open,2,223500.0,111750.0,100.0
ID:GB-CFS-230040,Yorwaste Ltd,Unknown,2,1795797.0,897898.5,100.0
ID:GB-CFS-230050,Ministry of Defence,Direct,1,584359.0,584359.0,100.0
ID:GB-CFS-230162,"Barking, Havering and Redbridge University Hospitals NHS Trust",Unknown,2,3803124.9,1901562.45,100.0
ID:GB-CFS-230435,NHS Business Services Authority,Direct,2,48863.6,24431.8,0.1256312156388202
ID:GB-CFS-230435,NHS Business Services Authority,Selective,5,38845610.0,42000.0,99.87436878436118
ID:GB-CFS-230454,Ministry of Defence,Limited,1,28000.0,28000.0,6.862745098039216
ID:GB-CFS-230454,Ministry of Defence,Selective,1,380000.0,380000.0,93.1372549019608
ID:GB-CFS-230479,NHS Derby & Derbyshire Integrated Care Board,Open,1,1.0,1.0,100.0
ID:GB-CFS-230526,Ministry of Defence,Open,1,152127.0,152127.0,56.11248242416016
ID:GB-CFS-230526,Ministry of Defence,Selective,1,118983.8,118983.8,43.88751757583984
ID:GB-CFS-230626,NHS BSA,Unknown,1,15488.0,15488.0,100.0
ID:GB-CFS-230638,Sellafield Limited,Selective,1,9636888.0,9636888.0,100.0
ID:GB-CFS-230716,Royal Papworth Hospital NHS Foundation Trust,Direct,1,53013.42,53013.42,24.04420255750133
ID:GB-CFS-230716,Royal Papworth Hospital NHS Foundation Trust,Unknown,2,167469.75,83734.875,75.95579744249868
ID:GB-CFS-230757,Merseyside Waste Disposal Authority,Open,7,293979.4,49475.0,100.0
ID:GB-CFS-230858,Environment Agency,Selective,2,534733.52,267366.76,100.0
ID:GB-CFS-230906,Restoration & Renewal Delivery Authority Ltd,Selective,14,3369423.57,95000.0,100.0
ID:GB-CFS-230925,Echelon Consultancy Ltd,Selective,1,7545898.0,7545898.0,100.0
ID:GB-CFS-231045,Dounreay,Direct,2,96265.18,48132.59,58.48741196982002
ID:GB-CFS-231045,Dounreay,Unknown,1,68326.1,68326.1,41.51258803017998
ID:GB-CFS-231063,Moat Homes Limited,Open,1,4000000.0,4000000.0,85.56149732620321
ID:GB-CFS-231063,Moat Homes Limited,Unknown,1,675000.0,675000.0,14.43850267379679
ID:GB-CFS-231185,British Business Bank,Unknown,6,4450767.0,198333.5,100.0
ID:GB-CFS-231203,Department of Health and Social Care (DHSC),Open,1,616500.0,616500.0,20.78206640822518
ID:GB-CFS-231203,Department of Health and Social Care (DHSC),Selective,3,2350000.0,600000.0,79.21793359177481
ID:GB-CFS-231214,NS&I,Direct,4,113190.0,11950.0,0.0237890160136828
ID:GB-CFS-231214,NS&I,Limited,1,474380000.0,474380000.0,99.6999153332527
ID:GB-CFS-231214,NS&I,Selective,15,1301636.33,0.0,0.273563455237754
ID:GB-CFS-231214,NS&I,Unknown,1,13000.0,13000.0,0.0027321954958731
ID:GB-CFS-231227,NHS BSA,Selective,6,8179235.97,34117.985,100.0
ID:GB-CFS-231497,Derbyshire Support and Facilities Services Limited,Selective,1,239700.0,239700.0,100.0
ID:GB-CFS-231592,Sellafield Ltd,Selective,1,609458.0,609458.0,100.0
ID:GB-CFS-231689,West Hertfordshire Teaching Hospitals NHS Trust,Selective,7,865500.0,49000.0,100.0
ID:GB-CFS-231694,Medicines and Healthcare Products Regulatory Agency,Open,1,375000.0,375000.0,3.559563360227812
ID:GB-CFS-231694,Medicines and Healthcare Products Regulatory Agency,Selective,3,10160000.0,3800000.0,96.4404366397722
ID:GB-CFS-231739,DVLA - Driver & Vehicle Licensing Agency,Selective,1,143924.58,143924.58,100.0
ID:GB-CFS-232082,National Highways,Open,1,20000000.0,20000000.0,9.493343415598206
ID:GB-CFS-232082,National Highways,Selective,19,190246005.58,5009465.45,90.30353322083764
ID:GB-CFS-232082,National Highways,Unknown,3,427927.98,100000.0,0.203123363564162
ID:GB-CFS-232119,Metropolitan Housing Trust Limited,Selective,1,3774525.0,3774525.0,100.0
ID:GB-CFS-232123,Chesterfield College,Direct,3,198650.65,65000.0,63.72629816123685
ID:GB-CFS-232123,Chesterfield College,Open,1,113074.11,113074.11,36.273701838763145
ID:GB-CFS-232137,Colchester City Council,Open,10,9491000.0,404500.0,32.91674614783983
ID:GB-CFS-232137,Colchester City Council,Selective,2,16898573.0,8449286.5,58.60773761476559
ID:GB-CFS-232137,Colchester City Council,Unknown,12,2443775.1,99750.0,8.475516237394574
ID:GB-CFS-232185,Environment Agency,Selective,6,8001393.18,159449.75,100.0
ID:GB-CFS-232276,Southern Regional College,Open,1,532048.02,532048.02,100.0
ID:GB-CFS-232314,Fenland District Council,Open,1,21910.0,21910.0,100.0
ID:GB-CFS-232382,Ministry of Defence,Selective,1,108000.0,108000.0,100.0
ID:GB-CFS-232457,DfTc - Department for Transport,Selective,4,159564.73,32650.0,100.0
ID:GB-CFS-232463,North Warwickshire and South Leicestershire College,Open,8,660004.69,37249.0,100.0
ID:GB-CFS-232470,Environment Agency,Selective,14,23910020.02,65727.785,100.0
ID:GB-CFS-232478,Oxford City Council,Open,3,0.0,0.0,
ID:GB-CFS-232497,Foreign Commonwealth and Development Office,Selective,1,500000000.0,500000000.0,100.0
ID:GB-CFS-232568,Nottingham University Hospitals NHS Trust,Open,1,7980033.6,7980033.6,100.0
ID:GB-CFS-232832,The Education Training Collective,Open,3,716564.0,216000.0,100.0
ID:GB-CFS-232864,Bournemouth University,Selective,1,317884.27,317884.27,100.0
ID:GB-CFS-233099,Ministry of Justice,Open,1,2470000.0,2470000.0,100.0
ID:GB-CFS-233134,Cheshire west and Chester Borough Council,Open,32,196053000.0,120000.0,100.0
ID:GB-CFS-233232,Enfield Council,Direct,1,7237026.0,7237026.0,100.0
ID:GB-CFS-233262,CEFAS,Selective,1,23820.0,23820.0,100.0
ID:GB-CFS-233344,South Derbyshire District Council,Selective,1,94500.0,94500.0,1.9607192940849505
ID:GB-CFS-233344,South Derbyshire District Council,Unknown,5,4725159.82,277893.0,98.03928070591506
ID:GB-CFS-233388,National Highways,Selective,3,640103.7300000001,44289.48,100.0
ID:GB-CFS-233418,Calderdale and Huddersfield Solutions,Selective,1,57585.08,57585.08,100.0
ID:GB-CFS-233457,Bournemouth Christchurch and Poole Council,Unknown,1,813018.0,813018.0,100.0
ID:GB-CFS-233573,Animal and Plant Health Agency,Direct,5,599199.9,57160.37,42.32946607112941
ID:GB-CFS-233573,Animal and Plant Health Agency,Selective,10,816362.25,28429.85,57.67053392887059
ID:GB-CFS-233740,University Hospitals Birmingham NHS Foundation Trust,Open,1,14460.0,14460.0,0.5978435312498891
ID:GB-CFS-233740,University Hospitals Birmingham NHS Foundation Trust,Selective,28,2404233.06,50597.04,99.4021564687501
ID:GB-CFS-233852,Ministry of Defence,Open,1,845000.0,845000.0,100.0
ID:GB-CFS-233901,Sefton Council,Direct,1,50000.0,50000.0,58.99705014749262
ID:GB-CFS-233901,Sefton Council,Open,1,34750.0,34750.0,41.00294985250738
ID:GB-CFS-234079,Imperial War Museums,Open,9,4002793.49,75000.0,100.0
ID:GB-CFS-234150,Bournemouth Christchurch and Poole Council,Open,1,199800.0,199800.0,100.0
ID:GB-CFS-234344,Nuclear Waste Services,Open,1,49600000.0,49600000.0,100.0
ID:GB-CFS-234467,The 3-18 Education Trust,Selective,1,1991028.0,1991028.0,100.0
ID:GB-CFS-234553,Golding Homes,Limited,1,780000.0,780000.0,60.43482718696032
ID:GB-CFS-234553,Golding Homes,Open,2,510646.53,255323.265,39.56517281303968
ID:GB-CFS-234649,South Ribble Borough Council,Open,1,69000.0,69000.0,100.0
ID:GB-CFS-234661,Environment Agency,Selective,15,16090914.0,196135.14,100.0
ID:GB-CFS-234783,National Highways,Selective,2,25922914.76,12961457.38,100.0
ID:GB-CFS-234860,Royal Papworth Hospital,Open,1,638198.16,638198.16,18.82686881586132
ID:GB-CFS-234860,Royal Papworth Hospital,Selective,9,2751628.19,100000.0,81.17313118413868
ID:GB-CFS-234903,Housing 21,Selective,1,4800000.0,4800000.0,100.0
ID:GB-CFS-234958,Bury Council,Unknown,1,282111.0,282111.0,100.0
ID:GB-CFS-235169,"Royal Botanic Gardens, Kew",Open,9,4025219.0,375000.0,100.0
ID:GB-CFS-235372,Sellafield Ltd,Selective,8,8873532.379999999,698449.44,100.0
ID:GB-CFS-235539,Arts Council England,Open,5,400574.17,77565.0,100.0
ID:GB-CFS-235542,CEFAS,Direct,4,262814.5,66857.25,56.97992695784521
ID:GB-CFS-235542,CEFAS,Open,1,48426.0,48426.0,10.4990780297914
ID:GB-CFS-235542,CEFAS,Selective,1,150000.0,150000.0,32.52099501236339
ID:GB-CFS-235581,Wyre Council,Unknown,4,1280903.82,125451.91,100.0
ID:GB-CFS-236127,Holy Cross Catholic Multi Academy Company,Selective,4,6853400.0,1420275.0,100.0
ID:GB-CFS-236261,Defra,Open,1,650000.0,650000.0,67.6415950354316
ID:GB-CFS-236261,Defra,Selective,2,310947.18,155473.59,32.3584049645684
ID:GB-CFS-236272,PD Ports,Unknown,1,0.0,0.0,
ID:GB-CFS-236354,United Lincolnshire NHS Trust,Selective,1,1001291.68,1001291.68,100.0
ID:GB-CFS-236373,Department for Work and Pensions,Selective,6,19505000.0,3350000.0,100.0
ID:GB-CFS-236475,West Sussex County Council,Open,2,1467725.0,733862.5,100.0
ID:GB-CFS-236497,DVLA - Driver & Vehicle Licensing Agency,Selective,1,34371.4,34371.4,100.0
ID:GB-CFS-236526,The Howard Academy Trust,Open,1,540221.47,540221.47,100.0
ID:GB-CFS-236678,Environment Agency,Selective,1,1426914.0,1426914.0,100.0
ID:GB-CFS-2367,Student Loans Company,Unknown,1,5038591.85,5038591.85,100.0
ID:GB-CFS-236781,NHS Arden and Greater East Midlands Commissioning Support Unit,Selective,1,46800.0,46800.0,100.0
ID:GB-CFS-236892,Defra,Direct,1,12000.0,12000.0,100.0
ID:GB-CFS-237213,Homes England (the name adopted by the Homes and Communities Agency),Open,3,355996.0,156400.0,66.35576034117682
ID:GB-CFS-237213,Homes England (the name adopted by the Homes and Communities Agency),Unknown,3,180500.0,50000.0,33.644239658823174
ID:GB-CFS-237258,Golden Lane Housing Limited,Selective,1,87000000.0,87000000.0,99.9488193114905
ID:GB-CFS-237258,Golden Lane Housing Limited,Unknown,1,44550.0,44550.0,0.0511806885095046
ID:GB-CFS-237281,Ministry of Defence,Selective,1,2750000.0,2750000.0,100.0
ID:GB-CFS-237648,Medicines and Healthcare Products Regulatory Agency,Direct,1,70000.0,70000.0,32.71028037383177
ID:GB-CFS-237648,Medicines and Healthcare Products Regulatory Agency,Open,2,110000.0,55000.0,51.4018691588785
ID:GB-CFS-237648,Medicines and Healthcare Products Regulatory Agency,Unknown,1,34000.0,34000.0,15.887850467289718
ID:GB-CFS-237652,Housing 21,Open,1,1200000.0,1200000.0,100.0
ID:GB-CFS-237705,NHS England,Selective,1,429862.0,429862.0,100.0
ID:GB-CFS-238062,Southern Housing,Open,1,5000000.0,5000000.0,100.0
ID:GB-CFS-238177,Department for Education,Selective,1,2800000.0,2800000.0,100.0
ID:GB-CFS-238199,Care Quality Commission,Direct,2,98128.0,49064.0,0.2103015195958364
ID:GB-CFS-238199,Care Quality Commission,Open,2,224845.0,112422.5,0.4818731164756833
ID:GB-CFS-238199,Care Quality Commission,Selective,31,46337650.37,133760.0,99.30782536392849
ID:GB-CFS-238343,Rural Payments Agency,Selective,1,9691693.27,9691693.27,100.0
ID:GB-CFS-238385,NHDC - Waste,Selective,1,0.0,0.0,
ID:GB-CFS-238443,The Arts Council of England,Unknown,1,60000.0,60000.0,100.0
ID:GB-CFS-238473,Care Quality Commission,Selective,1,51220.0,51220.0,100.0
ID:GB-CFS-238487,Care Quality Commission,Open,1,61875.0,61875.0,36.38956685388303
ID:GB-CFS-238487,Care Quality Commission,Selective,1,108160.0,108160.0,63.610433146116975
ID:GB-CFS-238492,Sellafield Ltd,Open,1,2190000.0,2190000.0,27.904471866688528
ID:GB-CFS-238492,Sellafield Ltd,Selective,2,5058204.44,2529102.22,64.45046734791735
ID:GB-CFS-238492,Sellafield Ltd,Unknown,1,600000.0,600000.0,7.645060785394117
ID:GB-CFS-238528,Care Quality Commission,Direct,1,41895.89,41895.89,4.072438307491129
ID:GB-CFS-238528,Care Quality Commission,Limited,1,27000.0,27000.0,2.624501694611583
ID:GB-CFS-238528,Care Quality Commission,Selective,6,959870.83,140800.0,93.3030599978973
ID:GB-CFS-238590,East Suffolk Council,Selective,2,100514.2,50257.1,100.0
ID:GB-CFS-238711,NHS Arden and Greater East Midlands Commissioning Support Unit,Direct,2,687047.0,343523.5,12.292825730829303
ID:GB-CFS-238711,NHS Arden and Greater East Midlands Commissioning Support Unit,Limited,1,861425.36,861425.36,15.4128492382572
ID:GB-CFS-238711,NHS Arden and Greater East Midlands Commissioning Support Unit,Open,2,320000.0,160000.0,5.725524212849161
ID:GB-CFS-238711,NHS Arden and Greater East Midlands Commissioning Support Unit,Selective,10,3720535.53,286900.0,66.56880081806433
ID:GB-CFS-239147,Ministry of Defence,Selective,1,4135443.9,4135443.9,100.0
ID:GB-CFS-239206,Food Standards Agency,Limited,1,76752.0,76752.0,2.0697027520477658
ID:GB-CFS-239206,Food Standards Agency,Open,2,158162.0,79081.0,4.26501363703068
ID:GB-CFS-239206,Food Standards Agency,Selective,2,3473444.6,1736722.3,93.66528361092156
ID:GB-CFS-239241,Nuclear Decommissioning Authority,Selective,1,26282.74,26282.74,100.0
ID:GB-CFS-239293,Gateshead College,Open,3,1440000.0,450000.0,100.0
ID:GB-CFS-239321,Ministry of Defence,Direct,1,35661.0,35661.0,100.0
ID:GB-CFS-239403,Intellectual Property Office,Selective,1,250000.0,250000.0,100.0
ID:GB-CFS-239423,Perth & Kinross Council,Unknown,6,930871.21,156050.815,100.0
ID:GB-CFS-239426,The Board of Trustees of the National Gallery,Selective,1,250000.0,250000.0,100.0
ID:GB-CFS-239549,National Highways,Limited,1,45000.0,45000.0,0.3104490324802437
ID:GB-CFS-239549,National Highways,Selective,12,14356561.95,235306.0,99.04401704711512
ID:GB-CFS-239549,National Highways,Unknown,4,93571.0,16600.0,0.6455339204046417
ID:GB-CFS-239698,East Cambridgeshire District Council,Open,1,3200000.0,3200000.0,100.0
ID:GB-CFS-239701,Newcastle-under-Lyme Borough Council,Unknown,2,52950.0,26475.0,100.0
ID:GB-CFS-239725,Sussex Community NHS Foundation Trust,Direct,2,100000.0,50000.0,4.705441347906423
ID:GB-CFS-239725,Sussex Community NHS Foundation Trust,Selective,6,2020699.16,135373.0,95.0828137914378
ID:GB-CFS-239725,Sussex Community NHS Foundation Trust,Unknown,1,4500.0,4500.0,0.211744860655789
ID:GB-CFS-239795,Food Standards Agency,Open,3,549600.0,75000.0,37.56900330828705
ID:GB-CFS-239795,Food Standards Agency,Selective,2,805859.0,402929.5,55.08609795671925
ID:GB-CFS-239795,Food Standards Agency,Unknown,1,107449.12,107449.12,7.34489873499369
ID:GB-CFS-239814,West Midlands Combined Authority,Open,1,240000.0,240000.0,100.0
ID:GB-CFS-239932,Department of Health and Social Care (London),Open,1,5511336.0,5511336.0,100.0
ID:GB-CFS-239943,NHS Business Services Authority,Selective,1,264369.6,264369.6,100.0
ID:GB-CFS-240015,Salford City Council,Selective,3,297819.21,71495.46,100.0
ID:GB-CFS-240035,West Hertfordshire Hospitals NHS Trust,Direct,2,199276.22,99638.11,19.122757013414724
ID:GB-CFS-240035,West Hertfordshire Hospitals NHS Trust,Selective,5,796828.16,221000.0,76.46447370953919
ID:GB-CFS-240035,West Hertfordshire Hospitals NHS Trust,Unknown,1,45985.0,45985.0,4.412769277046082
ID:GB-CFS-240389,Department for Work and Pensions,Selective,2,177122.0,88561.0,100.0
ID:GB-CFS-240538,Defra,Selective,3,3476381.22,181600.0,100.0
ID:GB-CFS-240803,NHS England,Limited,1,40305.83,40305.83,2.23887314072233
ID:GB-CFS-240803,NHS England,Open,1,218941.25,218941.25,12.161557869448982
ID:GB-CFS-240803,NHS England,Selective,6,1541025.98,69636.86,85.59956898982868
ID:GB-CFS-240887,Ministry of Defence,Selective,1,14647542.08,14647542.08,100.0
ID:GB-CFS-240906,Sussex Community NHS Foundation Trust,Selective,1,907829.0,907829.0,100.0
ID:GB-CFS-240942,Islington Council,Open,2,219900.0,109950.0,45.76005325895858
ID:GB-CFS-240942,Islington Council,Unknown,1,260650.14,260650.14,54.23994674104142
ID:GB-CFS-240966,Ministry of Defence,Selective,1,299393.69,299393.69,100.0
ID:GB-CFS-240978,Ministry of Defence,Unknown,1,76302312.28,76302312.28,100.0
ID:GB-CFS-241000,NHS England,Direct,5,229899.45,43070.05,0.0395611864844768
ID:GB-CFS-241000,NHS England,Limited,3,12392347.28,18200.0,2.1324799242646293
ID:GB-CFS-241000,NHS England,Open,5,37784443.0,4290000.0,6.501961599886766
ID:GB-CFS-241000,NHS England,Selective,36,530561122.1,346774.56,91.29916358134574
ID:GB-CFS-241000,NHS England,Unknown,1,155937.05,155937.05,0.0268337080183932
ID:GB-CFS-241209,Wiltshire College,Open,4,135000.0,0.0,100.0
ID:GB-CFS-241321,University Hospitals Dorset NHS Foundation Trust,Limited,2,100280.0,50140.0,12.984759611026949
ID:GB-CFS-241321,University Hospitals Dorset NHS Foundation Trust,Open,3,672010.0,161406.0,87.01524038897306
ID:GB-CFS-241498,Department for Education,Selective,2,1175000.0,587500.0,100.0
ID:GB-CFS-241557,Ministry of Defence,Selective,1,394445.59,394445.59,100.0
ID:GB-CFS-241819,Office for Students,Open,2,1700000.0,850000.0,81.01516268823998
ID:GB-CFS-241819,Office for Students,Unknown,12,398372.63,25925.0,18.98483731176002
ID:GB-CFS-241911,National Highways,Direct,1,6334923.0,6334923.0,26.36924838800276
ID:GB-CFS-241911,National Highways,Limited,2,43511.28,21755.64,0.1811166055214778
ID:GB-CFS-241911,National Highways,Open,7,14032924.97,134933.0,58.4123412619437
ID:GB-CFS-241911,National Highways,Selective,17,3612545.06,129757.97,15.037293744532072
ID:GB-CFS-241923,Imperial War Museum,Open,2,313500.0,156750.0,99.99968102175112
ID:GB-CFS-241923,Imperial War Museum,Selective,1,1.0,1.0,0.0003189782488732
ID:GB-CFS-241944,International Nuclear Services,Open,3,981096.43,99451.85,98.62531234939064
ID:GB-CFS-241944,International Nuclear Services,Selective,1,13675.0,13675.0,1.3746876506093464
ID:GB-CFS-242002,Manchester City Council,Open,1,1400000.0,1400000.0,100.0
ID:GB-CFS-242017,Sellafield Limited,Direct,1,72000.0,72000.0,100.0
ID:GB-CFS-242030,NHS England,Selective,1,5765409.31,5765409.31,100.0
ID:GB-CFS-242032,Northern Trains Limited,Open,1,222509.01,222509.01,100.0
ID:GB-CFS-242141,Southend City Council,Open,1,798366.97,798366.97,100.0
ID:GB-CFS-242143,NHS England,Selective,1,268184.0,268184.0,100.0
ID:GB-CFS-242187,Hertfordshire & West Essex ICS NHS Procurement,Selective,1,92000.0,92000.0,100.0
ID:GB-CFS-242190,Fenland District Council,Open,1,298429.3,298429.3,100.0
ID:GB-CFS-242447,DEFRA,Selective,4,17210400.0,3535000.0,100.0
ID:GB-CFS-242557,DEFRA,Selective,1,393376.75,393376.75,100.0
ID:GB-CFS-242636,Reading Borough Council,Selective,1,17022.0,17022.0,100.0
ID:GB-CFS-242784,Cumberland Council,Direct,3,347705.12,95000.0,0.0505677086774245
ID:GB-CFS-242784,Cumberland Council,Open,51,670897914.66,39197.0,97.5705226912348
ID:GB-CFS-242784,Cumberland Council,Unknown,40,16357455.57,94207.5,2.3789096000877854
ID:GB-CFS-242892,London Ambulance Service NHS Trust,Direct,2,78349.6,39174.8,1.196144954895426
ID:GB-CFS-242892,London Ambulance Service NHS Trust,Selective,23,6471826.42,88672.4,98.80385504510458
ID:GB-CFS-24293,Hartlepool College of Further Education,Direct,2,85049.79999999999,42524.9,15.55140037901256
ID:GB-CFS-24293,Hartlepool College of Further Education,Limited,1,129000.0,129000.0,23.587717418413924
ID:GB-CFS-24293,Hartlepool College of Further Education,Open,5,332845.0,79000.0,60.86088220257351
ID:GB-CFS-242962,NHS England,Limited,1,150000.0,150000.0,0.783289508824914
ID:GB-CFS-242962,NHS England,Selective,1,19000000.0,19000000.0,99.21667111782246
ID:GB-CFS-242962,NHS England,Unknown,1,7.54,7.54,3.937335264359901e-05
ID:GB-CFS-243433,Environment Agency,Selective,2,155213.2,77606.6,100.0
ID:GB-CFS-243623,South Ribble Borough Council,Open,1,30471.0,30471.0,100.0
ID:GB-CFS-243643,Ministry of Defence,Direct,2,20578508.0,10289254.0,99.88554558159348
ID:GB-CFS-243643,Ministry of Defence,Selective,1,23580.0,23580.0,0.1144544184065226
ID:GB-CFS-243661,Trinity House,Unknown,1,35696.19,35696.19,100.0
ID:GB-CFS-243667,DVLA - Driver & Vehicle Licensing Agency,Selective,1,480000.0,480000.0,100.0
ID:GB-CFS-243750,Monmouthshire County Council,Unknown,1,248040.0,248040.0,100.0
ID:GB-CFS-243797,Manchester City Council,Open,6,42194141.0,390620.5,58.80832711098275
ID:GB-CFS-243797,Manchester City Council,Unknown,1,29554441.34,29554441.34,41.19167288901725
ID:GB-CFS-243840,DEFRA,Selective,1,22556390.98,22556390.98,100.0
ID:GB-CFS-244021,West Sussex County Council,Direct,11,4425454.98,90000.0,17.723544810270237
ID:GB-CFS-244021,West Sussex County Council,Selective,78,20543900.91,35299.15,82.27645518972977
ID:GB-CFS-244052,Ministry of Defence,Open,1,4488335.68,4488335.68,97.8738880587191
ID:GB-CFS-244052,Ministry of Defence,Selective,2,97500.0,48750.0,2.1261119412808966
ID:GB-CFS-244139,Foreign Commonwealth and Development Office,Unknown,1,966000.0,966000.0,100.0
ID:GB-CFS-244168,Wiltshire Council,Open,1,21191000000.0,21191000000.0,100.0
ID:GB-CFS-244175,AHDB,Open,1,100000.0,100000.0,100.0
ID:GB-CFS-244185,Canterbury City Council,Unknown,1,622242.0,622242.0,100.0
ID:GB-CFS-244272,Medicines and Healthcare Products Regulatory Agency,Open,2,400000.0,200000.0,16.80672268907563
ID:GB-CFS-244272,Medicines and Healthcare Products Regulatory Agency,Selective,5,1955000.0,300000.0,82.14285714285714
ID:GB-CFS-244272,Medicines and Healthcare Products Regulatory Agency,Unknown,1,25000.0,25000.0,1.050420168067227
ID:GB-CFS-244282,Lincolnshire Community Health Service NHS Trust,Selective,8,15857400.0,2600000.0,100.0
ID:GB-CFS-244391,7F Commercial Services,Selective,1,444991.87,444991.87,100.0
ID:GB-CFS-244452,London Borough of Sutton (on behalf of Sutton Houisng Partnership),Open,1,2900000.0,2900000.0,100.0
ID:GB-CFS-244522,Northern Trains Limited,Open,2,3180133.82,1590066.91,81.9593851018262
ID:GB-CFS-244522,Northern Trains Limited,Selective,1,700000.0,700000.0,18.0406148981738
ID:GB-CFS-244681,Intellectual Property Office,Selective,1,12665508.0,12665508.0,100.0
ID:GB-CFS-244697,Capital City College Group,Open,5,6784385.09,200000.0,98.61682634415372
ID:GB-CFS-244697,Capital City College Group,Unknown,1,95156.0,95156.0,1.3831736558462795
ID:GB-CFS-244747,NHS England,Direct,3,82524.15,30924.15,0.7708101874816958
ID:GB-CFS-244747,NHS England,Open,1,500000.0,500000.0,4.670209796051799
ID:GB-CFS-244747,NHS England,Selective,4,7623633.0,210800.0,71.20793103620751
ID:GB-CFS-244747,NHS England,Unknown,1,2500000.0,2500000.0,23.35104898025899
ID:GB-CFS-244818,National Highways,Selective,1,103914.48,103914.48,100.0
ID:GB-CFS-244822,Communities and Housing Investment Consortium Limited,Open,133,0.0,0.0,
ID:GB-CFS-244842,Lincolnshire Community Health Services NHS Trust,Limited,1,500000.0,500000.0,59.72128078258766
ID:GB-CFS-244842,Lincolnshire Community Health Services NHS Trust,Selective,3,337222.5,70000.0,40.27871921741234
ID:GB-CFS-244870,Department for Work and Pensions,Selective,1,2500000.0,2500000.0,100.0
ID:GB-CFS-244940,South West Police Procurement Service,Direct,1,350000.0,350000.0,100.0
ID:GB-CFS-244983,Tyne Coast College,Open,6,478556.34,47571.5,100.0
ID:GB-CFS-245003,London Ambulance Service,Limited,1,39337.92,39337.92,1.013253374914876
ID:GB-CFS-245003,London Ambulance Service,Open,1,3750000.0,3750000.0,96.59128281136331
ID:GB-CFS-245003,London Ambulance Service,Selective,1,93000.0,93000.0,2.3954638137218103
ID:GB-CFS-245102,Somerset Council,Open,1,396541.59,396541.59,100.0
ID:GB-CFS-245127,Calderdale & Huddersfield Solutions Ltd,Selective,1,148280.0,148280.0,100.0
ID:GB-CFS-245246,Ministry of Justice,Selective,1,1359360.0,1359360.0,100.0
ID:GB-CFS-245296,DVSA - Driver and Vehicle Standards Agency,Direct,1,75000.0,75000.0,100.0
ID:GB-CFS-245351,Cumberland Council,Direct,1,29054.7,29054.7,0.0267670549027573
ID:GB-CFS-245351,Cumberland Council,Open,6,96229525.65,3292316.0,88.65281680209544
ID:GB-CFS-245351,Cumberland Council,Unknown,7,12287914.98,92311.5,11.320416143001784
ID:GB-CFS-245484,Gloucestershire Hospitals NHS Foundation Trust,Selective,2,96400.0,48200.0,100.0
ID:GB-CFS-245537,Westmorland and Furness Council,Direct,7,3629681.11,127793.75,10.56213777347085
ID:GB-CFS-245537,Westmorland and Furness Council,Open,36,29573272.68,37500.0,86.05631486414009
ID:GB-CFS-245537,Westmorland and Furness Council,Unknown,4,1162069.54,185324.0,3.38154736238906
ID:GB-CFS-245636,Brooke Weston Trust,Selective,1,247469.0,247469.0,100.0
ID:GB-CFS-245658,United Lincolnshire Hospitals NHS Trust,Open,1,300000.0,300000.0,80.64516129032258
ID:GB-CFS-245658,United Lincolnshire Hospitals NHS Trust,Selective,1,72000.0,72000.0,19.35483870967742
ID:GB-CFS-245662,Birmingham City Council,Open,1,27125.0,27125.0,100.0
ID:GB-CFS-245688,SSC Partnership Ltd,Open,1,0.0,0.0,
ID:GB-CFS-245842,Princess Alexandra Hospital NHS Trust,Selective,9,3182200.0,178000.0,89.63438679511013
ID:GB-CFS-245842,Princess Alexandra Hospital NHS Trust,Unknown,2,368000.0,184000.0,10.365613204889865
ID:GB-CFS-245855,The Riverside Group Limited,Open,4,0.0,0.0,0.0
ID:GB-CFS-245855,The Riverside Group Limited,Selective,1,0.0,0.0,0.0
ID:GB-CFS-245855,The Riverside Group Limited,Unknown,11,1785981.0,103662.0,100.0
ID:GB-CFS-245929,NHS North West London Integrated Care Board,Open,1,394036.0,394036.0,46.2005089142538
ID:GB-CFS-245929,NHS North West London Integrated Care Board,Selective,1,346669.38,346669.38,40.646798213840455
ID:GB-CFS-245929,NHS North West London Integrated Care Board,Unknown,1,112177.0,112177.0,13.152692871905735
ID:GB-CFS-245947,The North Yorkshire Council,Direct,13,58205596.94,520770.0,24.00196189236801
ID:GB-CFS-245947,The North Yorkshire Council,Open,18,121621362.09,249740.0,50.15241577525984
ID:GB-CFS-245947,The North Yorkshire Council,Selective,57,43672212.28,36814.0,18.008900002872583
ID:GB-CFS-245947,The North Yorkshire Council,Unknown,15,19004325.7,487538.47,7.836722329499573
ID:GB-CFS-246000,Newcastle City Council,Unknown,11,4045562.28,241500.0,100.0
ID:GB-CFS-246027,Barnsley Hospital NHS Foundation Trust,Selective,1,76383.2,76383.2,100.0
ID:GB-CFS-246166,South Yorkshire Pensions Authority,Direct,8,601779.47,53551.075,16.123450006478134
ID:GB-CFS-246166,South Yorkshire Pensions Authority,Selective,1,30630.0,30630.0,0.8206681987646159
ID:GB-CFS-246166,South Yorkshire Pensions Authority,Unknown,1,3099915.0,3099915.0,83.05588179475725
ID:GB-CFS-246204,Hertfordshire Partnership Foundation NHS Trust,Selective,2,226000.0,113000.0,93.7759336099585
ID:GB-CFS-246204,Hertfordshire Partnership Foundation NHS Trust,Unknown,1,15000.0,15000.0,6.224066390041494
ID:GB-CFS-24655,Middlesbrough College,Open,10,2438634.96,205855.8,80.29657189063111
ID:GB-CFS-24655,Middlesbrough College,Unknown,1,598400.0,598400.0,19.703428109368883
ID:GB-CFS-246603,Nuneaton and Bedworth BC (NUN),Open,1,70000.0,70000.0,25.956525785768925
ID:GB-CFS-246603,Nuneaton and Bedworth BC (NUN),Unknown,1,199681.7,199681.7,74.04347421423108
ID:GB-CFS-246618,Nuclear Waste Services,Selective,5,2641578.22,199599.83,100.0
ID:GB-CFS-246724,East Devon District Council,Selective,3,882881.34,240978.92,100.0
ID:GB-CFS-246871,Southend-on-Sea City Council,Unknown,1,45705.39,45705.39,100.0
ID:GB-CFS-247169,Stonewater Limited,Open,1,2213087.05,2213087.05,100.0
ID:GB-CFS-247253,NHS Coventry & Warwickshire Integrated Care Board,Selective,1,647839.0,647839.0,100.0
ID:GB-CFS-247367,Scape Group Limited (trading as SCAPE),Selective,3,3800000.0,1000000.0,69.19106202096707
ID:GB-CFS-247367,Scape Group Limited (trading as SCAPE),Unknown,6,1692038.84,146360.0,30.80893797903294
ID:GB-CFS-247732,Central London Community Healthcare NHS Trust,Limited,1,450000.0,450000.0,39.85245734680051
ID:GB-CFS-247732,Central London Community Healthcare NHS Trust,Open,1,679165.0,679165.0,60.14754265319949
ID:GB-CFS-247746,DVSA - Driver and Vehicle Standards Agency,Direct,1,35115.0,35115.0,100.0
ID:GB-CFS-247969,UKHSA,Selective,10,6474914.27,538795.5,100.0
ID:GB-CFS-247980,Manchester City Council,Open,5,8753493.6,447653.6,100.0
ID:GB-CFS-248056,Ministry of Defence,Limited,1,1630000.0,1630000.0,88.85850618493363
ID:GB-CFS-248056,Ministry of Defence,Selective,1,204377.0,204377.0,11.141493815066369
ID:GB-CFS-248067,Ministry of Defence,Direct,1,185580.0,185580.0,99.99946115173428
ID:GB-CFS-248067,Ministry of Defence,Selective,1,1.0,1.0,0.0005388482657168
ID:GB-CFS-248165,Defra,Direct,1,76519.2,76519.2,50.50132260465999
ID:GB-CFS-248165,Defra,Selective,1,75000.0,75000.0,49.49867739533999
ID:GB-CFS-248175,Defra,Open,1,350728.0,350728.0,6.066463902318874
ID:GB-CFS-248175,Defra,Selective,2,5430696.0,2715348.0,93.93353609768111
ID:GB-CFS-248273,Sellafield Ltd,Selective,1,95000000.0,95000000.0,100.0
ID:GB-CFS-248334,capitalEsourcing,Selective,2,18044286.0,9022143.0,100.0
ID:GB-CFS-248470,Defra,Selective,1,1154495.05,1154495.05,100.0
ID:GB-CFS-248574,Defra,Selective,7,1839207.47,139053.0,100.0
ID:GB-CFS-248831,Impact Multi Academy Trust,Selective,1,5956727.05,5956727.05,100.0
ID:GB-CFS-248875,DfTc - Department for Transport,Direct,1,60000.0,60000.0,100.0
ID:GB-CFS-248947,DVLA - Driver & Vehicle Licensing Agency,Selective,3,325680.0,120000.0,100.0
ID:GB-CFS-248964,KCH Interventional Facilities Management LLP,Selective,2,196035.47,98017.735,100.0
ID:GB-CFS-249000,Westmorland and Furness Council,Open,34,12266095.23,146171.0,27.95726332286744
ID:GB-CFS-249000,Westmorland and Furness Council,Selective,6,1044520.88,128459.5,2.380704269845557
ID:GB-CFS-249000,Westmorland and Furness Council,Unknown,46,30563832.86,125578.5,69.66203240728701
ID:GB-CFS-249002,Breckland District Council,Open,2,0.0,0.0,
ID:GB-CFS-249089,Environment Agency,Selective,6,879217.51,115172.205,100.0
ID:GB-CFS-249188,National Highways,Direct,14,2092717.48,59685.795,97.40376702699228
ID:GB-CFS-249188,National Highways,Selective,2,55780.0,27890.0,2.596232973007723
ID:GB-CFS-249233,Food Standards Agency,Limited,1,82410.35,82410.35,64.15466026238607
ID:GB-CFS-249233,Food Standards Agency,Open,1,46045.4,46045.4,35.845339737613926
ID:GB-CFS-249261,The Rotherham Nhs Foundation Trust,Selective,2,467673.35,233836.675,100.0
ID:GB-CFS-249388,Department for Work and Pensions,Direct,1,59126.29,59126.29,4.819729776751156
ID:GB-CFS-249388,Department for Work and Pensions,Selective,1,1167629.0,1167629.0,95.18027022324884
ID:GB-CFS-249436,Food Standards Agency,Direct,3,191786.22,59996.22,11.42011558046905
ID:GB-CFS-249436,Food Standards Agency,Open,4,1487585.75,392279.33,88.57988441953096
ID:GB-CFS-249470,Fylde Borough Council,Unknown,4,1811568.74,102151.25,100.0
ID:GB-CFS-249530,Dorset County Hospital NHS Foundation Trust,Selective,19,4176849.71,94269.0,100.0
ID:GB-CFS-249565,Breckland District Council,Open,2,0.0,0.0,
ID:GB-CFS-249565,Breckland District Council,Unknown,3,0.0,0.0,
ID:GB-CFS-249637,Brampton Manor Trust,Open,1,430000.0,430000.0,100.0
ID:GB-CFS-249646,DEFRA,Selective,3,5444683.8,1353000.0,100.0
ID:GB-CFS-249654,The Barnet Group,Open,1,28000000.0,28000000.0,97.68703920216818
ID:GB-CFS-249654,The Barnet Group,Selective,1,662963.1,662963.1,2.312960797831819
ID:GB-CFS-249702,DEFRA,Selective,25,14043693.39,81897.5,100.0
ID:GB-CFS-249732,West Lancashire Borough Council,Unknown,1,24325.0,24325.0,100.0
ID:GB-CFS-249774,Bath and North East Somerset Council,Open,2,29773958.5,14886979.25,99.19281707610024
ID:GB-CFS-249774,Bath and North East Somerset Council,Selective,1,242286.0,242286.0,0.8071829238997571
ID:GB-CFS-249790,Sellafield Ltd,Selective,7,629539.4,70187.46,64.26892067843315
ID:GB-CFS-249790,Sellafield Ltd,Unknown,2,350000.0,175000.0,35.73107932156685
ID:GB-CFS-249862,Ministry of Defence,Direct,2,48515397.0,24257698.5,100.0
ID:GB-CFS-250026,ONGO Housing,Unknown,2,3305010.24,1652505.12,100.0
ID:GB-CFS-250051,THE CORPORATION OF TRINITY HOUSE,Unknown,10,467026.11,49309.125,100.0
ID:GB-CFS-250272,Department for Education,Selective,1,109450.0,109450.0,100.0
ID:GB-CFS-250313,Walsall Healthcare NHS Trust,Direct,2,96085.0,48042.5,2.1743940125012053
ID:GB-CFS-250313,Walsall Healthcare NHS Trust,Selective,15,4322847.33,75275.0,97.8256059874988
ID:GB-CFS-250487,Northern Lincolnshire and Goole NHS Foundation Trust,Selective,1,480000.0,480000.0,100.0
ID:GB-CFS-250488,St George's University Hospitals NHS Foundation Trust,Selective,1,860248.0,860248.0,100.0
ID:GB-CFS-250491,The Newcastle Upon Tyne Hospitals NHS Foundation Trust,Limited,1,97860.0,97860.0,9.646913787554316
ID:GB-CFS-250491,The Newcastle Upon Tyne Hospitals NHS Foundation Trust,Open,2,197932.93,98966.465,19.511975387574324
ID:GB-CFS-250491,The Newcastle Upon Tyne Hospitals NHS Foundation Trust,Selective,3,718624.76,275887.14,70.84111082487136
ID:GB-CFS-250493,Telford and Wrekin Council,Open,2,0.0,0.0,0.0
ID:GB-CFS-250493,Telford and Wrekin Council,Selective,2,289620.0,144810.0,65.87962331104136
ID:GB-CFS-250493,Telford and Wrekin Council,Unknown,2,150000.0,75000.0,34.12037668895865
ID:GB-CFS-250550,Department for Education,Selective,2,571220.0,285610.0,100.0
ID:GB-CFS-250609,University Hospitals Dorset NHS Foundation Trust,Selective,7,7642038.16,311094.0,100.0
ID:GB-CFS-250616,Ministry of Defence,Selective,2,4267250.0,2133625.0,100.0
ID:GB-CFS-250650,Department for Education,Selective,5,41503050.0,7727425.0,100.0
ID:GB-CFS-250684,Council of Reserve Forces' and Cadets' Associations,Unknown,1,120000.0,120000.0,100.0
ID:GB-CFS-250752,DVLA - Driver & Vehicle Licensing Agency,Selective,1,39441.53,39441.53,100.0
ID:GB-CFS-250836,NHDC - Parks and Open Spaces,Open,3,203862.41,69056.31,80.46276872721569
ID:GB-CFS-250836,NHDC - Parks and Open Spaces,Selective,1,49500.0,49500.0,19.537231272784307
ID:GB-CFS-250952,Medicines and Healthcare Products Regulatory Agency (MHRA),Open,1,70000.0,70000.0,100.0
ID:GB-CFS-250982,Environment Agency,Selective,6,1199209.59,157664.57,100.0
ID:GB-CFS-251348,Sellafield,Selective,1,284034.0,284034.0,100.0
ID:GB-CFS-251362,University of Greenwich,Open,1,20000000.0,20000000.0,100.0
ID:GB-CFS-251401,Royal Papworth Hospital,Selective,2,304356.5,152178.25,100.0
ID:GB-CFS-251432,London Borough of Bexley,Open,3,5824316.0,1048316.0,100.0
ID:GB-CFS-251444,Wirral Metropolitan College,Open,2,133173.16,66586.58,100.0
ID:GB-CFS-251584,Department for Environment Food and Rural Affairs,Selective,1,1243080.0,1243080.0,100.0
ID:GB-CFS-251591,DEFRA,Direct,2,96400.0,48200.0,3.8948517695778215
ID:GB-CFS-251591,DEFRA,Selective,9,2378662.1,60000.0,96.10514823042216
ID:GB-CFS-251824,West Sussex County Council,Selective,1,250000.0,250000.0,100.0
ID:GB-CFS-251840,NHS Birmingham and Solihull Integrated Care Board,Open,1,128170.0,128170.0,100.0
ID:GB-CFS-252120,Border to Coast Pensions Partnership Limited,Direct,1,30000.0,30000.0,100.0
ID:GB-CFS-252185,Department for Work and Pensions,Selective,1,650000.0,650000.0,100.0
ID:GB-CFS-252208,UK SBS,Open,2,1375881.0,687940.5,10.15257671066637
ID:GB-CFS-252208,UK SBS,Selective,9,12176156.47,129097.97,89.84742328933363
ID:GB-CFS-252248,NHS Birmingham and Solihull Integrated Care Board,Selective,1,900790.5,900790.5,100.0
ID:GB-CFS-252250,Environment Agency,Selective,1,338624.0,338624.0,45.84524737890997
ID:GB-CFS-252250,Environment Agency,Unknown,1,400000.0,400000.0,54.15475262109003
ID:GB-CFS-252319,Dorset Council,Unknown,2,1835784.0,917892.0,100.0
ID:GB-CFS-252324,Nottingham University Hospitals NHS Trust,Selective,13,18408033.82,487830.0,99.22701392576242
ID:GB-CFS-252324,Nottingham University Hospitals NHS Trust,Unknown,1,143400.0,143400.0,0.772986074237576
ID:GB-CFS-252330,Youth Engagement Schools,Selective,1,298937.51,298937.51,100.0
ID:GB-CFS-252344,Nuclear Decommissioning Authority,Selective,2,5217189.23,2608594.615,100.0
ID:GB-CFS-252483,NTW Solutions Ltd,Selective,1,240017.08,240017.08,100.0
ID:GB-CFS-252545,City of London Corporation,Open,5,310219.43,53150.0,100.0
ID:GB-CFS-252690,Royal Papworth Hospital NHS Foundation Trust,Selective,1,41122.5,41122.5,100.0
ID:GB-CFS-252825,Attain,Open,1,2829147.0,2829147.0,100.0
ID:GB-CFS-252976,Nottingham College,Open,3,0.0,0.0,
ID:GB-CFS-252983,NHDC - Regulatory,Unknown,1,33241.0,33241.0,100.0
ID:GB-CFS-253048,National Highways,Direct,4,459648.75,65000.0,2.389720512704661
ID:GB-CFS-253048,National Highways,Selective,12,18759765.8,1016236.035,97.532294269908
ID:GB-CFS-253048,National Highways,Unknown,1,15000.0,15000.0,0.0779852173873418
ID:GB-CFS-253133,UK SBS,Open,1,55440.0,55440.0,4.614501052911947
ID:GB-CFS-253133,UK SBS,Selective,4,1145990.0,292000.0,95.38549894708804
ID:GB-CFS-253232,Environmental Agency,Selective,3,184436.0,59738.0,100.0
ID:GB-CFS-253329,Marine Management Organisation,Selective,2,40980.8,20490.4,100.0
ID:GB-CFS-253339,BDUK,Selective,5,446328025.0,77055269.0,100.0
ID:GB-CFS-253354,Nuclear Decommissioning Authority,Selective,4,7450000.0,1050000.0,100.0
ID:GB-CFS-253795,Sussex Partnership NHS Foundation Trust,Selective,27,11222868.53,251325.16,100.0
ID:GB-CFS-253821,Leeds Teaching Hospitals NHS Trust,Selective,1,239670.0,239670.0,5.738941712185999
ID:GB-CFS-253821,Leeds Teaching Hospitals NHS Trust,Unknown,1,3936535.51,3936535.51,94.261058287814
ID:GB-CFS-253835,NHS Arden and Greater East Midlands Commissioning Support Unit,Selective,1,55900.0,55900.0,100.0
ID:GB-CFS-254045,Bournemouth Christchurch and Poole Council,Unknown,1,136460.0,136460.0,100.0
ID:GB-CFS-254046,Wirral Borough Council,Unknown,1,414600.78,414600.78,100.0
ID:GB-CFS-254220,Leicester City Council,Open,129,5486286.0,39000.0,99.66166573810186
ID:GB-CFS-254220,Leicester City Council,Unknown,2,18625.0,9312.5,0.3383342618981487
ID:GB-CFS-254227,Leicester City Council,Open,234,9096485.49,37479.0,79.12148307273604
ID:GB-CFS-254227,Leicester City Council,Unknown,106,2400373.69,20680.0,20.87851692726396
ID:GB-CFS-25434,Lycee Francais Charles de Gaulle,Open,1,1727115.0,1727115.0,100.0
ID:GB-CFS-254419,THE CORPORATION OF TRINITY HOUSE,Unknown,1,101048.0,101048.0,100.0
ID:GB-CFS-254460,Lincolnshire Partnership NHS Foundation Trust,Limited,1,112680.0,112680.0,50.0
ID:GB-CFS-254460,Lincolnshire Partnership NHS Foundation Trust,Selective,1,112680.0,112680.0,50.0
ID:GB-CFS-254499,DfTc - Department for Transport,Selective,1,1223825.0,1223825.0,100.0
ID:GB-CFS-254576,United Lincolnshire Hospitals NHS Trust,Selective,1,200000.0,200000.0,100.0
ID:GB-CFS-254798,UK Health Security Agency,Direct,6,369751.57,57545.88,0.6411276380298634
ID:GB-CFS-254798,UK Health Security Agency,Limited,5,655042.0,57445.0,1.1358045897421285
ID:GB-CFS-254798,UK Health Security Agency,Open,7,15385482.33,1508847.44,26.67752822843484
ID:GB-CFS-254798,UK Health Security Agency,Selective,69,40861492.14,99575.61,70.85144206985797
ID:GB-CFS-254798,UK Health Security Agency,Unknown,4,400300.37,90069.385,0.6940974739352166
ID:GB-CFS-254887,Royal Papworth Hospital,Selective,1,48911.9,48911.9,100.0
ID:GB-CFS-254913,Gloucestershire Health and Care NHS Foundation Trust,Selective,4,314161.42,70876.69,75.63549806145188
ID:GB-CFS-254913,Gloucestershire Health and Care NHS Foundation Trust,Unknown,1,101200.98,101200.98,24.364501938548123
ID:GB-CFS-254927,Cross Keys Homes Limited,Unknown,1,25000000.0,25000000.0,100.0
ID:GB-CFS-254980,Derbyshire Dales District Council,Open,2,937400.0,468700.0,100.0
ID:GB-CFS-255483,Ministry of Defence,Selective,1,366560.0,366560.0,100.0
ID:GB-CFS-255544,UK Health Security Agency,Direct,14,652790.99,32293.44,1.1577937201674238
ID:GB-CFS-255544,UK Health Security Agency,Limited,3,386406.17,14690.0,0.6853321260759833
ID:GB-CFS-255544,UK Health Security Agency,Open,8,21700595.51,668992.5,38.488296545531966
ID:GB-CFS-255544,UK Health Security Agency,Selective,59,23798939.9,94267.57,42.20993179281156
ID:GB-CFS-255544,UK Health Security Agency,Unknown,5,9843590.0,200000.0,17.458645815413064
ID:GB-CFS-255870,Cheshire East Borough Council,Selective,5,807760.4299999999,157816.4,100.0
ID:GB-CFS-255881,National Highways,Selective,47,13444946.01,68826.48,100.0
ID:GB-CFS-255904,Ministry of Defence,Selective,2,53821872.7,26910936.35,100.0
ID:GB-CFS-255933,The British Broadcasting Corporation (BBC),Open,1,32500000.0,32500000.0,100.0
ID:GB-CFS-255939,The University of Northumbria at Newcastle,Open,1,800000.0,800000.0,100.0
ID:GB-CFS-256052,Leicester City Council,Open,27,733875.1,28236.0,76.17135992546807
ID:GB-CFS-256052,Leicester City Council,Unknown,11,229577.7,15190.5,23.828640074531933
ID:GB-CFS-256200,Bath Spa University,Open,1,760000.0,760000.0,93.01973085573158
ID:GB-CFS-256200,Bath Spa University,Unknown,1,57030.96,57030.96,6.980269144268414
ID:GB-CFS-256225,Department for Work and Pensions,Selective,1,570656.0,570656.0,100.0
ID:GB-CFS-256251,DVSA - Driver and Vehicle Standards Agency,Selective,1,1245000.0,1245000.0,100.0
ID:GB-CFS-256295,London Borough of Croydon,Open,10,14791681.0,0.0,79.99100244050284
ID:GB-CFS-256295,London Borough of Croydon,Selective,3,3700000.0,0.0,20.00899755949716
ID:GB-CFS-256428,NHS South West - Acutes,Selective,1,573000.0,573000.0,100.0
ID:GB-CFS-256461,United Lincolnshire Hospitals NHS Trust,Selective,1,160000.0,160000.0,100.0
ID:GB-CFS-256521,UK Health Security Agency,Direct,1,89560.0,89560.0,100.0
ID:GB-CFS-256552,Transpennine Trains Limited,Selective,1,3958071.0,3958071.0,100.0
ID:GB-CFS-256557,Yorkshire Ambulance Service NHS Trust,Selective,1,43200.0,43200.0,100.0
ID:GB-CFS-256659,"Department for Environment, Food and Rural Affairs",Selective,2,168368.0,84184.0,100.0
ID:GB-CFS-256738,NHS Business Services Authority,Direct,1,43192.68,43192.68,0.1514606916586114
ID:GB-CFS-256738,NHS Business Services Authority,Selective,4,28474226.28,1662113.14,99.8485393083414
ID:GB-CFS-256787,Lionheart Educational Trust,Open,1,231546.09,231546.09,100.0
ID:GB-CFS-256824,Department for Education,Selective,1,3000000.0,3000000.0,100.0
ID:GB-CFS-256924,National Highways,Limited,1,150000.0,150000.0,25.21407421382853
ID:GB-CFS-256924,National Highways,Selective,4,444905.84,109305.51,74.78592578617148
ID:GB-CFS-256997,Northern Railway,Open,1,2220461.52,2220461.52,100.0
ID:GB-CFS-257052,Environment Agency,Selective,3,1350611.93,502088.0,100.0
ID:GB-CFS-257053,Environment Agency,Selective,1,484562.0,484562.0,100.0
ID:GB-CFS-257182,North Yorkshire Council,Unknown,4,3168013.0,415065.0,100.0
ID:GB-CFS-257206,Ministry of Defence,Selective,1,72549000.0,72549000.0,100.0
ID:GB-CFS-257276,Ministry of Defence,Selective,1,148568.25,148568.25,100.0
ID:GB-CFS-257493,Barnsley Hospital NHS Foundation Trust,Selective,6,1106658.92,152149.275,91.513043031862
ID:GB-CFS-257493,Barnsley Hospital NHS Foundation Trust,Unknown,1,102632.0,102632.0,8.48695696813799
ID:GB-CFS-257543,Connected Places Catapult,Open,1,0.0,0.0,
ID:GB-CFS-257566,Sandwell Metropolitan Borough Council,Open,12,536024.73,34417.565,100.0
ID:GB-CFS-257577,AHDB,Open,1,350000.0,350000.0,100.0
ID:GB-CFS-257613,City of Doncaster Council,Direct,77,107755480.99,94701.0,65.69407490619427
ID:GB-CFS-257613,City of Doncaster Council,Open,13,14013679.0,474170.0,8.54356242002017
ID:GB-CFS-257613,City of Doncaster Council,Selective,16,4932313.79,47778.795,3.007028399893508
ID:GB-CFS-257613,City of Doncaster Council,Unknown,45,37324705.36,149395.0,22.755334273892057
ID:GB-CFS-257790,Leicester City Council,Open,152,4966744.07,31434.0,97.83664872635109
ID:GB-CFS-257790,Leicester City Council,Unknown,3,109824.0,30264.0,2.163351273648932
ID:GB-CFS-257924,Eastern Procurement Limited,Open,1,16969934.88,16969934.88,97.97810577350197
ID:GB-CFS-257924,Eastern Procurement Limited,Selective,1,350194.7,350194.7,2.021894226498045
ID:GB-CFS-258040,The Pensions Regulator,Direct,1,78000.0,78000.0,8.330511995403265
ID:GB-CFS-258040,The Pensions Regulator,Selective,8,858317.0,94765.0,91.66948800459672
ID:GB-CFS-258247,Salvation Army Housing Association,Open,4,480000.0,115000.0,100.0
ID:GB-CFS-258323,Oxford City Council,Selective,1,180000.0,180000.0,100.0
ID:GB-CFS-258482,CPS,Selective,1,24974.0,24974.0,100.0
ID:GB-CFS-258552,Gloucestershire Health and Care NHS Foundation Trust,Selective,1,239082.0,239082.0,100.0
ID:GB-CFS-258596,Department for Education,Selective,1,2000000.0,2000000.0,100.0
ID:GB-CFS-258613,NHS Business Services Authority,Selective,2,30000.0,15000.0,100.0
ID:GB-CFS-258723,Spelthorne Borough Council,Open,1,137800.0,137800.0,100.0
ID:GB-CFS-258790,Central and Cecil Housing Trust,Open,15,1170000000.0,90000000.0,100.0
ID:GB-CFS-258833,Somerset NHS Foundation Trust,Direct,2,217280.94,108640.47,12.59419128131234
ID:GB-CFS-258833,Somerset NHS Foundation Trust,Limited,4,298569.0,52437.5,17.305867218128494
ID:GB-CFS-258833,Somerset NHS Foundation Trust,Open,1,294125.0,294125.0,17.04828095191411
ID:GB-CFS-258833,Somerset NHS Foundation Trust,Selective,8,736346.32,46310.0,42.680625384676745
ID:GB-CFS-258833,Somerset NHS Foundation Trust,Unknown,2,178926.0,89463.0,10.371035163968324
ID:GB-CFS-258854,Department for Education,Selective,2,4800000.0,2400000.0,100.0
ID:GB-CFS-258868,NHS England,Selective,3,28540000.0,13750000.0,100.0
ID:GB-CFS-258907,Homes England (the name adopted by the Homes and Communities Agency),Unknown,1,162543.0,162543.0,100.0
ID:GB-CFS-258908,Offshore Renewable Energy Catapult,Selective,1,7000000.0,7000000.0,100.0
ID:GB-CFS-259037,NHS Business Services Authority,Selective,3,2229080.67,83106.0,100.0
ID:GB-CFS-259128,UK Health Security Agency,Selective,2,34700000.0,17350000.0,100.0
ID:GB-CFS-259147,Lincolnshire County Council,Open,2,308927.0,154463.5,22.17417082022188
ID:GB-CFS-259147,Lincolnshire County Council,Selective,1,1084257.0,1084257.0,77.82582917977811
ID:GB-CFS-259252,Barnsley Hospital NHS Foundation Trust,Selective,6,430213.01,57703.375,74.14742561529256
ID:GB-CFS-259252,Barnsley Hospital NHS Foundation Trust,Unknown,3,150000.0,45000.0,25.85257438470744
ID:GB-CFS-259256,Foreign Commonwealth and Development Office,Selective,1,87993285.0,87993285.0,100.0
ID:GB-CFS-259272,NHS Engalnd,Direct,1,72690.0,72690.0,100.0
ID:GB-CFS-259393,Braintree District Council,Unknown,6,2146784.97,202794.94,100.0
ID:GB-CFS-259463,Leicester City Council,Open,1,23322.0,23322.0,99.74851159926094
ID:GB-CFS-259463,Leicester City Council,Unknown,1,58.8,58.8,0.2514884007390679
ID:GB-CFS-259493,capitalEsourcing,Open,1,291830.72,291830.72,100.0
ID:GB-CFS-259531,Ministry of Defence,Direct,1,69575.62,69575.62,100.0
ID:GB-CFS-259546,Babergh District Council,Selective,1,750000.0,750000.0,100.0
ID:GB-CFS-259740,Somerset NHS Foundation Trust,Direct,11,254323.95,19500.0,34.26641576257591
ID:GB-CFS-259740,Somerset NHS Foundation Trust,Selective,4,324572.0,79566.5,43.73130842333484
ID:GB-CFS-259740,Somerset NHS Foundation Trust,Unknown,1,163300.0,163300.0,22.00227581408926
ID:GB-CFS-259814,Ministry of Defence,Selective,1,992903.0,992903.0,100.0
ID:GB-CFS-259831,Medicines and Healthcare Products Regulatory Agency,Direct,1,12840.0,12840.0,100.0
ID:GB-CFS-259891,UKHSA,Direct,7,354073.72,54166.67,4.16793074443066
ID:GB-CFS-259891,UKHSA,Selective,12,8127299.82,193862.82,95.6694068935242
ID:GB-CFS-259891,UKHSA,Unknown,1,13818.48,13818.48,0.1626623620451135
ID:GB-CFS-259984,Cherwell District Council,Open,10,456255.54,43101.29,94.86044550207272
ID:GB-CFS-259984,Cherwell District Council,Unknown,1,24720.0,24720.0,5.139554497927276
ID:GB-CFS-260015,University of Bristol,Selective,1,115815.0,115815.0,100.0
ID:GB-CFS-260069,NHS England,Direct,7,320753.35,44057.5,3.258602977585312
ID:GB-CFS-260069,NHS England,Limited,2,379220.94,189610.47,3.852587928533564
ID:GB-CFS-260069,NHS England,Open,5,3220140.0,59950.0,32.714101948558195
ID:GB-CFS-260069,NHS England,Selective,7,4763639.71,470253.86,48.39485088199277
ID:GB-CFS-260069,NHS England,Unknown,3,1159524.0,286912.0,11.779856263330164
ID:GB-CFS-260075,L&Q Group,Open,2,1131696.0,565848.0,91.88633562461332
ID:GB-CFS-260075,L&Q Group,Selective,1,99930.0,99930.0,8.113664375386684
ID:GB-CFS-260088,West Midlands Combined Authority,Selective,1,152244.68,152244.68,100.0
ID:GB-CFS-260209,West Sussex County Council,Open,1,4510674.0,4510674.0,100.0
ID:GB-CFS-260230,Sellafield Ltd,Selective,8,1326892.08,141025.325,74.53026359605765
ID:GB-CFS-260230,Sellafield Ltd,Unknown,1,453447.9,453447.9,25.46973640394236
ID:GB-CFS-260262,DEFRA,Selective,1,10320000.0,10320000.0,100.0
ID:GB-CFS-260265,"The Police, Fire & Crime Commissioner for Cumbria",Open,1,300000.0,300000.0,100.0
ID:GB-CFS-260288,West Sussex County Council,Open,1,47442186.0,47442186.0,100.0
ID:GB-CFS-260414,Somerset NHS Foundation Trust,Selective,2,169000.0,84500.0,100.0
ID:GB-CFS-260417,Metropolitan Housing Trust Ltd,Selective,2,16074937.22,8037468.61,100.0
ID:GB-CFS-260471,Nuclear Decommissioning Authority,Selective,3,1614392.83,260884.0,100.0
ID:GB-CFS-260526,Alder Hey Children's NHS Foundation Trust,Open,1,80000000.0,80000000.0,100.0
ID:GB-CFS-260572,University Hospitals Dorset NHS Foundation Trust,Selective,1,250000.0,250000.0,100.0
ID:GB-CFS-260597,London & Continental Railways Ltd,Unknown,3,247517.63,69300.0,100.0
ID:GB-CFS-26061,Liverpool City Council,Direct,21,43433788.95,99000.0,32.51379700455448
ID:GB-CFS-26061,Liverpool City Council,Open,6,25426130.68,1400000.0,19.03356975124765
ID:GB-CFS-26061,Liverpool City Council,Selective,5,50399256.6,99337.6,37.72802783011295
ID:GB-CFS-26061,Liverpool City Council,Unknown,29,14326541.07,94801.75,10.72460541408494
ID:GB-CFS-260610,Endeavour MAT,Open,9,430893.0,9540.0,100.0
ID:GB-CFS-260705,Yorkshire Ambulance Service NHS Trust,Direct,2,181891.72,90945.86,0.5031194621942627
ID:GB-CFS-260705,Yorkshire Ambulance Service NHS Trust,Open,3,6259006.02,2422646.62,17.31265031004739
ID:GB-CFS-260705,Yorkshire Ambulance Service NHS Trust,Selective,33,28524569.28,107902.08,78.90005084055825
ID:GB-CFS-260705,Yorkshire Ambulance Service NHS Trust,Unknown,7,1187322.46,18534.0,3.284179387200082
ID:GB-CFS-260710,Mid Yorkshire Teaching NHS Trust,Limited,1,9995.0,9995.0,1.4918246664962151
ID:GB-CFS-260710,Mid Yorkshire Teaching NHS Trust,Open,1,659989.9,659989.9,98.5081753335038
ID:GB-CFS-260841,Sellafield Ltd,Selective,5,9202197.49,1477423.84,100.0
ID:GB-CFS-260890,Border to Coast Pensions Partnership Limited,Open,1,385000.0,385000.0,72.65521796565389
ID:GB-CFS-260890,Border to Coast Pensions Partnership Limited,Unknown,1,144900.0,144900.0,27.344782034346103
ID:GB-CFS-260983,Knowsley Council,Direct,3,988596.0,292623.0,41.61745272113423
ID:GB-CFS-260983,Knowsley Council,Open,3,479071.4,121465.0,20.16772406478236
ID:GB-CFS-260983,Knowsley Council,Selective,3,287187.0,80456.0,12.08986420602994
ID:GB-CFS-260983,Knowsley Council,Unknown,5,620581.71,109267.74,26.124959008053477
ID:GB-CFS-261152,South East Coast Ambulance Service NHS Foundation Trust,Selective,1,800362.0,800362.0,100.0
ID:GB-CFS-261231,North West London Integrated Care Board,Selective,1,2500000.0,2500000.0,100.0
ID:GB-CFS-261250,DVLA - Driver & Vehicle Licensing Agency,Selective,1,4000000.0,4000000.0,100.0
ID:GB-CFS-261285,DEFRA,Selective,1,318912.0,318912.0,100.0
ID:GB-CFS-261342,Nuclear Decommissioning Authority,Selective,1,986614.0,986614.0,100.0
ID:GB-CFS-261344,Nuclear Decommissioning Authority,Selective,1,522300000.0,522300000.0,100.0
ID:GB-CFS-261354,PKAT,Open,1,554580.0,554580.0,100.0
ID:GB-CFS-261363,Ferrovial Construction UK Ltd,Unknown,1,39198.0,39198.0,100.0
ID:GB-CFS-261386,Dorset Healthcare University NHS Foundation Trust,Limited,1,36568.8,36568.8,14.486250089130795
ID:GB-CFS-261386,Dorset Healthcare University NHS Foundation Trust,Selective,3,215869.2,62312.4,85.51374991086921
ID:GB-CFS-261434,Knowsley Council,Direct,2,149000.0,74500.0,3.608091721527277
ID:GB-CFS-261434,Knowsley Council,Open,5,892190.6,149937.6,21.60473501935876
ID:GB-CFS-261434,Knowsley Council,Selective,11,2950361.17,72435.0,71.44411887914451
ID:GB-CFS-261434,Knowsley Council,Unknown,3,138055.0,48415.0,3.343054379969452
ID:GB-CFS-261457,Tendring District Council,Unknown,1,168450.0,168450.0,100.0
ID:GB-CFS-261505,London Ambulance Service,Limited,1,34933.0,34933.0,2.2110431265123265
ID:GB-CFS-261505,London Ambulance Service,Selective,4,1545000.0,175000.0,97.78895687348768
ID:GB-CFS-261537,University of Bedfordshire,Open,2,148720.8,74360.4,100.0
ID:GB-CFS-261544,Telford and Wrekin Council,Open,3,0.0,0.0,0.0
ID:GB-CFS-261544,Telford and Wrekin Council,Selective,21,8774840.06,63110.0,100.0
ID:GB-CFS-261589,West Hertfordshire Hospitals NHS Trust,Selective,2,349170.0,174585.0,80.26545966957765
ID:GB-CFS-261589,West Hertfordshire Hospitals NHS Trust,Unknown,2,85849.0,42924.5,19.734540330422348
ID:GB-CFS-261794,Department of Health and Social Care (DHSC),Selective,2,3972723.0,1986361.5,100.0
ID:GB-CFS-261922,Food Standards Agency,Open,8,130307868.0,17550000.0,100.0
ID:GB-CFS-261933,Ministry of Justice,Open,1,168260.0,168260.0,100.0
ID:GB-CFS-261954,Warwickshire Police,Open,1,0.0,0.0,
ID:GB-CFS-261954,Warwickshire Police,Selective,4,0.0,0.0,
ID:GB-CFS-261954,Warwickshire Police,Unknown,1,0.0,0.0,
ID:GB-CFS-261972,NHS England,Selective,3,10915384.0,4164284.0,100.0
ID:GB-CFS-262109,DfTc - Department for Transport,Direct,5,110084.54,21600.0,42.28092658086236
ID:GB-CFS-262109,DfTc - Department for Transport,Open,1,80280.0,80280.0,30.83369186910015
ID:GB-CFS-262109,DfTc - Department for Transport,Selective,1,70000.0,70000.0,26.8853815500375
ID:GB-CFS-262140,NHS Blood and Transplant (Bristol),Selective,1,338785.0,338785.0,100.0
ID:GB-CFS-26226,Procurement for Housing,Open,15,762500000.0,15000000.0,100.0
ID:GB-CFS-262286,Rushcliffe Borough Council,Direct,2,236230.17,118115.085,100.0
ID:GB-CFS-262553,Environment Agency,Selective,1,1157354.0,1157354.0,100.0
ID:GB-CFS-262566,Homes England (the name adopted by the Homes and Communities Agency),Unknown,1,26600.0,26600.0,100.0
ID:GB-CFS-262577,Sellafield Limited,Selective,5,4040027.65,219923.29,100.0
ID:GB-CFS-262683,Reserve Forces' and Cadets' Associations of Yorkshire and the Humber,Unknown,1,76750.0,76750.0,100.0
ID:GB-CFS-262777,NHS England,Direct,3,112920.0,15000.0,0.0590277746692912
ID:GB-CFS-262777,NHS England,Limited,1,14736.84,14736.84,0.007703532331362
ID:GB-CFS-262777,NHS England,Open,1,832000.0,832000.0,0.4349194874676788
ID:GB-CFS-262777,NHS England,Selective,18,189733117.94,393870.0,99.18104616599696
ID:GB-CFS-262777,NHS England,Unknown,2,607000.0,303500.0,0.3173030395347128
ID:GB-CFS-262879,Executive agency of DHSC,Selective,1,40192.88,40192.88,100.0
ID:GB-CFS-262920,St.Helens Council,Direct,17,6857185.79,113000.0,53.475876015090094
ID:GB-CFS-262920,St.Helens Council,Open,7,1351106.5,135260.0,10.536626232666553
ID:GB-CFS-262920,St.Helens Council,Selective,10,4614659.48,314500.0,35.987497752243364
ID:GB-CFS-262993,Imperial War Museum,Open,1,37000000.0,37000000.0,100.0
ID:GB-CFS-263055,Plymouth Community Homes,Open,9,10849054.72,623410.5,99.57550521817804
ID:GB-CFS-263055,Plymouth Community Homes,Unknown,1,46250.0,46250.0,0.4244947818219442
ID:GB-CFS-263096,Chorley Borough Council,Open,1,375000.0,375000.0,100.0
ID:GB-CFS-263189,Guy's and St Thomas' NHS Foundation Trust,Limited,1,3780000.0,3780000.0,77.43124903979106
ID:GB-CFS-263189,Guy's and St Thomas' NHS Foundation Trust,Open,1,700000.0,700000.0,14.3391201925539
ID:GB-CFS-263189,Guy's and St Thomas' NHS Foundation Trust,Selective,2,401750.0,200875.0,8.229630767655042
ID:GB-CFS-263225,Department for Environment Food & Rural Affairs,Direct,1,39240.0,39240.0,100.0
ID:GB-CFS-263254,Ministry of Defence,Direct,1,46200.0,46200.0,100.0
ID:GB-CFS-263265,Isle of Wight Council,Open,1,250000.0,250000.0,100.0
ID:GB-CFS-263267,The Police and Crime Commissioner for Bedfordshire,Selective,1,54000.0,54000.0,100.0
ID:GB-CFS-263342,Marine Management Organisation,Selective,1,36000.0,36000.0,100.0
ID:GB-CFS-263400,Housing Solutions,Open,1,500000.0,500000.0,100.0
ID:GB-CFS-263561,TUCO Ltd,Open,1,48000000.0,48000000.0,100.0
ID:GB-CFS-263561,TUCO Ltd,Selective,1,0.0,0.0,0.0
ID:GB-CFS-263572,United Lincolnshire Hospital NHS Trust,Selective,6,22770000.0,805000.0,100.0
ID:GB-CFS-263652,UKHSA,Open,1,999999.0,999999.0,45.73680837072245
ID:GB-CFS-263652,UKHSA,Selective,4,1186421.6,305600.0,54.26319162927755
ID:GB-CFS-263705,Storm Tempest Ltd,Open,2,774448.6499999999,387224.325,100.0
ID:GB-CFS-263733,Natural England,Selective,2,100587.51,50293.755,100.0
ID:GB-CFS-263931,NHS Arden and Greater East Midlands Commissioning Support Unit,Open,1,48000.0,48000.0,2.638166364892496
ID:GB-CFS-263931,NHS Arden and Greater East Midlands Commissioning Support Unit,Selective,20,1771445.53,41769.57,97.3618336351075
ID:GB-CFS-264012,NHS Property Services,Open,1,9500000.0,9500000.0,100.0
ID:GB-CFS-264015,National Highways,Direct,3,141776.0,46776.0,18.251851241541964
ID:GB-CFS-264015,National Highways,Selective,1,620000.0,620000.0,79.81709012636847
ID:GB-CFS-264015,National Highways,Unknown,1,15000.0,15000.0,1.93105863208956
ID:GB-CFS-264160,Avon Fire & Rescue Service,Open,1,0.0,0.0,
ID:GB-CFS-264193,Foreign Commonwealth and Development Office,Open,1,1529668.0,1529668.0,100.0
ID:GB-CFS-264206,NHS Blood and Transplant (Bristol),Direct,1,30000.0,30000.0,100.0
ID:GB-CFS-264240,UK Health Security Agency,Selective,1,17900000.0,17900000.0,100.0
ID:GB-CFS-264255,Tewkesbury Borough Council,Open,10,374790.87,14166.975,100.0
ID:GB-CFS-264584,City of London Corporation,Open,1,22482000.0,22482000.0,100.0
ID:GB-CFS-264595,FCA,Limited,1,95850.0,95850.0,0.0967928998451623
ID:GB-CFS-264595,FCA,Open,2,7519946.0,3759973.0,7.593921544277819
ID:GB-CFS-264595,FCA,Selective,35,91410062.46,180000.0,92.30928555587704
ID:GB-CFS-264610,"Department for Environment, Food & Rural Affairs",Direct,3,2250998.72,57000.0,6.692333147475652
ID:GB-CFS-264610,"Department for Environment, Food & Rural Affairs",Open,1,2771486.4,2771486.4,8.239769368903932
ID:GB-CFS-264610,"Department for Environment, Food & Rural Affairs",Selective,12,28613000.0,484385.0,85.06789748362043
ID:GB-CFS-264633,UK Research and Innovation,Unknown,4,251682.7,58361.35,100.0
ID:GB-CFS-264650,Colchester Borough Council,Open,1,92000.0,92000.0,100.0
ID:GB-CFS-264753,UK Health Security Agency (UKHSA),Direct,1,43091.19,43091.19,100.0
ID:GB-CFS-264858,"Department for Environment, Food and Rural Affairs",Direct,2,88500.0,44250.0,100.0
ID:GB-CFS-264900,Derbyshire Support & Facilities Services,Selective,1,160427.85,160427.85,100.0
ID:GB-CFS-264995,Aberdeen City Council,Selective,1,677188.12,677188.12,42.160014730613945
ID:GB-CFS-264995,Aberdeen City Council,Unknown,2,929045.0,464522.5,57.83998526938605
ID:GB-CFS-265066,National Highways,Direct,1,20000.0,20000.0,1.8344722990922169
ID:GB-CFS-265066,National Highways,Open,1,25807.16,25807.16,2.367126006912035
ID:GB-CFS-265066,National Highways,Selective,8,924384.52,108304.34,84.78788978248276
ID:GB-CFS-265066,National Highways,Unknown,2,120040.1,60020.05,11.010511911512982
ID:GB-CFS-265127,"UK Research and Innovation, Science and Technology Facilities Council",Unknown,1,72793.5,72793.5,100.0
ID:GB-CFS-265150,Northern Trains Limited (NTL),Selective,1,60000000.0,60000000.0,100.0
ID:GB-CFS-265190,Kettering General Hospital NHS Foundation Trust,Unknown,1,92637.6,92637.6,100.0
ID:GB-CFS-265355,St.Helens Council,Direct,13,6616525.76,185000.0,26.843781407766315
ID:GB-CFS-265355,St.Helens Council,Open,14,12506735.06,120160.5,50.74083805508938
ID:GB-CFS-265355,St.Helens Council,Unknown,4,5525001.88,1007179.295,22.41538053714431
ID:GB-CFS-265450,Financial Conduct Authority,Selective,1,122280.0,122280.0,100.0
ID:GB-CFS-265452,Financial Conduct Authority,Direct,2,387812.0,193906.0,0.888183113429114
ID:GB-CFS-265452,Financial Conduct Authority,Limited,1,180000.0,180000.0,0.4122434592463372
ID:GB-CFS-265452,Financial Conduct Authority,Open,1,1236300.0,1236300.0,2.831425492590259
ID:GB-CFS-265452,Financial Conduct Authority,Selective,28,41859406.72,143136.0,95.8681479347343
ID:GB-CFS-265466,Nuclear Decommissioning Authority,Selective,1,7200000.0,7200000.0,100.0
ID:GB-CFS-265477,Department for Education,Selective,1,1000000.0,1000000.0,100.0
ID:GB-CFS-265605,Nuclear Decommissioning Authority,Selective,2,111869.91,55934.955,100.0
ID:GB-CFS-265746,Restoration & Renewal Delivery Authority Ltd,Direct,1,16806.9,16806.9,100.0
ID:GB-CFS-265834,Merseyside Waste Disposal Authority,Open,1,210742.92,210742.92,100.0
ID:GB-CFS-265842,Dorset HealthCare University NHS Foundation Trust,Limited,23,3309392.41,62319.0,100.0
ID:GB-CFS-265853,DVSA - Driver and Vehicle Standards Agency,Limited,1,2750000.0,2750000.0,100.0
ID:GB-CFS-266070,Stafford Borough Council,Unknown,3,455737.04,119600.0,100.0
ID:GB-CFS-266168,Defra group Commercial,Selective,19,5442670.51,131487.55,100.0
ID:GB-CFS-266305,University of Leeds,Open,1,71839.0,71839.0,6.035247546046286
ID:GB-CFS-266305,University of Leeds,Selective,1,933485.0,933485.0,78.42276556635001
ID:GB-CFS-266305,University of Leeds,Unknown,1,185000.0,185000.0,15.541986887603713
ID:GB-CFS-266421,South Western Ambulance Service NHS Foundation Trust,Open,3,3074740.3,924080.0,100.0
ID:GB-CFS-266508,Derbyshire Dales District Council,Unknown,3,762048.85,176215.71,100.0
ID:GB-CFS-266553,Mayor's Office of Policing and Crime (including the VRU),Open,1,5438000.0,5438000.0,100.0
ID:GB-CFS-266597,DfTc - Department for Transport,Selective,3,1113284.0,273284.0,100.0
ID:GB-CFS-266608,DEFRA,Selective,1,264956.27,264956.27,100.0
ID:GB-CFS-266648,UK Health Security Agency,Selective,3,5320080.8,953000.0,100.0
ID:GB-CFS-267024,Student Loans Company,Selective,1,900000.0,900000.0,0.9645557286059868
ID:GB-CFS-267024,Student Loans Company,Unknown,28,92407205.93,258308.125,99.035444271394
ID:GB-CFS-267070,Surrey and Boarders Partnership NHS Foundation Trust,Direct,1,13016.0,13016.0,0.3279380767449676
ID:GB-CFS-267070,Surrey and Boarders Partnership NHS Foundation Trust,Selective,3,3956026.0,388850.0,99.67206192325504
ID:GB-CFS-26715,The University of Nottingham,Open,1,0.0,0.0,
ID:GB-CFS-267372,Guy's and St Thomas' NHS Foundation Trust,Selective,1,500000.0,500000.0,100.0
ID:GB-CFS-267508,Environment Agency,Selective,4,1646541.76,419330.005,100.0
ID:GB-CFS-267567,John Grant School,Open,1,338173.63,338173.63,100.0
ID:GB-CFS-267594,Worcestershire Acute Hospitals NHS Trust,Selective,2,327420.0,163710.0,80.16747465843984
ID:GB-CFS-267594,Worcestershire Acute Hospitals NHS Trust,Unknown,1,81000.0,81000.0,19.83252534156016
ID:GB-CFS-267604,Knowsley Metropolitan Borough Council,Unknown,1,1416769.56,1416769.56,100.0
ID:GB-CFS-267783,SONI Ltd,Open,2,451000.0,225500.0,100.0
ID:GB-CFS-267786,The British Broadcasting Corporation (BBC),Open,1,600000.0,600000.0,100.0
ID:GB-CFS-267787,NHS England,Direct,1,14000.0,14000.0,0.4333618010764088
ID:GB-CFS-267787,NHS England,Limited,1,600057.0,600057.0,18.574413019179044
ID:GB-CFS-267787,NHS England,Unknown,1,2616500.0,2616500.0,80.99222517974455
ID:GB-CFS-267812,Medicines and Healthcare products Regulatory Agency,Selective,3,2700000.0,1000000.0,100.0
ID:GB-CFS-267841,Ministry of Defence,Selective,2,478580.0,239290.0,100.0
ID:GB-CFS-267882,Housing 21,Open,1,1200000.0,1200000.0,100.0
ID:GB-CFS-267887,Ministry of Defence,Selective,1,44487.27,44487.27,100.0
ID:GB-CFS-268049,DEFRA,Selective,1,89944.86,89944.86,100.0
ID:GB-CFS-268072,UK Health Security Agency,Selective,3,1999532.0,500000.0,100.0
ID:GB-CFS-268078,DEFRA,Selective,1,3500000.0,3500000.0,100.0
ID:GB-CFS-268082,Sellafield Ltd,Selective,2,711936.0,355968.0,100.0
ID:GB-CFS-268087,DEFRA,Direct,1,75000.0,75000.0,0.3212336483651307
ID:GB-CFS-268087,DEFRA,Selective,4,23272491.89,4319171.945,99.67876635163488
ID:GB-CFS-268102,DEFRA,Direct,2,101650.0,50825.0,1.146422689332006
ID:GB-CFS-268102,DEFRA,Selective,2,8765062.16,4382531.08,98.853577310668
ID:GB-CFS-268212,UK Health Security Agency,Selective,1,2924000.0,2924000.0,100.0
ID:GB-CFS-268442,NHS England,Selective,2,12077700.0,6038850.0,97.57628638600065
ID:GB-CFS-268442,NHS England,Unknown,1,300000.0,300000.0,2.42371361399937
ID:GB-CFS-268505,London Fire Commission,Selective,1,0.0,0.0,0.0
ID:GB-CFS-268505,London Fire Commission,Unknown,1,20000000.0,20000000.0,100.0
ID:GB-CFS-268554,QEGSMAT,Selective,2,2379745.0,1189872.5,100.0
ID:GB-CFS-26868,Cefas,Direct,5,370666.66,82515.0,44.19808647878839
ID:GB-CFS-26868,Cefas,Open,3,437892.0,89959.0,52.21399864873092
ID:GB-CFS-26868,Cefas,Selective,1,30090.0,30090.0,3.587914872480688
ID:GB-CFS-268769,University of Bedfordshire,Open,9,4503333.16,33108.0,73.22133301332303
ID:GB-CFS-268769,University of Bedfordshire,Selective,2,1646968.91,823484.4550000001,26.778666986676964
ID:GB-CFS-268869,Defra,Limited,1,345710030.0,345710030.0,100.0
ID:GB-CFS-268909,"The Police, Fire and Crime Commissioner for Essex",Unknown,1,232052.96,232052.96,100.0
ID:GB-CFS-269005,Warrington Borough Council,Unknown,1,1793194.0,1793194.0,100.0
ID:GB-CFS-269055,Surrey Police,Open,1,748690.98,748690.98,0.7465468337384037
ID:GB-CFS-269055,Surrey Police,Selective,1,98850529.0,98850529.0,98.5674349092816
ID:GB-CFS-269055,Surrey Police,Unknown,2,687988.56,343994.28,0.6860182569799944
ID:GB-CFS-269098,West Suffolk NHS Foundation Trust,Selective,13,18219682.77,284400.0,100.0
ID:GB-CFS-269118,Environment Agency,Selective,1,2200000.0,2200000.0,100.0
ID:GB-CFS-269121,NHS England,Limited,1,135650.0,135650.0,100.0
ID:GB-CFS-269125,UK Health Security Agency,Direct,1,106232.0,106232.0,22.39364856158562
ID:GB-CFS-269125,UK Health Security Agency,Selective,1,368152.51,368152.51,77.60635143841438
ID:GB-CFS-269239,Sheffield Teaching Hospitals NHS Foundation Trust,Selective,1,165343.5,165343.5,100.0
ID:GB-CFS-269259,Riverside College Halton,Open,2,302292.0,151146.0,100.0
ID:GB-CFS-269285,Food Standards Agency,Selective,1,189525.0,189525.0,100.0
ID:GB-CFS-269379,University Hospitals Dorset NHS Foundation Trust,Selective,1,1765964.0,1765964.0,100.0
ID:GB-CFS-269437,Ambulance Radio Programme,Selective,1,4900000.0,4900000.0,100.0
ID:GB-CFS-269439,Sheffield Teaching Hospitals FT,Selective,1,74904.79,74904.79,100.0
ID:GB-CFS-269506,Environment Agency,Selective,11,4615003.26,150255.0,100.0
ID:GB-CFS-269713,West Midlands Fire & Rescue,Open,5,1040058.16,60342.8,79.82760718561488
ID:GB-CFS-269713,West Midlands Fire & Rescue,Unknown,3,262822.13,79217.66,20.17239281438512
ID:GB-CFS-269720,Ministry of Defence,Selective,4,311644708.79,60136341.395,100.0
ID:GB-CFS-269782,B3Living,Open,4,6650000.0,1150000.0,100.0
ID:GB-CFS-269817,Defra,Direct,1,12640.67,12640.67,0.627989040204753
ID:GB-CFS-269817,Defra,Selective,3,2000240.0,132000.0,99.37201095979523
ID:GB-CFS-269897,Foreign Commonwealth and Development Office,Open,1,32245.0,32245.0,100.0
ID:GB-CFS-269901,Environment Agency,Selective,2,504046.86,252023.43,100.0
ID:GB-CFS-269942,Natural England,Selective,2,205780.27,102890.135,100.0
ID:GB-CFS-269943,United Kingdom Atomic Energy Authority,Direct,2,186000.0,93000.0,1.1866036656675274
ID:GB-CFS-269943,United Kingdom Atomic Energy Authority,Limited,5,401118.0,77568.0,2.558968221318426
ID:GB-CFS-269943,United Kingdom Atomic Energy Authority,Open,9,2267937.93,89140.28,14.468513232496903
ID:GB-CFS-269943,United Kingdom Atomic Energy Authority,Selective,6,3624069.28,407415.67,23.120074689683204
ID:GB-CFS-269943,United Kingdom Atomic Energy Authority,Unknown,8,9195864.29,187000.0,58.665840190833926
ID:GB-CFS-270004,7 Force Commercial Services,Selective,1,240000.0,240000.0,100.0
ID:GB-CFS-270031,BlueLight Commercial,Open,6,17058442.0,0.0,93.9293856350134
ID:GB-CFS-270031,BlueLight Commercial,Unknown,1,1102479.51,1102479.51,6.070614364986592
ID:GB-CFS-270039,National Highways,Selective,1,235000.0,235000.0,100.0
ID:GB-CFS-270152,Cross Keys Homes,Unknown,1,214800.0,214800.0,100.0
ID:GB-CFS-270185,The de Ferrers Trust,Selective,1,5519861.26,5519861.26,100.0
ID:GB-CFS-270270,The Christie NHS Foundation Trust,Selective,2,243900.0,121950.0,100.0
ID:GB-CFS-270319,Ministry of Justice,Open,1,17040000.0,17040000.0,100.0
ID:GB-CFS-270334,DfTc - Department for Transport,Selective,1,400000.0,400000.0,100.0
ID:GB-CFS-270522,Mid Cheshire Hospitals NHS Foundation Trust,Selective,1,173140.0,173140.0,100.0
ID:GB-CFS-270579,Dorset County Hospital NHS Foundation Trust,Direct,1,28060.0,28060.0,5.056432835840529
ID:GB-CFS-270579,Dorset County Hospital NHS Foundation Trust,Selective,4,526876.67,121661.975,94.94356716415948
ID:GB-CFS-270764,United Lincolnshire NHS Trust,Selective,3,656835.39,84000.0,100.0
ID:GB-CFS-270813,BlueLight Commercial,Open,3,0.0,0.0,
ID:GB-CFS-270813,BlueLight Commercial,Selective,1,0.0,0.0,
ID:GB-CFS-270859,DEFRA,Selective,3,6052130.96,649100.96,100.0
ID:GB-CFS-270938,Calderdale & Huddersfield Solutions Ltd,Selective,3,408000.0,96000.0,100.0
ID:GB-CFS-271006,NHS London Procurement Partnership (hosted by Guy's and St Thomas' NHS Foundation Trust),Open,1,431000000.0,431000000.0,100.0
ID:GB-CFS-271031,Communities and Housing Investment Consortium Limited,Open,42,0.0,0.0,
ID:GB-CFS-271101,Department for Environment Food and Rural Affairs,Selective,1,0.0,0.0,
ID:GB-CFS-271215,MCA - Maritime and Coastguard Agency,Selective,1,590130.0,590130.0,100.0
ID:GB-CFS-271241,London Borough of Barnet,Unknown,1,41652.91,41652.91,100.0
ID:GB-CFS-271284,NHS England,Selective,2,56555.0,28277.5,100.0
ID:GB-CFS-271332,Department for Work and Pensions,Selective,1,99990.0,99990.0,100.0
ID:GB-CFS-271360,Environment Agency,Open,1,119960.0,119960.0,3.2821489374945707
ID:GB-CFS-271360,Environment Agency,Selective,2,3534962.5,1767481.25,96.71785106250545
ID:GB-CFS-271362,Dorset County Hospital NHS Foundation Trust,Selective,1,80535.0,80535.0,100.0
ID:GB-CFS-271393,NHS Blood and Transplant,Selective,4,2549202.0,371470.5,100.0
ID:GB-CFS-271581,DESNZ,Selective,21,8351783.27,130000.0,100.0
ID:GB-CFS-271634,DESNZ,Open,3,102988.0,39848.0,2.3874469934283877
ID:GB-CFS-271634,DESNZ,Selective,15,4122434.28,230778.75,95.5654379868734
ID:GB-CFS-271634,DESNZ,Unknown,1,88307.0,88307.0,2.047115019698223
ID:GB-CFS-271704,NHS Arden and Greater East Midlands Commissioning Support Unit,Open,1,91666.66,91666.66,8.707327317158652
ID:GB-CFS-271704,NHS Arden and Greater East Midlands Commissioning Support Unit,Selective,10,961086.46,61720.97,91.29267268284136
ID:GB-CFS-27173,Derby Homes,Open,2,300000.0,150000.0,100.0
ID:GB-CFS-271789,South West Police Procurement Service,Open,1,14300000.0,14300000.0,100.0
ID:GB-CFS-271837,Action For Children,Direct,1,30000.0,30000.0,15.706806282722512
ID:GB-CFS-271837,Action For Children,Open,2,161000.0,80500.0,84.29319371727748
ID:GB-CFS-271915,University Hospitals Birmingham NHS Foundation Trust,Open,2,2981091.65,1490545.825,21.5367653195627
ID:GB-CFS-271915,University Hospitals Birmingham NHS Foundation Trust,Selective,48,10860781.1,100123.715,78.4632346804373
ID:GB-CFS-272144,Ministry of Defence,Selective,1,744524.34,744524.34,100.0
ID:GB-CFS-272260,East Suffolk Council,Open,4,528066.0,97533.0,100.0
ID:GB-CFS-272268,Construction Industry Training Board,Selective,1,250000.0,250000.0,57.18049824798953
ID:GB-CFS-272268,Construction Industry Training Board,Unknown,1,187212.0,187212.0,42.81950175201047
ID:GB-CFS-272670,Surrey and Borders Partnership NHS Foundation Trust,Direct,2,186564.67,93282.335,7.846680227815524
ID:GB-CFS-272670,Surrey and Borders Partnership NHS Foundation Trust,Selective,15,2191060.83,60000.0,92.15331977218447
ID:GB-CFS-272750,Flintshire County Council,Unknown,4,4936741.4,393799.0,100.0
ID:GB-CFS-272764,Staffordshire Police,Open,3,4542126.21,922600.0,100.0
ID:GB-CFS-272771,University of Bedfordshire,Open,3,62997.2,26997.2,100.0
ID:GB-CFS-272781,DEFRA,Selective,5,123398.13,1.0,100.0
ID:GB-CFS-272785,NHS England,Selective,2,5909553.29,2954776.645,100.0
ID:GB-CFS-272787,NHS Business Services Authority,Selective,1,362106.77,362106.77,100.0
ID:GB-CFS-272808,Derby City Council,Unknown,3,104163.3,28709.3,100.0
ID:GB-CFS-272818,Luton Borough Council,Open,2,349662.0,174831.0,100.0
ID:GB-CFS-272848,Tewkesbury Borough Council,Open,1,0.0,0.0,
ID:GB-CFS-272972,DSIT,Direct,1,18320.19,18320.19,0.8111182868360612
ID:GB-CFS-272972,DSIT,Selective,7,2156980.06,214422.5,95.49933548760929
ID:GB-CFS-272972,DSIT,Unknown,1,83333.33,83333.33,3.689546225554656
ID:GB-CFS-273083,Department for Education,Open,3,7627900.0,2600000.0,85.92009371585623
ID:GB-CFS-273083,Department for Education,Selective,2,1250000.0,625000.0,14.079906284143773
ID:GB-CFS-273198,DESNZ,Direct,7,177975.91,16488.16,0.048137736760415
ID:GB-CFS-273198,DESNZ,Open,6,304216883.35,10853366.0,82.28255300830428
ID:GB-CFS-273198,DESNZ,Selective,38,65081904.8,182225.0,17.60291941268227
ID:GB-CFS-273198,DESNZ,Unknown,1,245458.0,245458.0,0.0663898422530215
ID:GB-CFS-273199,DSIT,Direct,3,136890.0,49850.0,2.764400192052003
ID:GB-CFS-273199,DSIT,Selective,22,4738501.95,56880.0,95.69081525764332
ID:GB-CFS-273199,DSIT,Unknown,1,76496.0,76496.0,1.5447845503046973
ID:GB-CFS-273230,NHS England,Selective,3,41522042.0,1250000.0,100.0
ID:GB-CFS-273237,Civil Nuclear Constabulary,Unknown,27,14379014.91,100000.0,100.0
ID:GB-CFS-273267,Ministry of Defence,Open,1,110000.0,110000.0,100.0
ID:GB-CFS-273282,London Borough of Bexley,Selective,1,2500000.0,2500000.0,100.0
ID:GB-CFS-273292,DESNZ,Selective,2,6117000.0,3058500.0,96.07350400502592
ID:GB-CFS-273292,DESNZ,Unknown,3,250000.0,75000.0,3.926495994974085
ID:GB-CFS-273349,DSIT,Open,1,691575.0,691575.0,25.957741768537623
ID:GB-CFS-273349,DSIT,Selective,11,1962659.07,108333.0,73.66691583521413
ID:GB-CFS-273349,DSIT,Unknown,1,10000.0,10000.0,0.3753423962482395
ID:GB-CFS-273419,National Highways,Selective,1,419962.42,419962.42,100.0
ID:GB-CFS-273422,"Department for Environment, Food & Rural Affairs",Direct,7,3236837.35,93105.0,1.287395067076443
ID:GB-CFS-273422,"Department for Environment, Food & Rural Affairs",Open,4,36135000.0,4100000.0,14.372060044601024
ID:GB-CFS-273422,"Department for Environment, Food & Rural Affairs",Selective,78,211783496.86,106943.8,84.2331571420366
ID:GB-CFS-273422,"Department for Environment, Food & Rural Affairs",Unknown,2,270000.0,135000.0,0.1073877462859354
ID:GB-CFS-273504,"Department for Environment, Food & Rural Affairs",Selective,2,3925000.0,1962500.0,100.0
ID:GB-CFS-273688,Rural Payments Agency,Selective,1,54612.0,54612.0,100.0
ID:GB-CFS-273704,Telford and Wrekin Council,Selective,17,124000.0,0.0,100.0
ID:GB-CFS-273831,Ministry of Defence,Selective,6,16335085.45,417228.74,100.0
ID:GB-CFS-273863,Ministry of Defence,Limited,1,22100.0,22100.0,0.2388130666407322
ID:GB-CFS-273863,Ministry of Defence,Selective,1,9232000.0,9232000.0,99.76118693335928
ID:GB-CFS-273940,West Suffolk NHS Foundation Trust,Limited,2,77470.0,38735.0,8.128485598394725
ID:GB-CFS-273940,West Suffolk NHS Foundation Trust,Selective,4,875598.06,128780.295,91.87151440160528
ID:GB-CFS-273993,Northern Trains Limited (NTL),Open,1,887680.16,887680.16,100.0
ID:GB-CFS-274052,Ministry of Defence,Direct,1,97740.0,97740.0,1.36204028562322
ID:GB-CFS-274052,Ministry of Defence,Selective,2,7078259.2,3539129.6,98.63795971437678
ID:GB-CFS-274142,Animal and Plant Health Agency,Selective,1,75000.0,75000.0,100.0
ID:GB-CFS-274153,Animal and Plant Health Agency,Selective,1,83996.74,83996.74,100.0
ID:GB-CFS-274164,UK SBS,Selective,2,603719.0,301859.5,100.0
ID:GB-CFS-274195,DSIT,Selective,2,175959.0,87979.5,100.0
ID:GB-CFS-274201,Environment Agency,Selective,2,145413.88,72706.94,100.0
ID:GB-CFS-274299,Ministry of Justice,Selective,4,1023292.27,188802.285,100.0
ID:GB-CFS-274320,AHDB,Selective,1,240000.0,240000.0,100.0
ID:GB-CFS-274423,Cheshire west and Chester Borough Council,Direct,1,543170.0,543170.0,0.5297935088048579
ID:GB-CFS-274423,Cheshire west and Chester Borough Council,Limited,1,19849134.0,19849134.0,19.360315092140223
ID:GB-CFS-274423,Cheshire west and Chester Borough Council,Open,16,16119019.64,119195.0,15.722061184472668
ID:GB-CFS-274423,Cheshire west and Chester Borough Council,Selective,8,1837526.32,109749.66,1.7922740883960422
ID:GB-CFS-274423,Cheshire west and Chester Borough Council,Unknown,6,64176000.0,88000.0,62.5955561261862
ID:GB-CFS-274458,The Newcastle upon Tyne Hospitals NHS Foundation Trust,Selective,1,165449.82,165449.82,100.0
ID:GB-CFS-274479,Queensbridge & Fox Hollies Schools,Selective,1,1251842.0,1251842.0,100.0
ID:GB-CFS-274585,Norfolk Constabulary,Selective,8,5170697.13,266516.5,100.0
ID:GB-CFS-274589,Department for Education,Selective,3,16018040.0,4524166.0,100.0
ID:GB-CFS-274673,NHS England,Direct,1,22140.0,22140.0,15.967113803548246
ID:GB-CFS-274673,NHS England,Selective,1,116520.0,116520.0,84.03288619645176
ID:GB-CFS-274706,NHS Supply Chain,Selective,1,19550000.0,19550000.0,100.0
ID:GB-CFS-274772,Foreign Commonwealth and Development Office,Direct,1,26661.95,26661.95,100.0
ID:GB-CFS-274805,NHS England,Unknown,1,267688.42,267688.42,100.0
ID:GB-CFS-274900,Department for Work and Pensions,Selective,1,6000000.0,6000000.0,100.0
ID:GB-CFS-274914,Blackburn with Darwen Borough Council,Open,2,8128714.0,4064357.0,93.01012584427882
ID:GB-CFS-274914,Blackburn with Darwen Borough Council,Selective,6,610887.12,46632.375,6.9898741557211945
ID:GB-CFS-274996,Sussex Police,Open,2,280000.0,140000.0,60.30810852642284
ID:GB-CFS-274996,Sussex Police,Selective,2,65601.8,32800.9,14.129715978316735
ID:GB-CFS-274996,Sussex Police,Unknown,4,118680.71,26255.55,25.562175495260416
ID:GB-CFS-275036,Sunderland City Council,Selective,1,492044.0,492044.0,92.02640959181056
ID:GB-CFS-275036,Sunderland City Council,Unknown,1,42632.95,42632.95,7.973590408189468
ID:GB-CFS-275054,Nottingham University Hospitals NHS Trust,Open,2,1600000.0,800000.0,50.79365079365079
ID:GB-CFS-275054,Nottingham University Hospitals NHS Trust,Selective,5,1550000.0,100000.0,49.2063492063492
ID:GB-CFS-275142,Dorset County Hospital NHS Foundation Trust,Selective,2,533396.5,266698.25,100.0
ID:GB-CFS-275148,DESNZ,Selective,1,259200.0,259200.0,100.0
ID:GB-CFS-275152,Sunderland City Council,Open,4,1305814.0,102875.0,51.91920681916362
ID:GB-CFS-275152,Sunderland City Council,Unknown,2,1209274.5,604637.25,48.08079318083638
ID:GB-CFS-275225,Westmorland and Furness Council,Open,16,2067389.0,52080.0,90.31086866552644
ID:GB-CFS-275225,Westmorland and Furness Council,Selective,1,221802.8,221802.8,9.68913133447359
ID:GB-CFS-275384,NHS Shared Business Services,Selective,1,23461.12,23461.12,100.0
ID:GB-CFS-275453,NHS England,Limited,1,55500.0,55500.0,65.41725601131542
ID:GB-CFS-275453,NHS England,Open,1,29340.0,29340.0,34.582743988684584
ID:GB-CFS-275495,Felpham Community College,Selective,1,1274938.22,1274938.22,100.0
ID:GB-CFS-275603,Wandsworth Council,Open,1,262440.0,262440.0,1.8581439758546072
ID:GB-CFS-275603,Wandsworth Council,Selective,1,13861331.0,13861331.0,98.1418560241454
ID:GB-CFS-275618,University of Leicester,Open,1,20000.0,20000.0,100.0
ID:GB-CFS-275641,DESNZ,Selective,5,5320469.75,600000.0,92.57064380373642
ID:GB-CFS-275641,DESNZ,Unknown,1,427000.0,427000.0,7.429356196263582
ID:GB-CFS-275644,South Gloucestershire Council,Open,1,300000.0,300000.0,100.0
ID:GB-CFS-275646,Your Housing Group,Open,1,1800000.0,1800000.0,100.0
ID:GB-CFS-275648,"Department for Environment, Food & Rural Affairs",Selective,1,1487300.0,1487300.0,100.0
ID:GB-CFS-275709,DEFRA,Selective,3,288535.0,19485.0,100.0
ID:GB-CFS-275736,Norfolk and Norwich University Hospitals NHS Foundation Trust,Selective,2,106729.93,53364.965,100.0
ID:GB-CFS-275752,Crescent Purchasing Consortium Limited,Open,7,29640339.09,1000000.0,100.0
ID:GB-CFS-275793,DESNZ,Selective,2,275869.0,137934.5,100.0
ID:GB-CFS-275846,Ministry of Defence,Open,1,70974.0,70974.0,100.0
ID:GB-CFS-275854,Environment Agency,Selective,12,856698.0,65901.5,100.0
ID:GB-CFS-276026,South Tees Development Corportation,Open,1,12000000.0,12000000.0,100.0
ID:GB-CFS-276171,Ministry of Defence,Selective,1,137700.0,137700.0,100.0
ID:GB-CFS-276192,London Borough of Barnet,Unknown,5,74239000.0,14565000.0,100.0
ID:GB-CFS-276202,Environment Agency,Selective,35,14504077.33,133241.25,100.0
ID:GB-CFS-276283,Companies House,Open,2,400000.0,200000.0,15.08841659353594
ID:GB-CFS-276283,Companies House,Selective,15,2251040.27,106840.0,84.91158340646406
ID:GB-CFS-276297,Southend City Council,Open,1,727008.59,727008.59,100.0
ID:GB-CFS-276467,YORKSHIRE AMBULANCE SERVICE NHS TRUST,Selective,6,1847200.03,79094.51,100.0
ID:GB-CFS-276469,Hertfordshire Constabulary,Selective,4,1917075.83,262517.55,100.0
ID:GB-CFS-276626,Foreign Commonwealth and Development Office,Direct,2,70195.7,35097.85,36.33424250420587
ID:GB-CFS-276626,Foreign Commonwealth and Development Office,Open,2,122998.64,61499.32,63.665757495794125
ID:GB-CFS-276747,DESNZ,Open,5,7015310.0,1197935.0,100.0
ID:GB-CFS-276776,Kent Police,Selective,5,2313761.36,314531.45,100.0
ID:GB-CFS-276782,Procurement for Housing,Open,8,300000000.0,50000000.0,100.0
ID:GB-CFS-276804,Shropshire Council,Open,4,4765818.0,882909.0,64.87134334408347
ID:GB-CFS-276804,Shropshire Council,Selective,1,2580751.0,2580751.0,35.12865665591652
ID:GB-CFS-276814,Lincolnshire Partnership NHS Foundation Trust,Selective,1,200000.0,200000.0,100.0
ID:GB-CFS-276839,UK Health Security Agency,Open,1,1.0,1.0,0.0001910338273149
ID:GB-CFS-276839,UK Health Security Agency,Selective,3,523466.5,206431.11,99.9998089661727
ID:GB-CFS-276920,Mayor's Office for Policing and Crime (MOPAC),Open,1,249066.78,249066.78,100.0
ID:GB-CFS-276927,South Western Ambulance Service,Open,3,8472891.17,83331.73,100.0
ID:GB-CFS-276931,NHS Shared Business Services,Selective,1,26061.52,26061.52,100.0
ID:GB-CFS-277303,NHS England,Limited,1,249300.0,249300.0,49.43486020226056
ID:GB-CFS-277303,NHS England,Open,1,80000.0,80000.0,15.863573269879042
ID:GB-CFS-277303,NHS England,Unknown,1,175000.0,175000.0,34.7015665278604
ID:GB-CFS-277306,"Royal Botanic Gardens, Kew",Open,1,8490000.0,8490000.0,100.0
ID:GB-CFS-277339,Durham Police,Selective,1,480000.0,480000.0,100.0
ID:GB-CFS-277438,capitalEsourcing,Selective,1,0.0,0.0,
ID:GB-CFS-277457,Leeds Teaching Hospitals NHS Trust,Selective,3,236114.45,43790.0,100.0
ID:GB-CFS-277465,Liverpool School of Tropical Medicine,Open,2,10003060.0,5001530.0,100.0
ID:GB-CFS-277545,Environment Agency,Open,1,25786.42,25786.42,3.942259090783033
ID:GB-CFS-277545,Environment Agency,Selective,9,628316.2,55469.26,96.05774090921696
ID:GB-CFS-277592,ICS on behalf of DSIT and DESNZ,Selective,16,20102922.08,121425.0,100.0
ID:GB-CFS-277620,Ministry of Defence,Unknown,1,345808.5,345808.5,100.0
ID:GB-CFS-277628,DESNZ,Selective,2,100000000.0,50000000.0,100.0
ID:GB-CFS-277733,The Pensions Regulator,Direct,2,43346.59,21673.295,27.151816023111746
ID:GB-CFS-277733,The Pensions Regulator,Selective,1,93298.68,93298.68,58.44124288806051
ID:GB-CFS-277733,The Pensions Regulator,Unknown,1,23000.0,23000.0,14.406941088827748
ID:GB-CFS-277763,Natural England,Selective,1,59430.0,59430.0,100.0
ID:GB-CFS-277793,Somerset NHS Foundation Trust,Unknown,1,22030.0,22030.0,100.0
ID:GB-CFS-277828,Cheshire west and Chester Borough Council,Direct,1,158064.0,158064.0,0.961769149963954
ID:GB-CFS-277828,Cheshire west and Chester Borough Council,Open,32,15172029.6,191100.0,92.31697294526236
ID:GB-CFS-277828,Cheshire west and Chester Borough Council,Selective,1,938319.0,938319.0,5.7093725770892
ID:GB-CFS-277828,Cheshire west and Chester Borough Council,Unknown,4,166300.45,37747.5,1.0118853276845017
ID:GB-CFS-277935,Royal Holloway and Bedford New College,Unknown,8,787127.0,70175.0,100.0
ID:GB-CFS-277946,Ministry of Defence,Selective,1,9000000.0,9000000.0,100.0
ID:GB-CFS-278008,Calderdale & Huddersfield Solutions Ltd,Selective,1,57910.75,57910.75,100.0
ID:GB-CFS-278016,University Hospitals Sussex NHS Foundation Trust,Limited,2,127300.0,63650.0,0.7057944615873923
ID:GB-CFS-278016,University Hospitals Sussex NHS Foundation Trust,Selective,26,17909112.43,511809.5,99.2942055384126
ID:GB-CFS-278038,National Employment Savings Trust (NEST),Open,1,140039.0,140039.0,100.0
ID:GB-CFS-278135,Nottingham University Hospitals NHS Trus,Direct,2,229362.0,114681.0,11.47413436200232
ID:GB-CFS-278135,Nottingham University Hospitals NHS Trus,Limited,3,160681.64,54732.0,8.038309427310917
ID:GB-CFS-278135,Nottingham University Hospitals NHS Trus,Open,1,851742.0,851742.0,42.609508766755525
ID:GB-CFS-278135,Nottingham University Hospitals NHS Trus,Selective,6,757162.54,85379.0,37.87804744393124
ID:GB-CFS-278146,The Royal Borough of Kingston upon Thames,Open,1,192000.0,192000.0,100.0
ID:GB-CFS-278168,East Suffolk and North Essex NHS Foundation Trust,Selective,3,332260.0,30000.0,100.0
ID:GB-CFS-278263,University of Bedfordshire,Open,1,140978.07,140978.07,100.0
ID:GB-CFS-278575,Home Office,Direct,2,147096.0,73548.0,0.1357925754378214
ID:GB-CFS-278575,Home Office,Open,3,111275.0,16797.0,0.1027241993789333
ID:GB-CFS-278575,Home Office,Selective,9,108065666.25,98400.0,99.76148322518324
ID:GB-CFS-278606,Southend City Council,Open,2,885300.0,442650.0,100.0
ID:GB-CFS-278674,NHS Lincolnshire Integrated Care Board,Selective,2,85155.0,42577.5,100.0
ID:GB-CFS-278692,Learning Academy Partnership South West,Open,1,85364.5,85364.5,100.0
ID:GB-CFS-278847,West Hertfordshire Teaching Hospital NHS Trust,Selective,12,5281800.0,201500.0,100.0
ID:GB-CFS-278865,Home Office,Direct,1,27325.0,27325.0,20.51472630764957
ID:GB-CFS-278865,Home Office,Selective,1,105872.0,105872.0,79.48527369235043
ID:GB-CFS-278884,Ministry of Defence,Limited,1,110000.0,110000.0,100.0
ID:GB-CFS-278887,Bradford Teaching Hospitals NHS Foundation Trust,Direct,2,72129.20999999999,36064.605,0.4292349035594893
ID:GB-CFS-278887,Bradford Teaching Hospitals NHS Foundation Trust,Open,2,405520.0,202760.0,2.4132156458034704
ID:GB-CFS-278887,Bradford Teaching Hospitals NHS Foundation Trust,Selective,101,15922988.29,93386.0,94.7563732229568
ID:GB-CFS-278887,Bradford Teaching Hospitals NHS Foundation Trust,Unknown,2,403496.88,201748.44,2.401176227680226
ID:GB-CFS-278890,Nuclear Restoration Services Ltd,Direct,1,157255.0,157255.0,100.0
ID:GB-CFS-278970,Queen Victoria Hospital NHS Foundation Trust,Open,1,452626.6,452626.6,100.0
ID:GB-CFS-278973,Nuclear Restoration Services Limited (Dounreay),Limited,1,49702.0,49702.0,100.0
ID:GB-CFS-278997,UK Health Security Agency,Selective,1,638630.0,638630.0,100.0
ID:GB-CFS-279061,Sellafield Limited,Selective,1,4600000000.0,4600000000.0,100.0
ID:GB-CFS-279072,London Borough of Hammersmith & Fulham,Limited,3,156485.0,38000.0,0.1800383636401315
ID:GB-CFS-279072,London Borough of Hammersmith & Fulham,Open,5,41524111.3,3678000.0,47.77411924505669
ID:GB-CFS-279072,London Borough of Hammersmith & Fulham,Selective,16,44879340.95,228909.315,51.63436179752403
ID:GB-CFS-279072,London Borough of Hammersmith & Fulham,Unknown,4,357649.0,45595.0,0.4114805937791444
ID:GB-CFS-279133,NHS England,Selective,1,24869.47,24869.47,100.0
ID:GB-CFS-279146,NHS England,Open,1,291000.0,291000.0,5.668712560223301
ID:GB-CFS-279146,NHS England,Unknown,2,4842440.74,2421220.37,94.3312874397767
ID:GB-CFS-279236,London Borough of Ealing,Open,1,41407570.0,41407570.0,89.27332681540874
ID:GB-CFS-279236,London Borough of Ealing,Selective,5,4975343.55,254800.0,10.726673184591268
ID:GB-CFS-279259,CPS,Selective,1,7200000.0,7200000.0,100.0
ID:GB-CFS-279337,"Police, Fire & Crime Commissioner for Staffordshire",Limited,11,14272.5,0.0,0.0653604446488566
ID:GB-CFS-279337,"Police, Fire & Crime Commissioner for Staffordshire",Open,1,200000.0,200000.0,0.915893426503508
ID:GB-CFS-279337,"Police, Fire & Crime Commissioner for Staffordshire",Selective,51,21419644.25,0.0,98.09055683309332
ID:GB-CFS-279337,"Police, Fire & Crime Commissioner for Staffordshire",Unknown,10,202685.0,0.0,0.9281892957543176
ID:GB-CFS-279359,NHS England,Unknown,6,958537.67,125432.5,100.0
ID:GB-CFS-279401,Blackburn With Darwen Borough Council,Open,3,10094000.0,50000.0,82.18875811841971
ID:GB-CFS-279401,Blackburn With Darwen Borough Council,Unknown,1,2187485.0,2187485.0,17.81124188158028
ID:GB-CFS-279404,DHSC - PPE,Selective,1,3243117.8,3243117.8,100.0
ID:GB-CFS-279634,Nuclear Restoration Services Limited (Dounreay),Direct,7,381632.36,53814.0,4.093825216687688
ID:GB-CFS-279634,Nuclear Restoration Services Limited (Dounreay),Limited,3,3813256.72,42393.67,40.90535330400122
ID:GB-CFS-279634,Nuclear Restoration Services Limited (Dounreay),Open,2,402372.52,201186.26,4.316307896107582
ID:GB-CFS-279634,Nuclear Restoration Services Limited (Dounreay),Selective,13,4724884.31,100000.0,50.684513583203504
ID:GB-CFS-279709,Accent Housing- e-Tendering System,Open,1,304490.07,304490.07,100.0
ID:GB-CFS-279772,Defra Commercial,Direct,70,7472822.81,89000.0,1.0003285757575868
ID:GB-CFS-279772,Defra Commercial,Selective,4,739564000.0,175000.0,98.99967142424242
ID:GB-CFS-279794,University Hospitals Sussex NHS Foundation Trust,Unknown,1,96000.0,96000.0,100.0
ID:GB-CFS-279812,Kent Community Health NHS Foundation Trust,Selective,2,107296.0,53648.0,100.0
ID:GB-CFS-279829,Sellafield Ltd,Selective,1,150000.0,150000.0,100.0
ID:GB-CFS-279894,Environment Agency,Selective,3,762644.22,67700.0,100.0
ID:GB-CFS-279899,Environment Agency,Selective,1,89607.95,89607.95,100.0
ID:GB-CFS-279976,Environment Agency,Selective,3,221688.39,73896.13,100.0
ID:GB-CFS-280010,UK Health Security Agency,Selective,3,1637825.2,271247.2,100.0
ID:GB-CFS-280127,NHS Lincolnshire Integrated Care Board,Selective,1,84820.0,84820.0,100.0
ID:GB-CFS-280360,DESNZ,Selective,1,174840.0,174840.0,100.0
ID:GB-CFS-280394,Office for Environmental Protection,Limited,2,77721.59,38860.795,2.741102343215424
ID:GB-CFS-280394,Office for Environmental Protection,Open,2,127177.07,63588.535,4.485309224634649
ID:GB-CFS-280394,Office for Environmental Protection,Selective,4,2630514.99,88547.495,92.77358843214992
ID:GB-CFS-280484,Hertfordshire Partnership University NHS Trust,Selective,3,938000.0,151000.0,100.0
ID:GB-CFS-280516,Environment Agency,Selective,1,87940.68,87940.68,100.0
ID:GB-CFS-280520,Ministry of Defence,Direct,1,46780.0,46780.0,100.0
ID:GB-CFS-280524,National Highways,Selective,18,6202750.16,414937.345,100.0
ID:GB-CFS-280582,Housing 21,Open,1,2100000.0,2100000.0,100.0
ID:GB-CFS-280608,Surrey and Borders Partnership NHS Foundation Trust,Selective,1,464970.0,464970.0,100.0
ID:GB-CFS-280616,Surrey and Borders Partnership NHS Foundation Trust,Selective,3,1196112.0,124979.0,100.0
ID:GB-CFS-280631,The Pensions Regulator,Direct,1,20976.0,20976.0,1.1652568924811864
ID:GB-CFS-280631,The Pensions Regulator,Selective,8,1779142.08,186500.0,98.83474310751882
ID:GB-CFS-280785,Defra Commercial,Direct,2,63881.0,31940.5,100.0
ID:GB-CFS-280802,ICS on behalf of DSIT and DESNZ,Selective,3,18283237.81,129100.0,100.0
ID:GB-CFS-280810,North West Leicestershire District Council,Open,1,600000.0,600000.0,100.0
ID:GB-CFS-280887,Westward Housing Group and its subsidiaries,Selective,1,2000000.0,2000000.0,100.0
ID:GB-CFS-280994,Home Office,Selective,3,15000000.0,5000000.0,100.0
ID:GB-CFS-281021,The Queen Elizabeth Hospital King's Lynn NHS Foundation Trust,Selective,1,960000.0,960000.0,100.0
ID:GB-CFS-281049,Tennyson Learning Community Multi Academy Trust,Selective,1,819879.0,819879.0,100.0
ID:GB-CFS-281100,Ministry of Defence,Direct,1,3500000.0,3500000.0,100.0
ID:GB-CFS-281207,Ministry of Defence,Selective,1,3000000.0,3000000.0,100.0
ID:GB-CFS-281360,Home Office,Selective,2,0.0,0.0,
ID:GB-CFS-281365,Northumbria Healthcare NHS Foundation Trust,Limited,1,170046.4,170046.4,11.690484042897376
ID:GB-CFS-281365,Northumbria Healthcare NHS Foundation Trust,Selective,7,1284524.68,108000.0,88.30951595710263
ID:GB-CFS-281514,Mersey and West Lancashire Teaching Hospitals NHS Trust,Open,1,89245.76,89245.76,100.0
ID:GB-CFS-281541,"Department for Environment, Food & Rural Affairs",Open,4,3035221.54,730428.52,4.792708707933093
ID:GB-CFS-281541,"Department for Environment, Food & Rural Affairs",Selective,4,60294760.0,114747.5,95.20729129206693
ID:GB-CFS-281555,Nottinghamshire Healthcare NHS Foundation Trust,Open,1,150000.0,150000.0,100.0
ID:GB-CFS-281628,Cumberland Council,Unknown,4,10496861.0,2718221.0,100.0
ID:GB-CFS-281704,Northumbria Healthcare Facilities Management Ltd,Selective,1,29816.33,29816.33,100.0
ID:GB-CFS-281737,The Queen Elizabeth Hospital King's Lynn NHS Foundation Trust,Direct,1,137774.0,137774.0,2.188599251412131
ID:GB-CFS-281737,The Queen Elizabeth Hospital King's Lynn NHS Foundation Trust,Open,1,186987.0,186987.0,2.9703689246432576
ID:GB-CFS-281737,The Queen Elizabeth Hospital King's Lynn NHS Foundation Trust,Selective,8,5970315.63,417497.5,94.8410318239446
ID:GB-CFS-281918,Tyne & Wear Fire & Rescue,Open,1,0.0,0.0,
ID:GB-CFS-281925,AHDB,Open,4,1501500.0,401250.0,82.52267106347898
ID:GB-CFS-281925,AHDB,Selective,1,318000.0,318000.0,17.477328936521022
ID:GB-CFS-281989,Echelon Consultancy Ltd,Selective,1,93750000.0,93750000.0,100.0
ID:GB-CFS-282055,National Highways,Limited,1,11566.0,11566.0,1.5801269161873688
ID:GB-CFS-282055,National Highways,Open,1,395000.0,395000.0,53.96421683330544
ID:GB-CFS-282055,National Highways,Selective,2,325400.52,162700.26,44.4556562505072
ID:GB-CFS-282159,St Mary's Catholic High School,Selective,1,665998.0,665998.0,100.0
ID:GB-CFS-282199,United Lincolnshire Hospitals Trust,Direct,1,114250.5,114250.5,38.38261572433978
ID:GB-CFS-282199,United Lincolnshire Hospitals Trust,Selective,1,183411.6,183411.6,61.61738427566023
ID:GB-CFS-282208,Ministry of Defence,Limited,1,833245.0,833245.0,82.69625653907266
ID:GB-CFS-282208,Ministry of Defence,Selective,1,174352.0,174352.0,17.303743460927336
ID:GB-CFS-282223,Islington Council,Open,9,23934780.0,2361500.0,97.31650374591682
ID:GB-CFS-282223,Islington Council,Selective,1,660000.0,660000.0,2.6834962540831837
ID:GB-CFS-282264,United Lincs Hospital Trust,Selective,4,1912195.2,349196.6,100.0
ID:GB-CFS-282445,Dorset Police,Open,1,0.0,0.0,
ID:GB-CFS-282470,Sheffield Teaching Hospitals NHS Foundation Trust,Selective,3,4250000.0,800000.0,100.0
ID:GB-CFS-282480,Home Office,Open,1,1264993.89,1264993.89,100.0
ID:GB-CFS-282491,Lincolnshire Police,Open,2,88031.81,44015.905,1.3278459614511602
ID:GB-CFS-282491,Lincolnshire Police,Selective,1,6400100.0,6400100.0,96.53722828013612
ID:GB-CFS-282491,Lincolnshire Police,Unknown,6,141538.54,24910.77,2.134925758412709
ID:GB-CFS-282503,East Midlands Pharmacy Collaborative,Open,3,2760001.0,1.0,100.0
ID:GB-CFS-282518,"Leeds and York Partnership NHS Foundation Trust, trading as North of England NHS Commercial Procurement Collaborative (""NOE CPC""), for itself and acting as agent for the Participating Organisations and NHS Shared Business Services Limited",Open,1,1500000000.0,1500000000.0,100.0
ID:GB-CFS-282564,Risk2Value Ltd,Open,3,576000.0,0.0,100.0
ID:GB-CFS-282593,Nuclear Restoration Services,Limited,1,104436.0,104436.0,100.0
ID:GB-CFS-282596,NHS England,Open,1,351789.0,351789.0,100.0
ID:GB-CFS-282654,NHS Property Services,Open,1,7500000.0,7500000.0,100.0
ID:GB-CFS-282856,CPS,Limited,1,68130.74,68130.74,100.0
ID:GB-CFS-282907,HS2,Selective,2,845308.0,422654.0,100.0
ID:GB-CFS-282918,Plus Dane Housing Limited,Unknown,3,1003301.9,256287.5,100.0
ID:GB-CFS-282991,University of Bradford,Open,1,204850.0,204850.0,100.0
ID:GB-CFS-283025,Home Office,Selective,1,2000000.0,2000000.0,100.0
ID:GB-CFS-283247,Home Office,Selective,2,120885624.0,60442812.0,100.0
ID:GB-CFS-283285,Nuclear Waste Services,Selective,8,36799168.18,306965.94,100.0
ID:GB-CFS-283297,Newark & Sherwood District Council,Open,1,291000.75,291000.75,100.0
ID:GB-CFS-283312,DESNZ,Selective,1,2076720.0,2076720.0,100.0
ID:GB-CFS-283319,National Citizen Service,Direct,1,49375.0,49375.0,100.0
ID:GB-CFS-283355,Sovereign Housing Association Limited T/A Sovereign Network Group & Sovereign Network Homes T/A Sovereign Network Group,Selective,1,56000000.0,56000000.0,100.0
ID:GB-CFS-283399,The National Lottery Community Fund,Direct,20,9180977.4,155640.0,85.58704068248902
ID:GB-CFS-283399,The National Lottery Community Fund,Limited,1,60900.0,60900.0,0.5677228633155748
ID:GB-CFS-283399,The National Lottery Community Fund,Open,2,225987.5,112993.75,2.106703950304244
ID:GB-CFS-283399,The National Lottery Community Fund,Unknown,3,1259200.0,600000.0,11.738532503891165
ID:GB-CFS-283401,Environment Agency,Limited,2,2302800.0,1151400.0,76.36719261690949
ID:GB-CFS-283401,Environment Agency,Selective,1,712631.0,712631.0,23.63280738309051
ID:GB-CFS-283442,Suffolk Constabulary,Selective,1,156780.35,156780.35,100.0
ID:GB-CFS-283484,AHDB,Open,2,544000.0,272000.0,100.0
ID:GB-CFS-283485,NHS Resolution,Open,1,800000.0,800000.0,100.0
ID:GB-CFS-283532,NHS Resolution,Direct,2,61762.0,30881.0,22.055179801566236
ID:GB-CFS-283532,NHS Resolution,Limited,1,42500.0,42500.0,15.176729082066071
ID:GB-CFS-283532,NHS Resolution,Selective,2,175771.99,87885.995,62.7680911163677
ID:GB-CFS-283541,Bath and Wells Multi Academy Trust,Open,1,7507201.52,7507201.52,100.0
ID:GB-CFS-283564,Barnsley Facilities Ltd,Selective,9,894085.28,94292.8,96.20696633834883
ID:GB-CFS-283564,Barnsley Facilities Ltd,Unknown,1,35250.0,35250.0,3.793033661651153
ID:GB-CFS-283647,NHS Resolution,Open,1,12300000.0,12300000.0,100.0
ID:GB-CFS-283655,Wirral Borough Council,Direct,4,1662151.15,322050.575,10.08513658725192
ID:GB-CFS-283655,Wirral Borough Council,Open,7,12018588.36,172958.0,72.92303422378646
ID:GB-CFS-283655,Wirral Borough Council,Selective,1,58510.0,58510.0,0.3550106389061607
ID:GB-CFS-283655,Wirral Borough Council,Unknown,23,2741946.71,69907.87,16.636818550055466
ID:GB-CFS-283702,UK Health Security Agency,Selective,3,1902563.0,120000.0,100.0
ID:GB-CFS-283772,Ministry of Defence,Selective,2,0.0,0.0,
ID:GB-CFS-283775,Places for People Group Limited,Selective,1,460091.23,460091.23,100.0
ID:GB-CFS-283892,Corpus Christi Catholic High School ~ Catering Tender,Selective,1,1969414.51,1969414.51,100.0
ID:GB-CFS-283933,English Rural Housing Association,Open,1,93905.43,93905.43,100.0
ID:GB-CFS-283977,Kent County Council (T/A Procurement Services),Open,4,4.0,1.0,100.0
ID:GB-CFS-284011,National Highways,Selective,1,68070.0,68070.0,4.3631986277749935
ID:GB-CFS-284011,National Highways,Unknown,1,1492024.0,1492024.0,95.636801372225
ID:GB-CFS-284058,NHS England,Open,2,15.08,7.54,100.0
ID:GB-CFS-284167,Nuclear Decommissioning Authority,Selective,1,7562.18,7562.18,100.0
ID:GB-CFS-284333,Dorset & Wiltshire Fire and Rescue Service,Open,3,0.0,0.0,0.0
ID:GB-CFS-284333,Dorset & Wiltshire Fire and Rescue Service,Selective,1,0.0,0.0,0.0
ID:GB-CFS-284333,Dorset & Wiltshire Fire and Rescue Service,Unknown,1,36767.72,36767.72,100.0
ID:GB-CFS-284342,DVLA - Driver & Vehicle Licensing Agency,Selective,1,450955.07,450955.07,100.0
ID:GB-CFS-284346,Environment Agency,Selective,1,142000.0,142000.0,100.0
ID:GB-CFS-284352,Thames Valley Police,Open,2,5472312.02,2736156.01,100.0
ID:GB-CFS-284352,Thames Valley Police,Selective,1,0.0,0.0,0.0
ID:GB-CFS-284352,Thames Valley Police,Unknown,1,0.0,0.0,0.0
ID:GB-CFS-284466,Beyond Housing Limited,Unknown,1,790837.0,790837.0,100.0
ID:GB-CFS-284473,Chesterfield Borough Council,Unknown,1,2593478.16,2593478.16,100.0
ID:GB-CFS-284484,North Yorkshire Council,Unknown,1,95259.0,95259.0,100.0
ID:GB-CFS-284499,Somerset County Council,Unknown,1,259200.0,259200.0,100.0
ID:GB-CFS-284565,Foreign Commonwealth and Development Office,Unknown,2,93411.41,46705.705,100.0
ID:GB-CFS-284576,Kent Community Health NHS Foundation Trust,Unknown,1,100000.0,100000.0,100.0
ID:GB-CFS-284628,DSIT,Selective,1,1321027.25,1321027.25,100.0
ID:GB-CFS-284653,Wirral Borough Council,Direct,15,2521984.77,95000.0,18.05334989958429
ID:GB-CFS-284653,Wirral Borough Council,Open,8,10498569.0,675000.0,75.15284860420817
ID:GB-CFS-284653,Wirral Borough Council,Selective,1,49068.4,49068.4,0.3512507310711324
ID:GB-CFS-284653,Wirral Borough Council,Unknown,2,900000.0,450000.0,6.442550765136407
ID:GB-CFS-284656,West Suffolk NHS Foundation Trust,Limited,1,27720.0,27720.0,2.258116683112686
ID:GB-CFS-284656,West Suffolk NHS Foundation Trust,Selective,16,1199851.64,66642.83499999999,97.74188331688732
ID:GB-CFS-284705,West Hertfordshire Teaching Hospitals NHS Trust.,Selective,2,74000.0,37000.0,100.0
ID:GB-CFS-284779,NHS England,Direct,8,608364.0,50175.0,18.879472386206743
ID:GB-CFS-284779,NHS England,Open,2,2613993.0,1306996.5,81.12052761379326
ID:GB-CFS-28479,University of Cumbria,Open,3,1869280.11,618864.11,100.0
ID:GB-CFS-284865,"Department for Environment, Food & Rural Affairs",Direct,1,87000.0,87000.0,72.31920199501248
ID:GB-CFS-284865,"Department for Environment, Food & Rural Affairs",Selective,1,33300.0,33300.0,27.680798004987533
ID:GB-CFS-284901,Abbotswood Junior School,Selective,1,2905000.0,2905000.0,100.0
ID:GB-CFS-284929,British Tourist Authority t/a VisitBritain/VisitEngland,Open,1,394243.64,394243.64,58.24393096574176
ID:GB-CFS-284929,British Tourist Authority t/a VisitBritain/VisitEngland,Selective,2,282640.0,141320.0,41.75606903425824
ID:GB-CFS-285048,The Royal Parks Limited,Selective,1,1023046.0,1023046.0,100.0
ID:GB-CFS-285071,Sellafield,Selective,1,2980519.82,2980519.82,100.0
ID:GB-CFS-285090,West Midlands Combined Authority,Open,2,4520400.0,2260200.0,94.5823134124556
ID:GB-CFS-285090,West Midlands Combined Authority,Selective,2,258929.07,129464.535,5.417686587544389
ID:GB-CFS-285148,Hereford & Worcester Fire,Open,1,0.0,0.0,
ID:GB-CFS-285148,Hereford & Worcester Fire,Selective,1,0.0,0.0,
ID:GB-CFS-285150,Environment Agency,Selective,2,217125.53,108562.765,100.0
ID:GB-CFS-285154,Govia Thameslink Railway Limited,Selective,1,2287783.28,2287783.28,100.0
ID:GB-CFS-285193,Royal Borough of Greenwich,Open,1,56000000.0,56000000.0,100.0
ID:GB-CFS-285221,ICS on behalf of DSIT and DESNZ,Selective,3,182359.6,66000.0,100.0
ID:GB-CFS-285235,Ministry of Defence,Limited,1,783632.77,783632.77,100.0
ID:GB-CFS-285236,United Lincolnshire Hospitals NHS Trust,Selective,1,875000.0,875000.0,100.0
ID:GB-CFS-285261,Peabody Trust,Unknown,2,694840.0,347420.0,100.0
ID:GB-CFS-285281,NHS England,Direct,6,265000.0,41500.0,82.10689388071263
ID:GB-CFS-285281,NHS England,Open,1,57750.0,57750.0,17.893106119287374
ID:GB-CFS-285287,NHS England,Open,1,375000.0,375000.0,100.0
ID:GB-CFS-285355,Construction Industry Training Board,Open,1,820000.0,820000.0,69.07939075347082
ID:GB-CFS-285355,Construction Industry Training Board,Unknown,4,367040.0,93370.0,30.920609246529175
ID:GB-CFS-285374,University of Bristol,Selective,3,13535000.0,35000.0,100.0
ID:GB-CFS-285381,Ministry of Defence,Selective,1,655296.0,655296.0,100.0
ID:GB-CFS-285398,University of Bradford,Open,1,115606.0,115606.0,100.0
ID:GB-CFS-285455,Guy's and St Thomas' NHS Foundation Trust,Open,1,170000.0,170000.0,100.0
ID:GB-CFS-285479,National Highways,Selective,3,436067.05,105585.95,100.0
ID:GB-CFS-285508,DCMS,Unknown,1,32995824.08,32995824.08,100.0
ID:GB-CFS-285565,FCA,Selective,1,692246.0,692246.0,100.0
ID:GB-CFS-285676,Charnwood Borough Council,Open,1,300000.0,300000.0,100.0
ID:GB-CFS-285698,"Department of Environment, Food and Rural Affairs",Direct,1,81600.0,81600.0,100.0
ID:GB-CFS-285720,Bernicia Group e-Tendering System,Open,3,29880.0,0.0,100.0
ID:GB-CFS-285736,Northumbria Police,Open,2,0.0,0.0,
ID:GB-CFS-285755,Gloucestershire Hospitals Subsidiary Company Ltd,Selective,1,3000000.0,3000000.0,100.0
ID:GB-CFS-285774,Defra Group,Selective,2,300000.0,150000.0,100.0
ID:GB-CFS-285788,NHS England,Selective,1,2249840.0,2249840.0,100.0
ID:GB-CFS-285892,The Partnership Trust,Selective,2,10129720.16,5064860.08,100.0
ID:GB-CFS-285933,Bedford High School,Selective,1,2114413.0,2114413.0,100.0
ID:GB-CFS-285972,Royal Papworth Hospital NHS Foundation Trust,Open,1,250000.0,250000.0,100.0
ID:GB-CFS-286060,Barnsley Facilities Ltd,Selective,14,2603801.16,79926.28,100.0
ID:GB-CFS-286075,In-Tend e-Tendering,Open,5,370000.0,70000.0,19.78609625668449
ID:GB-CFS-286075,In-Tend e-Tendering,Unknown,1,1500000.0,1500000.0,80.21390374331551
ID:GB-CFS-286134,University Hospitals Birmingham NHS Foundation Trust,Selective,1,27284.76,27284.76,100.0
ID:GB-CFS-286156,Gassco AS UK,Selective,2,132560.0,66280.0,100.0
ID:GB-CFS-286309,UK Research and Innovation,Unknown,1,36120.0,36120.0,100.0
ID:GB-CFS-286354,Leeds Teaching Hospitals NHS Trust,Selective,2,1821587.56,910793.78,100.0
ID:GB-CFS-286369,Department for International Trade,Selective,1,333333.33,333333.33,100.0
ID:GB-CFS-286390,Loreto Grammar School,Selective,1,1198647.0,1198647.0,100.0
ID:GB-CFS-286403,Nuclear Restoration Services Limited (Dounreay),Direct,5,329314.73,65865.52,8.20245571784898
ID:GB-CFS-286403,Nuclear Restoration Services Limited (Dounreay),Limited,7,485053.52,40950.0,12.081542840755333
ID:GB-CFS-286403,Nuclear Restoration Services Limited (Dounreay),Open,2,1179158.67,589579.335,29.37007031235044
ID:GB-CFS-286403,Nuclear Restoration Services Limited (Dounreay),Selective,8,1025582.38,83220.115,25.54484598048853
ID:GB-CFS-286403,Nuclear Restoration Services Limited (Dounreay),Unknown,5,995721.64,249600.0,24.80108514855672
ID:GB-CFS-286533,NHS Business Services Authority (North East),Selective,2,322623.0,161311.5,100.0
ID:GB-CFS-286585,Aspire Housing,Open,4,5285764.8,0.0,60.51245961878613
ID:GB-CFS-286585,Aspire Housing,Selective,9,3449237.6,0.0,39.48754038121386
ID:GB-CFS-286591,Environment Agency,Selective,1,133070.8,133070.8,100.0
ID:GB-CFS-286627,Kingfisher Learning Trust,Selective,1,2857021.0,2857021.0,100.0
ID:GB-CFS-286633,Kingfisher Learning Trust,Selective,1,1570706.0,1570706.0,100.0
ID:GB-CFS-286647,Isle of Anglesey County Council,Unknown,1,266961.72,266961.72,100.0
ID:GB-CFS-286648,Alliance Environmental Services Ltd,Unknown,7,1990435.0,70995.0,100.0
ID:GB-CFS-286654,Ministry of Defence,Selective,1,2400000.0,2400000.0,100.0
ID:GB-CFS-286688,Haslingden High School,Open,2,2000.0,1000.0,100.0
ID:GB-CFS-286728,East of England Ambulance Service NHS Trust,Limited,2,61000.0,30500.0,37.88819875776397
ID:GB-CFS-286728,East of England Ambulance Service NHS Trust,Open,1,100000.0,100000.0,62.11180124223602
ID:GB-CFS-286776,University of Sunderland in London,Selective,1,4870290.0,4870290.0,100.0
ID:GB-CFS-286796,Women's Pioneer Housing,Selective,1,915000.0,915000.0,100.0
ID:GB-CFS-286826,"Dept for Environment, Food and Rural Affairs",Limited,1,167378.16,167378.16,100.0
ID:GB-CFS-287003,Surrey Heath Borough Council,Open,1,22250.0,22250.0,100.0
ID:GB-CFS-287005,Home Office,Selective,1,960.0,960.0,100.0
ID:GB-CFS-287055,NHS England,Open,2,435931.26,217965.63,32.01207668312812
ID:GB-CFS-287055,NHS England,Selective,2,475000.0,237500.0,34.881041622217815
ID:GB-CFS-287055,NHS England,Unknown,1,450840.0,450840.0,33.106881694654064
ID:GB-CFS-287079,Sale Grammar School,Selective,1,1322465.92,1322465.92,100.0
ID:GB-CFS-287080,DVSA - Driver and Vehicle Standards Agency,Selective,2,152532.0,76266.0,100.0
ID:GB-CFS-287116,Echelon Consultancy Ltd,Selective,1,746737.45,746737.45,100.0
ID:GB-CFS-287121,Nuclear Restoration Services,Selective,2,8645280.0,4322640.0,100.0
ID:GB-CFS-287205,Lincolnshire Partnership NHS Foundation Trust & Lincolnshire Community Health Services NHS Truat,Selective,1,122031.42,122031.42,100.0
ID:GB-CFS-287210,Bournemouth and Poole College,Open,2,37485.0,18742.5,100.0
ID:GB-CFS-287244,London Borough of Harrow,Open,3,12117086.65,2091475.3,100.0
ID:GB-CFS-287340,Kent Community Health NHS Foundation Trust,Selective,3,5843646.38,1350646.38,100.0
ID:GB-CFS-287399,Dorset County Hospital NHS Foundation Trust,Selective,1,111900.0,111900.0,100.0
ID:GB-CFS-287434,British Council,Open,1,0.0,0.0,
ID:GB-CFS-287481,Health Innovation North East and North Cumbria,Selective,2,103465.0,51732.5,100.0
ID:GB-CFS-287482,Birmingham Primary Cluster,Selective,1,1527975.84,1527975.84,100.0
ID:GB-CFS-287547,Livv Maintenance Limited (part of Livv Housing Group),Open,1,210000.0,210000.0,100.0
ID:GB-CFS-287593,West Midlands Police,Open,1,397678.0,397678.0,100.0
ID:GB-CFS-287606,Devon and Cornwall Police,Open,1,0.0,0.0,0.0
ID:GB-CFS-287606,Devon and Cornwall Police,Unknown,1,7000000.0,7000000.0,100.0
ID:GB-CFS-287625,Lambeth Schools' Consortium,Selective,1,15519833.0,15519833.0,100.0
ID:GB-CFS-287727,Pendle Vale College,Selective,1,726090.0,726090.0,100.0
ID:GB-CFS-287728,Nuclear Restoration Services,Direct,2,84946.48000000001,42473.240000000005,46.01514537921626
ID:GB-CFS-287728,Nuclear Restoration Services,Selective,1,99659.0,99659.0,53.98485462078374
ID:GB-CFS-287745,Milverton Primary School,Selective,1,1417364.23,1417364.23,100.0
ID:GB-CFS-287941,Health Research Authority,Selective,3,3123715.0,95000.0,100.0
ID:GB-CFS-288008,Welland Procurement,Unknown,1,68000.0,68000.0,100.0
ID:GB-CFS-288033,ICS on behalf of DSIT and DESNZ,Selective,22,5844842.5,91666.5,100.0
ID:GB-CFS-288075,East Cambridgeshire District Council,Open,4,216936.44,47888.22,100.0
ID:GB-CFS-288106,London Museum,Unknown,1,2150000.0,2150000.0,100.0
ID:GB-CFS-288110,NHS England,Open,1,1092000.0,1092000.0,100.0
ID:GB-CFS-288130,NHS England (previously NHS Digital),Selective,1,25000000.0,25000000.0,100.0
ID:GB-CFS-288154,NHS England,Open,1,79101.0,79101.0,100.0
ID:GB-CFS-288162,CPS,Limited,2,648372.7699999999,324186.38499999995,22.525387662690445
ID:GB-CFS-288162,CPS,Open,1,388509.16,388509.16,13.4973580699668
ID:GB-CFS-288162,CPS,Selective,2,1841527.0,920763.5,63.977254267342765
ID:GB-CFS-288182,The Pensions Regulator,Direct,1,118000.0,118000.0,22.500834247032465
ID:GB-CFS-288182,The Pensions Regulator,Selective,4,406425.0,72460.5,77.49916575296754
ID:GB-CFS-288195,Westminster Schools' Consortium,Selective,1,13047827.0,13047827.0,100.0
ID:GB-CFS-288210,Lighthouse Schools Partnership,Selective,1,1184714.28,1184714.28,100.0
ID:GB-CFS-288241,Gloucestershire Health and Care NHS Foundation Trust,Selective,23,4587639.21,79707.19,100.0
ID:GB-CFS-288319,Food Standards Agency,Direct,1,27605.0,27605.0,0.6549079970157168
ID:GB-CFS-288319,Food Standards Agency,Selective,8,4187490.88,145350.0,99.34509200298427
ID:GB-CFS-288320,Cathedral School,Selective,1,1024426.86,1024426.86,100.0
ID:GB-CFS-288374,NHS England,Open,1,717600.0,717600.0,100.0
ID:GB-CFS-288392,Devon & Somerset Fire & Rescue,Open,1,190000.0,190000.0,100.0
ID:GB-CFS-288398,SUSSEX PARTNERSHIP NHS FOUNDATION TRUST,Selective,8,2844731.36,111040.68,100.0
ID:GB-CFS-288481,DSIT,Selective,1,44400.0,44400.0,100.0
ID:GB-CFS-288561,DSIT,Selective,5,3113317.0,548200.0,100.0
ID:GB-CFS-288606,"The Police, Fire and Crime Commissioner for Essex",Selective,2,4337414.9,2168707.45,100.0
ID:GB-CFS-288627,"Department for Environment, Food & Rural Affairs",Selective,1,42583464.0,42583464.0,100.0
ID:GB-CFS-288650,NHS England,Open,3,930174.0,332174.0,46.42463797951773
ID:GB-CFS-288650,NHS England,Selective,4,1073447.44,150086.22,53.575362020482274
ID:GB-CFS-288697,NHS England,Direct,8,583908.62,61350.0,1.9752841795996487
ID:GB-CFS-288697,NHS England,Limited,3,2534132.0,945000.0,8.572627080958691
ID:GB-CFS-288697,NHS England,Open,15,9578701.67,120000.0,32.40345701670878
ID:GB-CFS-288697,NHS England,Selective,1,427026.6,427026.6,1.4445734458385413
ID:GB-CFS-288697,NHS England,Unknown,19,16436971.08,244100.54,55.60405827689435
ID:GB-CFS-288703,NHS England,Direct,5,114391.0,20000.0,62.89677848584986
ID:GB-CFS-288703,NHS England,Open,2,67480.0,33740.0,37.10322151415014
ID:GB-CFS-288778,National Employment Savings Trust (NEST),Direct,1,65800.0,65800.0,37.82283050428525
ID:GB-CFS-288778,National Employment Savings Trust (NEST),Open,2,108169.0,54084.5,62.17716949571476
ID:GB-CFS-288798,Foreign Commonwealth and Development Office,Selective,1,20250000.0,20250000.0,100.0
ID:GB-CFS-288879,The Laurus Trust,Selective,1,7378235.0,7378235.0,100.0
ID:GB-CFS-288887,Castlecroft Primary School,Selective,1,2439582.0,2439582.0,100.0
ID:GB-CFS-288998,The Royal Marsden NHS Foundation Trust,Selective,1,40000.0,40000.0,100.0
ID:GB-CFS-289038,Ministry of Defence,Selective,1,38088503.33,38088503.33,100.0
ID:GB-CFS-289065,Anthro JV,Unknown,1,2000000.0,2000000.0,100.0
ID:GB-CFS-289101,Sita,Selective,1,150000.0,150000.0,100.0
ID:GB-CFS-289111,DSIT,Direct,2,50217.0,25108.5,1.6699300196998337
ID:GB-CFS-289111,DSIT,Selective,3,2956915.0,466425.0,98.33006998030017
ID:GB-CFS-289146,Welland Procurement,Open,1,314281.17,314281.17,100.0
ID:GB-CFS-289282,Nuclear Decommissioning Authority,Selective,1,99700.0,99700.0,100.0
ID:GB-CFS-289313,Central London Community Healthcare NHS Trust,Selective,1,329612.71,329612.71,100.0
ID:GB-CFS-289377,London Museum,Selective,1,200000.0,200000.0,100.0
ID:GB-CFS-289378,Thinking Schools Academy Trust,Selective,1,12158024.83,12158024.83,100.0
ID:GB-CFS-289406,Food Standards Agency,Direct,1,49200.0,49200.0,0.0407167966957293
ID:GB-CFS-289406,Food Standards Agency,Open,6,120785453.0,22100000.0,99.95928320330428
ID:GB-CFS-289425,Leicester City Council,Open,110,5215514.8,45435.0,89.57358526003728
ID:GB-CFS-289425,Leicester City Council,Unknown,12,607088.8,46784.0,10.426414739962722
ID:GB-CFS-289443,Notre Dame High School,Open,1,102792.71,102792.71,100.0
ID:GB-CFS-289444,Leicester City Council,Open,6,325759.2,57486.0,100.0
ID:GB-CFS-289450,London Borough of Hillingdon,Unknown,5,2717603.0,553485.0,100.0
ID:GB-CFS-289481,Wyre Forest School,Selective,1,678933.5,678933.5,100.0
ID:GB-CFS-289509,Coleridge Primary School,Selective,1,893748.0,893748.0,100.0
ID:GB-CFS-289516,Leicester City Council,Open,73,2895941.1,37440.0,100.0
ID:GB-CFS-289562,NHS North of England Commissioning Support Unit,Selective,2,81685.54000000001,40842.77,100.0
ID:GB-CFS-289579,NHS England,Selective,2,1620546.66,810273.33,100.0
ID:GB-CFS-289581,NHS England,Selective,3,116279.87,29100.0,100.0
ID:GB-CFS-289618,St Mary Redcliffe and Temple School,Selective,1,2155936.0,2155936.0,100.0
ID:GB-CFS-289656,Bath and North East Somerset Council,Open,2,526305.0,263152.5,100.0
ID:GB-CFS-289662,Leicester City Council,Open,1,50544.0,50544.0,100.0
ID:GB-CFS-289663,Environment Agency,Selective,18,3139911.46,117705.355,100.0
ID:GB-CFS-289665,Tonbridge & Malling Borough Council,Open,1,99873.0,99873.0,100.0
ID:GB-CFS-289834,Halton Borough Council,Selective,1,56736.65,56736.65,100.0
ID:GB-CFS-289964,Environment Agency,Selective,3,911382.73,81280.04,100.0
ID:GB-CFS-290005,LCRCA,Unknown,1,780000.0,780000.0,100.0
ID:GB-CFS-290167,Guys and St Thomas NHS Foundation Trust,Open,1,276300.0,276300.0,63.43479073406657
ID:GB-CFS-290167,Guys and St Thomas NHS Foundation Trust,Selective,1,159265.4,159265.4,36.56520926593343
ID:GB-CFS-290186,UK Research & Innovation,Unknown,4,195073.07,46447.0,100.0
ID:GB-CFS-290205,UK Research & Innovation,Unknown,3,533533.05,176248.05,100.0
ID:GB-CFS-290228,Leicester City Council,Open,1,40560.0,40560.0,100.0
ID:GB-CFS-290265,VCA - Vehicle Certification Agency,Selective,8,1352007.0,51666.5,100.0
ID:GB-CFS-290329,Nuclear Restoration Services,Open,1,270000.0,270000.0,100.0
ID:GB-CFS-290375,Dagenham Park Church of England School,Selective,1,2924179.86,2924179.86,100.0
ID:GB-CFS-290408,Nuclear Waste Services,Open,1,112000.0,112000.0,18.00338881645561
ID:GB-CFS-290408,Nuclear Waste Services,Selective,2,510105.1,255052.55,81.99661118354439
ID:GB-CFS-290409,St Illtyd's Catholic High School,Selective,1,2431300.0,2431300.0,100.0
ID:GB-CFS-290424,Nuclear Decommissioning Authority,Selective,1,112722.25,112722.25,100.0
ID:GB-CFS-290487,Mater Christi Trust,Selective,1,1593910.0,1593910.0,100.0
ID:GB-CFS-290531,The City Literary Institute,Open,4,1657107.19,443812.86,100.0
ID:GB-CFS-290533,Blackburn with Darwen,Open,1,3000000.0,3000000.0,100.0
ID:GB-CFS-290540,Torus62 Limited,Open,1,301000.0,301000.0,59.95956215575542
ID:GB-CFS-290540,Torus62 Limited,Unknown,3,201005.0,38997.0,40.04043784424458
ID:GB-CFS-290548,Defra,Unknown,1,68035.29,68035.29,100.0
ID:GB-CFS-290624,Isle of Anglesey County Council,Unknown,1,71479.98,71479.98,100.0
ID:GB-CFS-290817,Dartmoor Multi Academy Trust,Open,3,1700347.13,531476.13,100.0
ID:GB-CFS-290820,Department of Health and Social Care (Yorkshire),Direct,1,25000.0,25000.0,12.82051282051282
ID:GB-CFS-290820,Department of Health and Social Care (Yorkshire),Open,1,170000.0,170000.0,87.17948717948718
ID:GB-CFS-290904,Westminster City Council,Direct,2,89000.0,44500.0,0.1726529799260378
ID:GB-CFS-290904,Westminster City Council,Open,11,9674275.14,99999.0,18.7673306915212
ID:GB-CFS-290904,Westminster City Council,Selective,45,40815544.49,99982.5,79.17893689328397
ID:GB-CFS-290904,Westminster City Council,Unknown,4,969668.0,91200.0,1.881079435268778
ID:GB-CFS-291008,NRS Dounreay,Direct,4,229135.12,55706.0,14.093280473651577
ID:GB-CFS-291008,NRS Dounreay,Limited,3,237961.25,80000.0,14.63614411492538
ID:GB-CFS-291008,NRS Dounreay,Open,2,198054.0,99027.0,12.1815921144196
ID:GB-CFS-291008,NRS Dounreay,Selective,10,842264.87,73344.94,51.80469517729836
ID:GB-CFS-291008,NRS Dounreay,Unknown,2,118431.35,59215.675,7.284288119705071
ID:GB-CFS-291023,TORUS62 LIMITED,Unknown,5,890738.44,158836.5,100.0
ID:GB-CFS-291154,Colchester Institute,Open,1,0.0,0.0,
ID:GB-CFS-291154,Colchester Institute,Selective,1,0.0,0.0,
ID:GB-CFS-291165,DfTc - Department for Transport,Selective,1,147500.0,147500.0,100.0
ID:GB-CFS-291178,BHCC Sports and Leisure,Open,1,0.0,0.0,
ID:GB-CFS-291180,University of Greenwich,Selective,1,5200000.0,5200000.0,100.0
ID:GB-CFS-291187,NHS England,Open,1,90020.4,90020.4,100.0
ID:GB-CFS-291189,The LEARNERs Trust,Selective,1,5796844.76,5796844.76,100.0
ID:GB-CFS-291194,Leicester City Council,Open,1,51792.0,51792.0,83.05723495357378
ID:GB-CFS-291194,Leicester City Council,Unknown,1,10565.0,10565.0,16.942765046426224
ID:GB-CFS-291209,Dorset HealthCare University NHS Foundation Trust,Selective,2,181112.28,90556.14,68.61770982950812
ID:GB-CFS-291209,Dorset HealthCare University NHS Foundation Trust,Unknown,1,82831.65,82831.65,31.38229017049189
ID:GB-CFS-291276,UK Research & Innovation,Unknown,1,96248.44,96248.44,100.0
ID:GB-CFS-291286,NHS Property Services,Open,1,3350000.0,3350000.0,96.54178674351584
ID:GB-CFS-291286,NHS Property Services,Selective,1,120000.0,120000.0,3.45821325648415
ID:GB-CFS-291326,Chenderit School,Selective,1,1393274.32,1393274.32,100.0
ID:GB-CFS-291327,Sellafield Limited,Unknown,1,24855800.0,24855800.0,100.0
ID:GB-CFS-291339,General Pharmaceutical Council,Selective,1,4219394.8,4219394.8,100.0
ID:GB-CFS-291475,Environment Agency,Selective,2,503482.48,251741.24,100.0
ID:GB-CFS-291482,Leeds Beckett University,Open,6,2575000.0,272500.0,89.56521739130436
ID:GB-CFS-291482,Leeds Beckett University,Unknown,1,300000.0,300000.0,10.434782608695652
ID:GB-CFS-291514,Richmond Council,Open,1,458220.0,458220.0,100.0
ID:GB-CFS-291730,Thrive Homes,Open,2,3500000.0,1750000.0,100.0
ID:GB-CFS-291749,The Pensions Regulator,Selective,1,280000.0,280000.0,100.0
ID:GB-CFS-291790,Nuclear Restoration Services,Limited,1,88920.0,88920.0,100.0
ID:GB-CFS-291806,DEFRA,Limited,1,67881.72,67881.72,100.0
ID:GB-CFS-291823,West Hertfordshire Teaching Hospitals NHS Trust,Direct,7,4730000.0,90000.0,74.14955322150807
ID:GB-CFS-291823,West Hertfordshire Teaching Hospitals NHS Trust,Limited,2,150000.0,75000.0,2.351465746982285
ID:GB-CFS-291823,West Hertfordshire Teaching Hospitals NHS Trust,Selective,14,1499000.0,72500.0,23.49898103150964
ID:GB-CFS-291826,National Highways,Selective,1,53033.01,53033.01,2.8270320483759983
ID:GB-CFS-291826,National Highways,Unknown,1,1822892.31,1822892.31,97.172967951624
ID:GB-CFS-291850,Nuclear Restoration Services,Direct,1,89533.42,89533.42,100.0
ID:GB-CFS-291878,Scape Group Limited (trading as SCAPE),Selective,1,800000.0,800000.0,100.0
ID:GB-CFS-291880,Nuclear Restoration Services,Selective,1,1072023.84,1072023.84,100.0
ID:GB-CFS-291883,NHS Resolution,Direct,2,53388.0,26694.0,14.509439723860805
ID:GB-CFS-291883,NHS Resolution,Limited,9,290989.46,25596.0,79.0832027824381
ID:GB-CFS-291883,NHS Resolution,Selective,2,23576.1,11788.05,6.407357493701108
ID:GB-CFS-292065,B:Music Ltd,Selective,3,809056.0,334600.0,100.0
ID:GB-CFS-292124,NHS Blood and Transplant,Open,5,18219253.25,2600000.0,100.0
ID:GB-CFS-292198,Peaks & Plains Housing Trust,Selective,1,702861.0,702861.0,100.0
ID:GB-CFS-292207,Hertfordshire Partnership University NHS Foundation Trust,Limited,2,370000.0,185000.0,24.025974025974023
ID:GB-CFS-292207,Hertfordshire Partnership University NHS Foundation Trust,Selective,14,1170000.0,57500.0,75.97402597402598
ID:GB-CFS-292241,Ambulance Radio Programme,Selective,1,2921799.0,2921799.0,100.0
ID:GB-CFS-292258,British Telecommunications plc,Selective,1,800000000.0,800000000.0,100.0
ID:GB-CFS-292260,Cheshire Constabulary,Open,2,3400000.0,1700000.0,8.920714144139554
ID:GB-CFS-292260,Cheshire Constabulary,Unknown,51,34713540.52,80610.99,91.07928585586043
ID:GB-CFS-292300,Sellafield Limited,Direct,1,99600.0,99600.0,100.0
ID:GB-CFS-292322,Nottingham University Hospital NHS Trust,Selective,1,590000.0,590000.0,100.0
ID:GB-CFS-292328,The Police and Crime Commissioner for Derbyshire,Open,1,6150.0,6150.0,100.0
ID:GB-CFS-292413,NHS Business Services Authority,Direct,2,48612.0,24306.0,4.913089099212422
ID:GB-CFS-292413,NHS Business Services Authority,Limited,1,115930.0,115930.0,11.716745233104914
ID:GB-CFS-292413,NHS Business Services Authority,Open,1,82550.0,82550.0,8.343114974491597
ID:GB-CFS-292413,NHS Business Services Authority,Selective,11,742346.6,19000.0,75.02705069319107
ID:GB-CFS-292427,East and North Hertfordshire NHS Trust,Direct,4,555000.0,57500.0,8.323335332933414
ID:GB-CFS-292427,East and North Hertfordshire NHS Trust,Limited,1,30000.0,30000.0,0.4499100179964007
ID:GB-CFS-292427,East and North Hertfordshire NHS Trust,Selective,31,6083000.0,115000.0,91.2267546490702
ID:GB-CFS-292432,Health,Limited,1,600000.0,600000.0,0.9195806068726236
ID:GB-CFS-292432,Health,Selective,4,64647135.0,1796067.5,99.08041939312736
ID:GB-CFS-292478,"Forestry Commission,",Open,1,6786900.0,6786900.0,100.0
ID:GB-CFS-292513,Department for Education,Open,1,0.0,0.0,0.0
ID:GB-CFS-292513,Department for Education,Selective,1,56000.0,56000.0,100.0
ID:GB-CFS-292531,Kent Police,Selective,2,578542.46,289271.23,100.0
ID:GB-CFS-292551,Weston College,Open,6,1556280.16,171808.28,100.0
ID:GB-CFS-292635,DSIT,Open,4,393295.0,93713.75,43.81653195483487
ID:GB-CFS-292635,DSIT,Selective,1,504300.0,504300.0,56.18346804516513
ID:GB-CFS-292656,Fylde Borough Council,Open,1,3833835.0,3833835.0,98.15660415762572
ID:GB-CFS-292656,Fylde Borough Council,Selective,1,72000.0,72000.0,1.8433958423742935
ID:GB-CFS-292673,Wirral Borough Council,Direct,4,3811268.13,90411.54,78.1119996977887
ID:GB-CFS-292673,Wirral Borough Council,Unknown,3,1067967.0,188487.0,21.888000302211303
ID:GB-CFS-292688,London Borough of Enfield,Open,1,46000.0,46000.0,100.0
ID:GB-CFS-292722,"Royal Botanic Gardens, Kew",Open,1,1080000.0,1080000.0,100.0
ID:GB-CFS-292817,Tonbridge & Malling Borough Council,Open,1,14970.0,14970.0,100.0
ID:GB-CFS-292865,Adur & Worthing Councils,Unknown,1,75000.0,75000.0,100.0
ID:GB-CFS-292913,Northumbria Healthcare NHS Foundation Trust,Open,1,12473114.09,12473114.09,100.0
ID:GB-CFS-292923,Animal and Plant Health Agency,Open,3,669958.3,155600.0,100.0
ID:GB-CFS-293067,NHS Property Services,Open,1,1500000.0,1500000.0,38.61046794651617
ID:GB-CFS-293067,NHS Property Services,Selective,6,2384956.8,450000.0,61.38953205348383
ID:GB-CFS-293076,DEFRA,Direct,1,114999.0,114999.0,50.0
ID:GB-CFS-293076,DEFRA,Open,1,114999.0,114999.0,50.0
ID:GB-CFS-293287,Department for Education,Selective,1,12826680.0,12826680.0,100.0
ID:GB-CFS-293324,Broadland Development Services Limited,Selective,1,4905555.77,4905555.77,100.0
ID:GB-CFS-293339,Department for International Trade,Unknown,1,37486.0,37486.0,100.0
ID:GB-CFS-293379,"Department for Environment, Food & Rural Affairs",Selective,5,3432919.56,139869.74,100.0
ID:GB-CFS-293393,Northumbria University,Unknown,2,502759.44,251379.72,100.0
ID:GB-CFS-293427,London Borough of Wandsworth,Open,1,5667162.0,5667162.0,100.0
ID:GB-CFS-293442,Mossbourne Federation,Selective,2,16512721.1,8256360.55,100.0
ID:GB-CFS-293462,Sussex Partnership NHS Trust,Selective,2,314166.67000000004,157083.33500000002,100.0
ID:GB-CFS-293469,Regulator of Social Housing,Open,1,42200.0,42200.0,100.0
ID:GB-CFS-293482,7F Commercial Services,Selective,2,682902.74,341451.37,100.0
ID:GB-CFS-293483,NHSBSA,Selective,1,46241.97,46241.97,100.0
ID:GB-CFS-293602,Homes England (the name adopted by the Homes and Communities Agency),Open,1,65400.0,65400.0,65.79476861167002
ID:GB-CFS-293602,Homes England (the name adopted by the Homes and Communities Agency),Unknown,1,34000.0,34000.0,34.205231388329985
ID:GB-CFS-293693,Nuclear Restoration Services Limited,Limited,2,178000.0,89000.0,100.0
ID:GB-CFS-293701,"Department for Environment, Food and Rural Affairs",Selective,1,7500000.0,7500000.0,100.0
ID:GB-CFS-293722,British Business Bank plc,Unknown,3,164673.0,57040.0,100.0
ID:GB-CFS-293756,UK Centre for Ecology & Hydrology,Open,1,1000000.0,1000000.0,100.0
ID:GB-CFS-293783,Santuary Housing Limited,Open,1,9459827.0,9459827.0,100.0
ID:GB-CFS-293810,Cleveland Fire,Open,1,0.0,0.0,
ID:GB-CFS-293871,Nuclear Restoration Services,Open,1,69600.0,69600.0,100.0
ID:GB-CFS-293874,Cambridgeshire County Council,Open,1,99000.0,99000.0,100.0
ID:GB-CFS-293920,Salvation Army Housing Association,Limited,1,300000.0,300000.0,32.75734993039063
ID:GB-CFS-293920,Salvation Army Housing Association,Selective,2,615825.0,307912.5,67.24265006960937
ID:GB-CFS-293923,Lewisham and Greenwich NHS Trust,Open,1,71800.0,71800.0,100.0
ID:GB-CFS-293948,Dunraven School,Selective,1,8249728.17,8249728.17,100.0
ID:GB-CFS-293957,Durham Aged Mineworkers Homes Association (DAMHA),Unknown,1,31253.04,31253.04,100.0
ID:GB-CFS-294008,UK Research & Innovation,Unknown,2,91659.09,45829.545,100.0
ID:GB-CFS-294017,Dunraven Educational Trust,Selective,1,4747346.0,4747346.0,100.0
ID:GB-CFS-294021,Islington,Open,1,306567.09,306567.09,49.802384659647736
ID:GB-CFS-294021,Islington,Unknown,1,309000.0,309000.0,50.19761534035225
ID:GB-CFS-294065,Norfolk Constabulary,Selective,1,717854.16,717854.16,100.0
ID:GB-CFS-294073,NHS england,Open,2,950008.54,475004.27,100.0
ID:GB-CFS-294132,DESNZ,Selective,1,341551.79,341551.79,100.0
ID:GB-CFS-294134,NHS Property Services,Selective,3,13191674.0,3750000.0,100.0
ID:GB-CFS-294308,PA Housing,Selective,1,10505000.0,10505000.0,100.0
ID:GB-CFS-294331,Home Office,Selective,1,206100.0,206100.0,100.0
ID:GB-CFS-294434,Places for People Group Limited,Open,2,195000000.0,97500000.0,100.0
ID:GB-CFS-294510,Charles Darwin School - Cleaning Tender,Selective,1,1389407.6,1389407.6,100.0
ID:GB-CFS-294512,The Princess Alexandra Health Trust,Direct,2,115000.0,57500.0,1.4339152119700749
ID:GB-CFS-294512,The Princess Alexandra Health Trust,Limited,3,410000.0,140000.0,5.112219451371571
ID:GB-CFS-294512,The Princess Alexandra Health Trust,Selective,24,6745000.0,67500.0,84.10224438902743
ID:GB-CFS-294512,The Princess Alexandra Health Trust,Unknown,1,750000.0,750000.0,9.351620947630924
ID:GB-CFS-294515,Salford Care Organisation,Open,1,398000.0,398000.0,100.0
ID:GB-CFS-294534,Gloucestershire Constabulary,Open,1,55700.0,55700.0,100.0
ID:GB-CFS-294568,Leicester City Council,Open,1,19110.0,19110.0,28.942705256940343
ID:GB-CFS-294568,Leicester City Council,Unknown,2,46917.0,23458.5,71.05729474305966
ID:GB-CFS-294575,Equitas Academies Trust,Selective,1,2186534.92,2186534.92,100.0
ID:GB-CFS-294598,Northumbria Healthcare NHS Foundation Trust,Open,1,170090.0,170090.0,44.76971588905091
ID:GB-CFS-294598,Northumbria Healthcare NHS Foundation Trust,Selective,2,209832.0,104916.0,55.23028411094909
ID:GB-CFS-294627,General Pharmaceutical Council,Open,1,79354.28,79354.28,100.0
ID:GB-CFS-294636,Ministry of Defence,Selective,1,1500000.0,1500000.0,100.0
ID:GB-CFS-294660,OFCOM,Direct,4,457613.0,56404.5,10.202873288292556
ID:GB-CFS-294660,OFCOM,Limited,5,227232.0,41948.0,5.066331819780675
ID:GB-CFS-294660,OFCOM,Selective,10,3800293.52,266996.5,84.73079489192678
ID:GB-CFS-294701,UK Health Security Agency,Direct,1,300000.0,300000.0,24.427834964244163
ID:GB-CFS-294701,UK Health Security Agency,Selective,5,928107.2,80000.0,75.57216503575583
ID:GB-CFS-294705,Aster Group,Open,2,1387048.0,693524.0,100.0
ID:GB-CFS-294709,Salix Homes Limited,Selective,1,1300000.0,1300000.0,100.0
ID:GB-CFS-294769,University of Northumbria at Newcastle,Open,1,290000.0,290000.0,100.0
ID:GB-CFS-294771,Muir Group Housing Association Limited,Selective,1,2000000.0,2000000.0,100.0
ID:GB-CFS-294787,MCA - Maritime and Coastguard Agency,Direct,4,219337.14,58679.31,4.0655360651578505
ID:GB-CFS-294787,MCA - Maritime and Coastguard Agency,Limited,2,32188.0,16094.0,0.5966225093721058
ID:GB-CFS-294787,MCA - Maritime and Coastguard Agency,Open,7,1268162.0,81000.0,23.50608906208365
ID:GB-CFS-294787,MCA - Maritime and Coastguard Agency,Selective,38,3866126.5,57086.96,71.6608081887659
ID:GB-CFS-294787,MCA - Maritime and Coastguard Agency,Unknown,1,9222.5,9222.5,0.1709441746204873
ID:GB-CFS-294788,Royal Botanic Gardens,Selective,1,73970.4,73970.4,100.0
ID:GB-CFS-294817,Defra Commercial,Open,2,348640.0,174320.0,100.0
ID:GB-CFS-294988,"Department for Environment, Food & Rural Affairs",Selective,1,142922.25,142922.25,100.0
ID:GB-CFS-295015,Salvation Army Homes,Selective,7,20335000.0,2730000.0,100.0
ID:GB-CFS-295024,BD Group,Open,1,344545.26,344545.26,100.0
ID:GB-CFS-295060,Somerset NHS Foundation Trust,Direct,2,48207.08,24103.54,100.0
ID:GB-CFS-295080,Somerset NHS Foundation Trust,Direct,11,501192.98,20412.48,89.74723729709623
ID:GB-CFS-295080,Somerset NHS Foundation Trust,Selective,1,57256.5,57256.5,10.252762702903762
ID:GB-CFS-295081,Bristol City Council,Open,1,20000000.0,20000000.0,100.0
ID:GB-CFS-295091,Department for Work and Pensions,Selective,1,94999.0,94999.0,100.0
ID:GB-CFS-2951,Cornwall College e-Tendering,Open,1,8137737.0,8137737.0,100.0
ID:GB-CFS-295117,Ministry of Defence,Limited,1,1996939.08,1996939.08,22.67489926045087
ID:GB-CFS-295117,Ministry of Defence,Open,3,6593083.95,481608.95,74.86333252687183
ID:GB-CFS-295117,Ministry of Defence,Selective,6,216803.66,32908.96,2.4617682126772946
ID:GB-CFS-295134,ICS on behalf of DSIT and DESNZ,Selective,1,90000.0,90000.0,100.0
ID:GB-CFS-295232,DESNZ,Selective,2,706248.61,353124.305,100.0
ID:GB-CFS-295240,National Physical Laboratory,Unknown,1,250000.0,250000.0,100.0
ID:GB-CFS-295252,Nuclear Decommissioning Authority,Selective,1,72995.33,72995.33,100.0
ID:GB-CFS-295261,OFCOM,Direct,4,292027.0,61671.1,33.67494909642955
ID:GB-CFS-295261,OFCOM,Selective,7,522407.2,66600.0,60.24112793545903
ID:GB-CFS-295261,OFCOM,Unknown,1,52759.39,52759.39,6.083922968111423
ID:GB-CFS-295277,Rail Safety Standards Board (RSSB),Open,3,273677.7,87171.24,100.0
ID:GB-CFS-295327,Harrow Council,Open,3,4188358.65,1242000.0,93.94395962289845
ID:GB-CFS-295327,Harrow Council,Unknown,1,270000.0,270000.0,6.056040377101559
ID:GB-CFS-295387,Rotherham Doncaster and South Humber NHS Foundation Trust,Open,1,42000.0,42000.0,100.0
ID:GB-CFS-295432,Efficiency East Midlands,Open,1,1200000000.0,1200000000.0,100.0
ID:GB-CFS-295452,Home Office,Selective,3,1129491.04,236268.0,96.27774253011766
ID:GB-CFS-295452,Home Office,Unknown,1,43668.0,43668.0,3.722257469882345
ID:GB-CFS-295533,Christ's School ~ Catering Tender,Selective,1,2227324.96,2227324.96,100.0
ID:GB-CFS-295568,Believe Housing Limited,Selective,1,3300000.0,3300000.0,100.0
ID:GB-CFS-295735,Royal United Hospital Bath NHS Foundation Trust,Direct,1,89821.86,89821.86,100.0
ID:GB-CFS-295742,ICS on behalf of DSIT and DESNZ,Selective,5,72251153.0,528000.0,100.0
ID:GB-CFS-295792,Bridgwater & Taunton College,Direct,1,138528.0,138528.0,32.39739002315302
ID:GB-CFS-295792,Bridgwater & Taunton College,Open,2,289062.0,144531.0,67.60260997684698
ID:GB-CFS-295798,Community Gateway Association Limited,Selective,1,1800000.0,1800000.0,100.0
ID:GB-CFS-295832,Sport England,Selective,1,36450.0,36450.0,100.0
ID:GB-CFS-295837,Wandsworth Borough Council,Open,2,41011780.0,20505890.0,96.80506404707153
ID:GB-CFS-295837,Wandsworth Borough Council,Selective,1,1353545.0,1353545.0,3.194935952928485
ID:GB-CFS-295941,Nuclear Restoration Services Limited (Dounreay),Direct,2,89911.59,44955.795,100.0
ID:GB-CFS-295943,"Royal Botanic Gardens, Kew",Open,1,96000.0,96000.0,100.0
ID:GB-CFS-295994,NHS England,Unknown,4,1143711.75,256432.5,100.0
ID:GB-CFS-296032,Tonbridge & Malling Borough Council,Open,1,25165.0,25165.0,100.0
ID:GB-CFS-296033,Homes England (the name adopted by the Homes and Communities Agency),Open,5,116300.0,22850.0,100.0
ID:GB-CFS-296035,Kent County Council (t/a LASER Energy),Open,2,2.0,1.0,100.0
ID:GB-CFS-296045,Preston Hedges Trust,Selective,2,2134730.0,1067365.0,100.0
ID:GB-CFS-296079,South Gloucestershire Council,Unknown,1,40935.0,40935.0,100.0
ID:GB-CFS-296080,Pool Reinsurance Company Limited,Unknown,1,194310.0,194310.0,100.0
ID:GB-CFS-296132,Mowbray Education Trust,Selective,1,2888354.94,2888354.94,100.0
ID:GB-CFS-296136,South East Consortium,Unknown,4,2323648.76,593931.78,100.0
ID:GB-CFS-296150,Environment Agency,Selective,10,2494755.49,165491.06,100.0
ID:GB-CFS-296176,Northern Lincolnshire and Goole NHS Foundation Trust,Selective,3,2449984.67,509915.76,100.0
ID:GB-CFS-296209,Fairhive Homes Ltd.,Selective,1,58883.66,58883.66,100.0
ID:GB-CFS-296304,West Suffolk NHS Hospital,Direct,1,59990.0,59990.0,15.29927826375252
ID:GB-CFS-296304,West Suffolk NHS Hospital,Limited,1,300000.0,300000.0,76.50914284256969
ID:GB-CFS-296304,West Suffolk NHS Hospital,Selective,1,32120.0,32120.0,8.191578893677795
ID:GB-CFS-296345,St. Mary's Church of England High School,Selective,1,1041460.0,1041460.0,100.0
ID:GB-CFS-296356,St. Mary's Church of England High School - Catering Tender,Selective,1,2682725.0,2682725.0,100.0
ID:GB-CFS-296406,Department of Health and Social Care,Direct,1,42055.0,42055.0,2.6926056586015483
ID:GB-CFS-296406,Department of Health and Social Care,Selective,5,1519815.0,466475.0,97.30739434139846
ID:GB-CFS-296522,Sport England,Direct,1,70000.0,70000.0,1.94551236860878
ID:GB-CFS-296522,Sport England,Open,5,3528023.9,521005.0,98.05448763139124
ID:GB-CFS-296565,NHS Business Services Authority,Selective,1,45747.0,45747.0,100.0
ID:GB-CFS-296568,Bromford Housing - e-Tendering System,Open,1,0.0,0.0,
ID:GB-CFS-296593,Ribston Hall High School,Selective,1,1793081.0,1793081.0,100.0
ID:GB-CFS-296633,Royal Borough of Kensington and Chelsea,Unknown,1,79381.0,79381.0,100.0
ID:GB-CFS-296650,Plymouth City Council,Selective,2,145000.0,72500.0,100.0
ID:GB-CFS-296712,Manor Multi Academy Trust,Selective,1,3000112.0,3000112.0,100.0
ID:GB-CFS-296716,Irwell Valley Homes,Open,1,0.0,0.0,
ID:GB-CFS-296729,Sellafield Limited,Open,1,16600000.0,16600000.0,100.0
ID:GB-CFS-296735,Attenborough Learning Trust,Open,1,5500000.0,5500000.0,100.0
ID:GB-CFS-296765,Buckinghamshire Council,Selective,4,44169.89,12135.0,100.0
ID:GB-CFS-296815,East Sussex Healthcare NHS Trust,Selective,1,7839000.0,7839000.0,100.0
ID:GB-CFS-296838,Adur District Council,Unknown,3,469763.17,91108.35,100.0
ID:GB-CFS-296847,Cottsway Housing Association,Open,1,2631705.0,2631705.0,100.0
ID:GB-CFS-296967,South East Consortium,Selective,1,0.0,0.0,
ID:GB-CFS-296967,South East Consortium,Unknown,1,0.0,0.0,
ID:GB-CFS-296989,Nuclear Restoration Services Limited ( Dounreay),Direct,4,238662.94,34141.54,53.27215719222183
ID:GB-CFS-296989,Nuclear Restoration Services Limited ( Dounreay),Limited,4,141412.97999999998,33491.94,31.564911165430708
ID:GB-CFS-296989,Nuclear Restoration Services Limited ( Dounreay),Selective,1,67930.98,67930.98,15.162931642347472
ID:GB-CFS-296992,Lincolnshire Community Health Services NHS Trust,Selective,1,35000.0,35000.0,100.0
ID:GB-CFS-297035,Messingham Primary School,Selective,1,408112.55,408112.55,100.0
ID:GB-CFS-297240,NHS England,Open,1,1232000.0,1232000.0,100.0
ID:GB-CFS-297247,Ministry of Defence,Unknown,3,210955.0,45990.0,100.0
ID:GB-CFS-297319,Ministry of Defence,Open,1,77353.58,77353.58,100.0
ID:GB-CFS-297338,Hertfordshire Community NHS Trust,Selective,2,195000.0,97500.0,100.0
ID:GB-CFS-297402,Tetherdown Primary School (lead school),Selective,1,2000000.0,2000000.0,100.0
ID:GB-CFS-297448,East of England Ambulance Service NHS Trust,Limited,1,50000.0,50000.0,100.0
ID:GB-CFS-297461,Look Ahead Care Support and Housing,Selective,1,53692.43,53692.43,100.0
ID:GB-CFS-297494,Pool Reinsurance Company Limited,Limited,1,25000.0,25000.0,100.0
ID:GB-CFS-297500,Salisbury NHS Foundation Trust,Open,3,362629.5,44177.5,100.0
ID:GB-CFS-297522,Cathedral Schools Trust,Selective,2,5365394.44,2682697.22,100.0
ID:GB-CFS-297602,Rooftop Housing Group Limited,Selective,1,3000000.0,3000000.0,100.0
ID:GB-CFS-297610,Merseyside Police,Unknown,1,163112.0,163112.0,100.0
ID:GB-CFS-297623,Yorkshire Ambulance Service NHS Trust,Selective,1,1920212.46,1920212.46,100.0
ID:GB-CFS-297629,Bromley College of Further and Higher Education T/A London South East Colleges,Open,6,7530000.0,990000.0,100.0
ID:GB-CFS-297703,Holy Cross Catholic High School,Selective,1,2451313.32,2451313.32,100.0
ID:GB-CFS-297706,Lincolnshire Community Health Services NHS Trust,Selective,1,28030.0,28030.0,100.0
ID:GB-CFS-297715,West Hertfordshire Hospitals NHS Trust,Selective,1,160000.0,160000.0,100.0
ID:GB-CFS-297779,Sheffield Children's NHS Foundation Trust,Open,1,392419.62,392419.62,100.0
ID:GB-CFS-297808,Lincoln UTC,Selective,1,480822.0,480822.0,100.0
ID:GB-CFS-297912,DVSA - Driver and Vehicle Standards Agency,Direct,1,47400.0,47400.0,100.0
ID:GB-CFS-298002,Pelican Procurement Services by Avendra International Ltd C/O Keswick School,Open,3,371531.0,48173.0,100.0
ID:GB-CFS-298004,Office of Qualifications and Examinations Regulation (Ofqual),Limited,1,356000.0,356000.0,55.27950310559007
ID:GB-CFS-298004,Office of Qualifications and Examinations Regulation (Ofqual),Open,1,288000.0,288000.0,44.72049689440994
ID:GB-CFS-298005,Ministry of Defence,Direct,2,1047780.0,523890.0,14.529392615422127
ID:GB-CFS-298005,Ministry of Defence,Selective,3,6163670.8,1207740.0,85.47060738457787
ID:GB-CFS-298010,East Suffolk Council,Unknown,1,145920.0,145920.0,100.0
ID:GB-CFS-298011,Manchester University NHS Foundation Trust,Selective,3,13515720.5,265720.5,66.90419980296117
ID:GB-CFS-298011,Manchester University NHS Foundation Trust,Unknown,4,6685882.0,722941.0,33.09580019703882
ID:GB-CFS-298070,Pool Re Services Limited,Limited,1,46889.38,46889.38,5.642909011612583
ID:GB-CFS-298070,Pool Re Services Limited,Open,2,143622.76,71811.38,17.284301193077653
ID:GB-CFS-298070,Pool Re Services Limited,Selective,1,34020.0,34020.0,4.0941416707804645
ID:GB-CFS-298070,Pool Re Services Limited,Unknown,8,606411.26,63081.5,72.9786481245293
ID:GB-CFS-298095,National Highways,Selective,7,10132162.93,525008.09,100.0
ID:GB-CFS-298098,Nuclear Waste Services Limited,Selective,3,356000.0,74000.0,100.0
ID:GB-CFS-298103,Barnet Homes,Selective,1,6000000.0,6000000.0,100.0
ID:GB-CFS-298132,Foreign Commonwealth and Development Office,Selective,1,523793.72,523793.72,100.0
ID:GB-CFS-298164,Defra Commercial,Direct,1,48000.0,48000.0,100.0
ID:GB-CFS-298174,Our Lady of Grace Catholic Academy Trust,Selective,1,6000000.0,6000000.0,100.0
ID:GB-CFS-298191,Bolsover District Council,Open,4,0.0,0.0,
ID:GB-CFS-298194,Emmaus Catholic Academy Trust,Selective,1,1887618.33,1887618.33,100.0
ID:GB-CFS-298251,Burnage Academy For Boys,Selective,1,2031944.28,2031944.28,100.0
ID:GB-CFS-298273,Homes England (the name adopted by the Homes and Communities Agency),Open,1,6200000.0,6200000.0,100.0
ID:GB-CFS-298293,The Pensions Regulator,Direct,3,82363.0,20000.0,2.6618284859122507
ID:GB-CFS-298293,The Pensions Regulator,Selective,13,3011863.41,191655.36,97.33817151408776
ID:GB-CFS-298331,Town and Country Housing,Open,1,2250000.0,2250000.0,100.0
ID:GB-CFS-298367,DSIT,Selective,1,545000.0,545000.0,100.0
ID:GB-CFS-298373,Lancaster Royal Grammar School,Selective,2,3887566.52,1943783.26,100.0
ID:GB-CFS-298375,North Lincolnshire Council,Open,1,376500.0,376500.0,100.0
ID:GB-CFS-298406,Environment Agency,Direct,1,12943279.0,12943279.0,100.0
ID:GB-CFS-298432,GreenSquareAccord,Open,15,7296654.78,169920.0,29.93043359032124
ID:GB-CFS-298432,GreenSquareAccord,Selective,4,634457.57,76454.735,2.602506317937874
ID:GB-CFS-298432,GreenSquareAccord,Unknown,1,16447601.57,16447601.57,67.46706009174088
ID:GB-CFS-298434,Defra,Selective,9,2281302.0,74979.5,100.0
ID:GB-CFS-298447,Torus62 Limited,Unknown,4,8337253.29,1130586.645,100.0
ID:GB-CFS-298470,National Highways,Selective,4,15780470.0,3895042.0,100.0
ID:GB-CFS-298507,Gloucestershire Hospitals Subsidiary Company Ltd,Selective,1,81326.53,81326.53,100.0
ID:GB-CFS-298592,Queen's University Belfast,Unknown,1,441029.0,441029.0,100.0
ID:GB-CFS-298614,Kettering General Hospital NHS Foundation Trust,Unknown,1,99720.0,99720.0,100.0
ID:GB-CFS-298811,Islington,Open,2,654993.91,327496.955,100.0
ID:GB-CFS-298819,NHS England,Open,3,38610086.0,11656086.0,100.0
ID:GB-CFS-298834,Surrey and Borders Partnership NHS Foundation Trust,Selective,4,992000.0,98500.0,100.0
ID:GB-CFS-298860,"Forestry Commission, acting through Forestry England (hereinafter referred to as Forestry England)",Open,1,1020000.0,1020000.0,100.0
ID:GB-CFS-298863,Lawrence Sheriff School,Selective,1,1651437.5,1651437.5,100.0
ID:GB-CFS-298928,Broadacres Housing Association,Selective,1,784208.73,784208.73,100.0
ID:GB-CFS-298934,West of England Combined Authority,Open,3,229182.0,54882.0,100.0
ID:GB-CFS-298970,Leigh Trust,Selective,1,3519000.0,3519000.0,100.0
ID:GB-CFS-298990,Cheshire East Borough Council,Selective,10,12381078.53,192933.015,100.0
ID:GB-CFS-299011,Oxleas NHS Foundation Trust,Selective,2,2161052.0,1080526.0,100.0
ID:GB-CFS-299048,Sussex Partnership NHS Trust,Selective,3,2180721.27,750000.0,100.0
ID:GB-CFS-299050,Kings Interventional Facilities Management,Selective,1,945639.0,945639.0,100.0
ID:GB-CFS-299069,DEFRA Commercial,Selective,1,3400000.0,3400000.0,100.0
ID:GB-CFS-299151,West of England Combined Authority,Open,5,273953.0,46550.0,100.0
ID:GB-CFS-299155,Department of Health and Social Care (DHSC),Selective,1,134185.0,134185.0,100.0
ID:GB-CFS-299176,Somerset NHS Foundation Trust,Direct,1,39000.0,39000.0,3.2037880275262896
ID:GB-CFS-299176,Somerset NHS Foundation Trust,Limited,2,333003.45,166501.725,27.3557042624346
ID:GB-CFS-299176,Somerset NHS Foundation Trust,Open,1,72000.0,72000.0,5.914685589279304
ID:GB-CFS-299176,Somerset NHS Foundation Trust,Selective,2,117387.48,58693.74,9.643194948858506
ID:GB-CFS-299176,Somerset NHS Foundation Trust,Unknown,20,655918.07,24888.0,53.8826271719013
ID:GB-CFS-299212,Ministry of Defence,Open,1,6666666.0,6666666.0,78.55714856375914
ID:GB-CFS-299212,Ministry of Defence,Selective,1,1819724.0,1819724.0,21.44285143624085
ID:GB-CFS-299234,The Minster School,Selective,1,826418.59,826418.59,100.0
ID:GB-CFS-299236,ICS on behalf of DSIT and DESNZ,Selective,1,76500.0,76500.0,100.0
ID:GB-CFS-299332,Anchor Hanover Group,Selective,3,590800.0,200800.0,100.0
ID:GB-CFS-299381,DVSA - Driver and Vehicle Standards Agency,Direct,1,25874.68,25874.68,20.555905286114733
ID:GB-CFS-299381,DVSA - Driver and Vehicle Standards Agency,Selective,1,100000.0,100000.0,79.44409471388528
ID:GB-CFS-299407,NHS England,Direct,1,20000.0,20000.0,0.2844790613738541
ID:GB-CFS-299407,NHS England,Limited,3,450000.0,150000.0,6.400778880911716
ID:GB-CFS-299407,NHS England,Selective,5,6560394.4,807880.0,93.31474205771444
ID:GB-CFS-299436,Somerset NHS Foundation Trust,Direct,1,21000.0,21000.0,22.641753549903505
ID:GB-CFS-299436,Somerset NHS Foundation Trust,Limited,1,71749.0,71749.0,77.3582464500965
ID:GB-CFS-299452,Westmorland and Furness Council,Direct,3,728907.96,297687.72,70.45564596324972
ID:GB-CFS-299452,Westmorland and Furness Council,Open,1,80000.0,80000.0,7.732734427896737
ID:GB-CFS-299452,Westmorland and Furness Council,Unknown,4,225654.92,34576.585,21.81161960885355
ID:GB-CFS-299454,"Royal Botanic Gardens, Kew",Open,8,819863.55,50597.0,100.0
ID:GB-CFS-299483,Office of Qualifications and Examinations Regulation (Ofqual),Open,3,118102.8,36502.8,100.0
ID:GB-CFS-299502,South East Consortium,Unknown,3,1136854.08,200000.0,100.0
ID:GB-CFS-299520,Christopher Nieper Education Trust,Selective,1,1353071.0,1353071.0,100.0
ID:GB-CFS-299633,Homes England (the name adopted by the Homes and Communities Agency),Unknown,3,73770.0,20320.0,100.0
ID:GB-CFS-299735,Nuclear Restoration Services Ltd (Dounreay),Limited,3,364386.64,150000.0,87.02713206139774
ID:GB-CFS-299735,Nuclear Restoration Services Ltd (Dounreay),Unknown,1,54318.0,54318.0,12.972867938602256
ID:GB-CFS-299817,Braintree District Council,Open,1,73630.0,73630.0,100.0
ID:GB-CFS-299836,National Highways,Selective,1,120000.0,120000.0,55.81395348837209
ID:GB-CFS-299836,National Highways,Unknown,2,95000.0,47500.0,44.18604651162791
ID:GB-CFS-299846,Food Standards Agency,Open,1,56106.0,56106.0,100.0
ID:GB-CFS-299902,Dorset County Hospital,Selective,2,161496.0,80748.0,100.0
ID:GB-CFS-299924,London Universities Purchasing Consortium,Open,1,200000000.0,200000000.0,100.0
ID:GB-CFS-299947,Nuclear Restoration Services Limited,Direct,2,476388.66,238194.33,39.52435930807627
ID:GB-CFS-299947,Nuclear Restoration Services Limited,Limited,3,350864.14,80901.55,29.110013529035676
ID:GB-CFS-299947,Nuclear Restoration Services Limited,Selective,2,378051.14,189025.57,31.36562716288806
ID:GB-CFS-299986,Hampshire County Council,Open,3,200463105.5,248765.5,100.0
ID:GB-CFS-300020,West Berkshire Council,Selective,3,106960.0,32160.0,100.0
ID:GB-CFS-300059,National Highways,Selective,1,105126.15,105126.15,100.0
ID:GB-CFS-300074,Hampshire County Council,Open,1,8000000.0,8000000.0,100.0
ID:GB-CFS-300080,Nuclear Restoration Services Ltd (Dounreay),Limited,1,50000.0,50000.0,12.59355246383283
ID:GB-CFS-300080,Nuclear Restoration Services Ltd (Dounreay),Open,1,152600.0,152600.0,38.435522119617794
ID:GB-CFS-300080,Nuclear Restoration Services Ltd (Dounreay),Selective,1,61970.56,61970.56,15.608589971462004
ID:GB-CFS-300080,Nuclear Restoration Services Ltd (Dounreay),Unknown,1,132458.0,132458.0,33.362335445087375
ID:GB-CFS-300120,Foreign Commonwealth and Development Office,Selective,1,15000000.0,15000000.0,100.0
ID:GB-CFS-300143,West Berkshire Council,Open,7,17185410.0,2500000.0,72.23575713764285
ID:GB-CFS-300143,West Berkshire Council,Selective,6,4271644.54,138922.5,17.95508385134705
ID:GB-CFS-300143,West Berkshire Council,Unknown,2,2333670.0,1166835.0,9.809159011010095
ID:GB-CFS-300191,Human Fertilisation and Embryology Authority (HFEA),Open,1,873424.13,873424.13,100.0
ID:GB-CFS-300201,DESNZ,Unknown,1,94400.0,94400.0,100.0
ID:GB-CFS-300228,Cheshire Constabulary on behalf of the Police and Crime Commissioner for Cheshire,Direct,2,90000.0,45000.0,100.0
ID:GB-CFS-300230,East Suffolk Council,Selective,3,3092157.5,796855.0,100.0
ID:GB-CFS-300243,Dartford Grammar School for Boys,Selective,1,1006610.99,1006610.99,100.0
ID:GB-CFS-300264,Mayor's Office for Policing and Crime,Open,4,2579667.0,262833.5,8.04932727800171
ID:GB-CFS-300264,Mayor's Office for Policing and Crime,Selective,1,29250000.0,29250000.0,91.26868812197466
ID:GB-CFS-300264,Mayor's Office for Policing and Crime,Unknown,4,218564.0,59124.0,0.6819846000236331
ID:GB-CFS-300265,Central and Cecil Housing Trust,Open,2,50000000.0,25000000.0,100.0
ID:GB-CFS-300346,The Arden Forest C of E Multi Academy Trust,Selective,1,3244380.66,3244380.66,100.0
ID:GB-CFS-300365,KCH Interventional Facilities Management LLP,Selective,1,73050.0,73050.0,100.0
ID:GB-CFS-300368,"Centre for Environment, Fisheries and Aquaculture Science",Selective,1,7914.24,7914.24,100.0
ID:GB-CFS-300409,North Wales Fire and Rescue Service,Selective,1,1737218.55,1737218.55,100.0
ID:GB-CFS-300451,Canterbury City Council,Direct,1,45730.0,45730.0,1.442198189839749
ID:GB-CFS-300451,Canterbury City Council,Open,3,3125124.0700000003,1458103.07,98.55780181016026
ID:GB-CFS-300538,Great Western Hospitals NHS Foundation Trust,Selective,1,29533.0,29533.0,100.0
ID:GB-CFS-300543,NHS Business Services Authority,Selective,3,16629364.3,1179364.3,100.0
ID:GB-CFS-300629,Lincolnshire Partnership NHS Foundation Trust,Selective,5,717774.0,80646.0,100.0
ID:GB-CFS-300663,ICS on behalf of DSIT and DESNZ,Direct,3,400109.32,151500.0,3.870826787465588
ID:GB-CFS-300663,ICS on behalf of DSIT and DESNZ,Selective,4,9936424.5,203212.25,96.1291732125344
ID:GB-CFS-300689,Offshore Renewable Energy Catapult,Selective,1,5000000.0,5000000.0,100.0
ID:GB-CFS-300734,Cefas,Selective,2,304631.0,152315.5,100.0
ID:GB-CFS-300737,DVSA - Driver and Vehicle Standards Agency,Direct,3,652268.25,217230.36,100.0
ID:GB-CFS-300761,Wigan Council,Open,1,240000.0,240000.0,100.0
ID:GB-CFS-300763,Cambridgeshire County Council on behalf of the Greater Cambridge Partnership,Open,1,1600000.0,1600000.0,100.0
ID:GB-CFS-300775,British Business Investments Ltd,Unknown,1,30000.0,30000.0,100.0
ID:GB-CFS-300785,Corpus Christi Catholic High School,Selective,1,916859.2,916859.2,100.0
ID:GB-CFS-300812,National Wealth Fund,Selective,1,483847.0,483847.0,100.0
ID:GB-CFS-300883,Medicines Procurement and Supply Chain (MPSC),Open,1,36522476.0,36522476.0,100.0
ID:GB-CFS-300887,South Kesteven District Council,Open,1,454176.0,454176.0,100.0
ID:GB-CFS-301011,Ongo Homes,Selective,1,3690000.0,3690000.0,100.0
ID:GB-CFS-301089,Torus 62 Limited,Unknown,4,1121980.0,45990.0,100.0
ID:GB-CFS-301095,Nuclear Waste Services,Selective,3,227514.92,86732.0,100.0
ID:GB-CFS-301103,NHS Business Services Authority,Selective,1,300000.0,300000.0,100.0
ID:GB-CFS-301180,whg,Direct,3,4254951.0,168275.0,43.95785823690904
ID:GB-CFS-301180,whg,Open,2,1200000.0,600000.0,12.397188565577098
ID:GB-CFS-301180,whg,Unknown,1,4224663.0,4224663.0,43.64495319751387
ID:GB-CFS-301193,Surrey and Borders Partnership NHS FT,Direct,1,24848.76,24848.76,3.2193819939543595
ID:GB-CFS-301193,Surrey and Borders Partnership NHS FT,Selective,2,747000.0,373500.0,96.78061800604564
ID:GB-CFS-301194,Ministry of Justice,Selective,1,714643.0,714643.0,100.0
ID:GB-CFS-301199,The British Broadcasting Corporation (BBC),Open,1,1180000.0,1180000.0,100.0
ID:GB-CFS-301254,DfTc - Department for Transport,Direct,3,232017.5,70000.0,100.0
ID:GB-CFS-301270,Chudleigh CE VC Community Primary School - part of the Newton Abbot Schools Group,Open,1,930478.0,930478.0,100.0
ID:GB-CFS-301322,University Hospitals of North Midlands NHS Trust,Open,6,531509.13,89228.75,100.0
ID:GB-CFS-301347,North Western Universities Purchasing Consortium,Open,1,14000000.0,14000000.0,100.0
ID:GB-CFS-301359,Clapton Girls' Academy,Selective,1,1372836.0,1372836.0,100.0
ID:GB-CFS-301392,West Berkshire Council,Selective,2,62221.66,31110.83,100.0
ID:GB-CFS-301413,Fox Hollies School,Selective,1,283055.56,283055.56,100.0
ID:GB-CFS-301416,Birmingham Civic Housing Association,Open,1,1400000.0,1400000.0,100.0
ID:GB-CFS-301424,The Circle Trust,Selective,1,8140445.0,8140445.0,100.0
ID:GB-CFS-301429,Fylde Borough Council,Selective,2,118642.8,59321.4,100.0
ID:GB-CFS-301457,Govia Thameslink Rail (GTR),Selective,1,268061.46,268061.46,100.0
ID:GB-CFS-301481,Gloucestershire Learning Alliance,Selective,1,2715790.0,2715790.0,100.0
ID:GB-CFS-301491,Bedfordshire Constabulary,Selective,1,164160.0,164160.0,100.0
ID:GB-CFS-301499,United Lincolnshire Teaching Hospitals NHS Trust,Selective,2,276454.02,138227.01,100.0
ID:GB-CFS-301516,Bordesley Multi Academy Trust,Open,1,108110.41,108110.41,100.0
ID:GB-CFS-301526,East of England NHS Collaborative Procurement Hub,Open,1,60000000.0,60000000.0,100.0
ID:GB-CFS-301549,Westhoughton High School,Selective,2,3478894.32,1739447.16,100.0
ID:GB-CFS-301553,Look Ahead Care & Support Ltd,Open,2,10000000.0,5000000.0,100.0
ID:GB-CFS-301558,Leicester City Council,Unknown,1,46800.0,46800.0,100.0
ID:GB-CFS-301568,Sutton Housing Society Ltd,Selective,1,7850000.0,7850000.0,100.0
ID:GB-CFS-301605,"Ministry of Housing, Communities and Local Government",Selective,1,18225000.0,18225000.0,100.0
ID:GB-CFS-301651,Homes England (the name adopted by the Homes and Communities Agency),Unknown,1,476761.17,476761.17,100.0
ID:GB-CFS-301709,Shevington High School,Selective,1,1385864.0,1385864.0,100.0
ID:GB-CFS-301712,London Borough of Bexley,Open,1,4000000.0,4000000.0,100.0
ID:GB-CFS-301803,NRS Limited (Dounreay),Selective,1,143680.0,143680.0,100.0
ID:GB-CFS-301890,WRAP Cymru (Waste and Resources Action Programme Cymru,Open,1,71744.0,71744.0,100.0
ID:GB-CFS-301918,Balshaws Church of England High School,Selective,1,498178.0,498178.0,100.0
ID:GB-CFS-301939,HEALTH SCIENCES UNIVERSITY,Direct,2,97660.0,48830.0,25.707779986048408
ID:GB-CFS-301939,HEALTH SCIENCES UNIVERSITY,Open,3,282225.0,49851.0,74.29222001395159
ID:GB-CFS-301954,East Staffordshire Borough Council,Unknown,1,307520.0,307520.0,100.0
ID:GB-CFS-301967,University Hospitals Sussex NHS Foundation Trust,Open,1,282000.0,282000.0,100.0
ID:GB-CFS-301971,HM Land Registry,Unknown,1,25337.0,25337.0,100.0
ID:GB-CFS-301982,DESNZ,Selective,1,66452.5,66452.5,100.0
ID:GB-CFS-302035,Cheshire Fire and Rescue Service,Open,1,140000.0,140000.0,2.240966943173282
ID:GB-CFS-302035,Cheshire Fire and Rescue Service,Unknown,19,6107303.22,55000.0,97.75903305682672
ID:GB-CFS-302047,Queen Victoria Hospital NHS Foundation Trust,Open,1,922327.0,922327.0,100.0
ID:GB-CFS-302115,Blessed Hugh Faringdon Catholic School,Selective,1,370778.0,370778.0,100.0
ID:GB-CFS-302120,Ministry of Defence,Open,1,32110.0,32110.0,100.0
ID:GB-CFS-302167,Department for Education,Selective,1,9000000.0,9000000.0,100.0
ID:GB-CFS-302318,Home Office,Open,2,383147.76,191573.88,79.30239809038957
ID:GB-CFS-302318,Home Office,Selective,1,100000.0,100000.0,20.697601909610423
ID:GB-CFS-302340,The City of Edinburgh Council,Unknown,2,423627.0,211813.5,100.0
ID:GB-CFS-302363,DESNZ,Unknown,1,41148.0,41148.0,100.0
ID:GB-CFS-302382,British Business Bank plc,Unknown,12,3003889.0,67576.0,100.0
ID:GB-CFS-302404,capitalEsourcing,Open,1,39890.0,39890.0,100.0
ID:GB-CFS-302436,"Department for the Environment, Food and Rural Affairs",Direct,1,42877.5,42877.5,100.0
ID:GB-CFS-302437,Dorset Healthcare University NHS Foundation Trust,Selective,1,177138.0,177138.0,100.0
ID:GB-CFS-302441,The Christie NHS Foundation Trust,Selective,1,102939.68,102939.68,100.0
ID:GB-CFS-302470,West Sussex County,Selective,2,265866.0,132933.0,100.0
ID:GB-CFS-302523,Blessed Christopher Wharton Catholic Academy Trust,Selective,1,5216625.0,5216625.0,100.0
ID:GB-CFS-302529,DfTc - Department for Transport,Limited,1,200000.0,200000.0,16.55629139072848
ID:GB-CFS-302529,DfTc - Department for Transport,Selective,1,1008000.0,1008000.0,83.44370860927152
ID:GB-CFS-302578,Home Office,Selective,1,159727.68,159727.68,100.0
ID:GB-CFS-302601,DEFRA,Direct,3,241169.0,41569.0,68.97065510525668
ID:GB-CFS-302601,DEFRA,Selective,2,108500.0,54250.0,31.02934489474332
ID:GB-CFS-302672,Belfast Royal Academy,Selective,2,2738358.0,1369179.0,100.0
ID:GB-CFS-302673,Belfast Royal Academy,Selective,1,218521.0,218521.0,100.0
ID:GB-CFS-302674,DESNZ,Selective,2,205800.0,102900.0,100.0
ID:GB-CFS-302687,Brockenhurst College,Selective,1,1941695.68,1941695.68,100.0
ID:GB-CFS-302727,Wadebridge Primary Academy,Selective,1,493870.2,493870.2,100.0
ID:GB-CFS-302728,The Princess Alexandra Hospitals NHS Trust,Selective,1,60000.0,60000.0,100.0
ID:GB-CFS-302772,West London Hospital NHS Trust,Limited,1,2028605.06,2028605.06,100.0
ID:GB-CFS-302778,Weald of Kent Grammar School,Selective,1,518427.0,518427.0,100.0
ID:GB-CFS-302806,Animal and Plant Health Agency,Direct,1,20369.75,20369.75,19.83217316454976
ID:GB-CFS-302806,Animal and Plant Health Agency,Selective,1,82340.88,82340.88,80.16782683545024
ID:GB-CFS-302880,"Metropolitan Housing Trust Limited, IP16337R",Open,1,235000.0,235000.0,100.0
ID:GB-CFS-302925,ICS on behalf of DSIT and DESNZ,Selective,2,450000.0,225000.0,100.0
ID:GB-CFS-303020,International Nuclear Services,Open,1,2700000.0,2700000.0,100.0
ID:GB-CFS-303154,UKROEd Limited,Open,1,85311.52,85311.52,100.0
ID:GB-CFS-303160,East Sussex Healthcare NHS Trust,Selective,17,38223745.17,279132.0,100.0
ID:GB-CFS-303164,NHS Supply Chain,Open,1,55040000.0,55040000.0,100.0
ID:GB-CFS-303222,UK Research & Innovation,Unknown,14,749449.73,52636.065,100.0
ID:GB-CFS-303224,Companies House,Selective,1,240000.0,240000.0,100.0
ID:GB-CFS-303237,United Lincolnshire Teaching Hospitals NHS Trust,Direct,1,16752.36,16752.36,0.6957798882832106
ID:GB-CFS-303237,United Lincolnshire Teaching Hospitals NHS Trust,Selective,13,2390957.36,96652.02,99.3042201117168
ID:GB-CFS-303255,Surrey and Borders Partnership NHS Foundation Trust,Selective,2,145641.0,72820.5,100.0
ID:GB-CFS-303278,Barnet Homes Ltd,Unknown,1,1312144.96,1312144.96,100.0
ID:GB-CFS-303283,Civil Nuclear Police Authority (CNPA) / Civil Nuclear Constabulary (CNC),Direct,1,120000.0,120000.0,32.432432432432435
ID:GB-CFS-303283,Civil Nuclear Police Authority (CNPA) / Civil Nuclear Constabulary (CNC),Unknown,1,250000.0,250000.0,67.56756756756756
ID:GB-CFS-303337,Bath Spa University,Direct,1,34595.0,34595.0,1.8615264222864965
ID:GB-CFS-303337,Bath Spa University,Limited,7,647510.0,54790.0,34.84194171685878
ID:GB-CFS-303337,Bath Spa University,Unknown,11,1176316.11,45000.0,63.29653186085472
ID:GB-CFS-303341,National Highways,Direct,3,295000.0,85000.0,83.09859154929578
ID:GB-CFS-303341,National Highways,Selective,1,60000.0,60000.0,16.901408450704224
ID:GB-CFS-303353,Corserv Solutions Ltd,Open,2,20150000.0,10075000.0,100.0
ID:GB-CFS-303359,Royal Borough of Kensington and Chelsea,Unknown,1,1146500.0,1146500.0,100.0
ID:GB-CFS-303373,Wilson's School,Selective,1,1830245.0,1830245.0,100.0
ID:GB-CFS-303379,Ministry of Defence,Selective,1,2312345.0,2312345.0,100.0
ID:GB-CFS-303380,UK Health Security Agency,Selective,1,99976.64,99976.64,100.0
ID:GB-CFS-303381,Chesterfield Royal Hospital NHS Foundation Trust,Unknown,2,663690.0,331845.0,100.0
ID:GB-CFS-303382,United Lincolnshire Teaching Hospitals NHS Trust,Open,1,6371000.0,6371000.0,80.4384863373255
ID:GB-CFS-303382,United Lincolnshire Teaching Hospitals NHS Trust,Selective,2,1549338.0,774669.0,19.561513662674496
ID:GB-CFS-303395,Durham Aged Mineworkers Homes Association,Unknown,2,120407.41,60203.705,100.0
ID:GB-CFS-303419,Dr Challoner's High School,Selective,1,547033.33,547033.33,100.0
ID:GB-CFS-303420,Excalibur Academies Trust,Selective,1,7149493.95,7149493.95,100.0
ID:GB-CFS-303506,Environment Agency,Direct,1,6883.41,6883.41,7.754485290787707
ID:GB-CFS-303506,Environment Agency,Selective,2,81883.41,40941.705,92.2455147092123
ID:GB-CFS-303664,Mill Hill County High School,Selective,1,663651.0,663651.0,100.0
ID:GB-CFS-303671,NHS England,Selective,1,496200.0,496200.0,100.0
ID:GB-CFS-303711,Oxford Diocesan Buckingham Schools Trust,Selective,1,2097430.32,2097430.32,100.0
ID:GB-CFS-303712,Oxford Diocesan Bucks Schools Trust,Selective,1,1682150.16,1682150.16,100.0
ID:GB-CFS-303767,Nottingham university hospital,Selective,1,87770.88,87770.88,100.0
ID:GB-CFS-303782,The Pennine Trust,Selective,1,3535516.56,3535516.56,100.0
ID:GB-CFS-303786,Blackburn with Darwen Borough Council,Open,5,2212574.63,540000.0,100.0
ID:GB-CFS-303998,NHS Derby and Derbyshire Integrated Care Board,Unknown,1,11104111.2,11104111.2,100.0
ID:GB-CFS-304072,University of Lincoln,Selective,1,7000000.0,7000000.0,100.0
ID:GB-CFS-304091,The Arts Council of England,Unknown,23,3038400.33,35607.0,100.0
ID:GB-CFS-304118,Financial Conduct Authority,Limited,1,52473.0,52473.0,9.63548776973577
ID:GB-CFS-304118,Financial Conduct Authority,Open,6,196523.63,35201.815,36.087150216855854
ID:GB-CFS-304118,Financial Conduct Authority,Selective,3,295584.0,86400.0,54.27736201340837
ID:GB-CFS-304139,Herefordshire Council,Open,6,1500433.3,291000.0,100.0
ID:GB-CFS-304152,Halton Borough Council,Direct,1,0.0,0.0,0.0
ID:GB-CFS-304152,Halton Borough Council,Open,3,632056.0,91200.0,100.0
ID:GB-CFS-304157,North of England Commercial Procurement Collaborative,Open,5,438000000.0,100000000.0,100.0
ID:GB-CFS-304186,Leicester City Council,Open,1,53040.0,53040.0,100.0
ID:GB-CFS-304229,Animal and Plant Health Agency,Selective,1,30729.0,30729.0,100.0
ID:GB-CFS-304232,City of London Corporation,Open,1,3800000.0,3800000.0,100.0
ID:GB-CFS-304245,United Lincolnshire Teaching Hospitals NHS Trust,Direct,2,195420.0,97710.0,48.09023067954927
ID:GB-CFS-304245,United Lincolnshire Teaching Hospitals NHS Trust,Selective,4,210941.12,48485.335,51.909769320450735
ID:GB-CFS-304370,Royal National College for the Blind,Selective,1,1016291.56,1016291.56,100.0
ID:GB-CFS-304379,Sellafield Limited,Selective,1,350000.0,350000.0,100.0
ID:GB-CFS-304411,Environment Agency,Selective,1,818000.0,818000.0,100.0
ID:GB-CFS-304445,Nottingham University Hospital NHS Trust,Selective,1,200000.0,200000.0,100.0
ID:GB-CFS-304474,St Chads Academy Trust,Selective,1,2293955.0,2293955.0,100.0
ID:GB-CFS-304568,Hartlepool Development Corporation,Open,1,250000.0,250000.0,100.0
ID:GB-CFS-304594,Amplius,Direct,1,240000.0,240000.0,36.537660813282656
ID:GB-CFS-304594,Amplius,Unknown,2,416856.5,208428.25,63.462339186717344
ID:GB-CFS-304682,The FitzWimarc School,Selective,1,683193.82,683193.82,100.0
ID:GB-CFS-304711,Sellafield Limited,Open,1,365000.0,365000.0,100.0
ID:GB-CFS-304719,Kent County Council,Open,1,90000.0,90000.0,2.02247191011236
ID:GB-CFS-304719,Kent County Council,Selective,1,4360000.0,4360000.0,97.97752808988764
ID:GB-CFS-304889,Department for International Trade,Selective,1,198500.0,198500.0,100.0
ID:GB-CFS-304906,United Lincolnshire Teaching Hospitals NHS Trust,Selective,2,162995.75,81497.875,100.0
ID:GB-CFS-304974,University of Bristol,Selective,2,7042591.84,3521295.92,100.0
ID:GB-CFS-305116,Merseyside Fire & Rescue Authority,Open,1,3119045.0,3119045.0,100.0
ID:GB-CFS-305117,Ministry of Defence,Limited,1,128600.0,128600.0,100.0
ID:GB-CFS-305161,DEFRA,Selective,2,172135.19,86067.595,100.0
ID:GB-CFS-305165,Ministry of Defence,Selective,4,382000.0,27500.0,100.0
ID:GB-CFS-305191,United Lincolnshire teaching hospitals Trust,Selective,1,32625.0,32625.0,100.0
ID:GB-CFS-305194,The Royal Borough of Kensington and Chelsea,Open,1,50000000.0,50000000.0,100.0
ID:GB-CFS-305226,City of London Corporation,Direct,1,80858.0,80858.0,100.0
ID:GB-CFS-305275,NHS CNWL,Selective,2,307842.0,153921.0,100.0
ID:GB-CFS-305278,Sellafield Ltd,Selective,2,694992.64,347496.32,100.0
ID:GB-CFS-305300,"Department for Environment, Food & Rural Affairs",Selective,5,1273460.87,266304.0,100.0
ID:GB-CFS-305346,East Sussex Healthcare NHS Trust,Selective,1,711278.0,711278.0,100.0
ID:GB-CFS-305359,East Sussex Healthcare NHS Trust,Selective,1,102864.19,102864.19,100.0
ID:GB-CFS-305362,City of London Corporation,Unknown,9,507326.88,49904.0,100.0
ID:GB-CFS-305437,UK Health Security Agency,Selective,2,41312.09,20656.045,100.0
ID:GB-CFS-305469,Peabody Trust,Unknown,1,650000.0,650000.0,100.0
ID:GB-CFS-305500,Cumberland Council,Direct,1,220859.37,220859.37,59.02187597048919
ID:GB-CFS-305500,Cumberland Council,Open,1,76743.8,76743.8,20.50881085599415
ID:GB-CFS-305500,Cumberland Council,Unknown,2,76596.0,38298.0,20.46931317351666
ID:GB-CFS-305591,Cumberland Council,Unknown,1,87032.21,87032.21,100.0
ID:GB-CFS-305593,The Police and Crime Commissioner for Nottinghamshire,Direct,2,90540.0,45270.0,2.412947611442774
ID:GB-CFS-305593,The Police and Crime Commissioner for Nottinghamshire,Selective,14,3661717.18,119349.32,97.58705238855724
ID:GB-CFS-305595,Rail Safety and Standards Board,Open,2,669864.0,334932.0,23.24605847258352
ID:GB-CFS-305595,Rail Safety and Standards Board,Unknown,5,2211760.0,139760.0,76.75394152741649
ID:GB-CFS-305607,Blackburn With Darwen Borough Council,Unknown,1,103000.0,103000.0,100.0
ID:GB-CFS-305627,Northumbria Healthcare NHS Foundation Trust,Selective,6,1045860.0,104246.0,100.0
ID:GB-CFS-305629,Yorkshire Housing Limited,Selective,2,343646.0,171823.0,16.778352767935566
ID:GB-CFS-305629,Yorkshire Housing Limited,Unknown,3,1704505.0,452202.0,83.22164723206443
ID:GB-CFS-305631,Nuclear Restoration Services,Direct,2,82031.0,41015.5,100.0
ID:GB-CFS-305633,The Christie NHS Foundation Trust,Open,1,85000.0,85000.0,100.0
ID:GB-CFS-305664,East of England Ambulance Service NHS Trust,Limited,1,40000.0,40000.0,100.0
ID:GB-CFS-305694,London North West University Healthcare NHS Trust,Selective,1,263810.0,263810.0,100.0
ID:GB-CFS-305697,Ambulance Radio Programme,Selective,1,2507076.35,2507076.35,100.0
ID:GB-CFS-305722,Manor Field Infant and Junior School,Selective,1,1501893.06,1501893.06,100.0
ID:GB-CFS-305732,Attain,Selective,1,231840.0,231840.0,100.0
ID:GB-CFS-305750,Home Office,Selective,1,2000000.0,2000000.0,100.0
ID:GB-CFS-305764,Department for Education,Open,1,945453.0,945453.0,100.0
ID:GB-CFS-305771,Homes England (the name adopted by the Homes and Communities Agency),Unknown,1,894748.0,894748.0,100.0
ID:GB-CFS-305774,Inspiring Primaries Academy Trust,Open,1,0.0,0.0,
ID:GB-CFS-305792,London Borough of Enfield,Open,1,40000.0,40000.0,100.0
ID:GB-CFS-305793,Totally Local Company Limited,Unknown,3,758545.0,271180.0,100.0
ID:GB-CFS-305795,East Midlands Ambulance Service NHS Trust,Selective,1,75000.0,75000.0,100.0
ID:GB-CFS-305800,Ministry of Justice,Direct,1,25000.0,25000.0,0.783468312179104
ID:GB-CFS-305800,Ministry of Justice,Selective,9,3165939.52,300000.0,99.21653168782088
ID:GB-CFS-305815,Foreign Commonwealth and Development Office,Selective,1,9600000.0,9600000.0,100.0
ID:GB-CFS-305829,DESNZ,Selective,1,166840.0,166840.0,100.0
ID:GB-CFS-305835,Nuclear Restoration Services ( Dounreay),Limited,1,25146.29,25146.29,100.0
ID:GB-CFS-305839,Sellafield Ltd,Unknown,1,180000.0,180000.0,100.0
ID:GB-CFS-305841,Sellafield Limited,Selective,1,2661107.84,2661107.84,100.0
ID:GB-CFS-305847,East Cambridgeshire District Council,Unknown,1,499175.0,499175.0,100.0
ID:GB-CFS-305856,Department of Health and Social Care (Yorkshire),Direct,1,20419.0,20419.0,100.0
ID:GB-CFS-305865,University Hospitals Sussex NHS Foundation Trust,Limited,1,168754.0,168754.0,19.68695876000135
ID:GB-CFS-305865,University Hospitals Sussex NHS Foundation Trust,Selective,2,688432.74,344216.37,80.31304123999865
ID:GB-CFS-305887,Ministry of Defence,Selective,1,0.0,0.0,
ID:GB-CFS-305893,The Newcastle Upon Tyne Hospitals NHS Foundation Trust,Limited,1,255957.0,255957.0,7.381253599326117
ID:GB-CFS-305893,The Newcastle Upon Tyne Hospitals NHS Foundation Trust,Open,1,3211706.0,3211706.0,92.61874640067388
ID:GB-CFS-305897,Care Quality Commisison,Selective,1,75000.0,75000.0,100.0
ID:GB-CFS-305915,Department for International Trade,Open,1,45000.0,45000.0,100.0
ID:GB-CFS-305926,UKHSA,Direct,1,56823.0,56823.0,100.0
ID:GB-CFS-305927,Hertfordshire Community NHS Trust and Hertfordshire Partnership University NHS Foundation Trust,Selective,1,2000000.0,2000000.0,100.0
ID:GB-CFS-305930,ICS on behalf of DSIT and DESNZ,Limited,1,550962.75,550962.75,100.0
ID:GB-CFS-305946,Environment Agency,Selective,1,97573.06,97573.06,48.76262168658707
ID:GB-CFS-305946,Environment Agency,Unknown,1,102525.0,102525.0,51.23737831341293
ID:GB-CFS-305961,Sussex Partnership NHS Foundation Trust,Selective,2,232206.5,116103.25,100.0
ID:GB-CFS-305966,Lincolnshire Partnership NHS Foundation Trust,Open,1,492340.0,492340.0,100.0
ID:GB-CFS-305980,North Yorkshire Police,Open,2,5089889.19,2544944.595,100.0
ID:GB-CFS-305984,East Midlands Ambulance Service NHS Trust,Unknown,1,2813543.0,2813543.0,100.0
ID:GB-CFS-306009,Home Office,Direct,1,149000.0,149000.0,100.0
ID:GB-CFS-306013,MHRA,Selective,1,3000000.0,3000000.0,100.0
ID:GB-CFS-306044,NHS Business Service Authority,Direct,1,88707.48,88707.48,61.33510634693605
ID:GB-CFS-306044,NHS Business Service Authority,Selective,1,55920.1,55920.1,38.66489365306396
ID:GB-CFS-306049,Nuclear Restoration Services (NRS) Ltd,Selective,1,182833.0,182833.0,100.0
ID:GB-CFS-306051,Ministry of Justice,Selective,1,1526185.8,1526185.8,100.0
ID:GB-CFS-306054,DSIT,Direct,1,50000.0,50000.0,100.0
ID:GB-CFS-306057,University of Glasgow,Unknown,3,923706.78,312914.0,100.0
ID:GB-CFS-306067,Sellafield Ltd,Unknown,2,418168.3,209084.15,100.0
ID:GB-CFS-306100,Lewisham and Greenwich NHS Trust,Selective,2,972000.0,486000.0,100.0
ID:GB-CFS-306101,Nottingham University Hospitals Trust,Direct,1,121980.0,121980.0,2.020722852455294
ID:GB-CFS-306101,Nottingham University Hospitals Trust,Selective,8,5914473.73,756027.4850000001,97.9792771475447
ID:GB-CFS-306109,Buckinghamshire Council - e-Tendering System,Selective,495,43169008.61,87601.69,100.0
ID:GB-CFS-306115,Arts Council England,Open,1,411463.6,411463.6,26.71411478540341
ID:GB-CFS-306115,Arts Council England,Unknown,6,1128784.33,20095.5,73.28588521459658
ID:GB-CFS-306120,Homes England (the name adopted by the Homes and Communities Agency),Unknown,1,998178.26,998178.26,100.0
ID:GB-CFS-306127,Department of Health and Social Care (Yorkshire),Selective,1,100000.0,100000.0,100.0
ID:GB-CFS-306145,"Department for Environment, Food & Rural Affairs",Selective,1,1424992.5,1424992.5,100.0
ID:GB-CFS-306151,Ministry of Defence,Direct,1,245434247.0,245434247.0,100.0
ID:GB-CFS-306152,Lewisham and Greenwich NHS Trust,Selective,2,719106.04,359553.02,100.0
ID:GB-CFS-306156,Nuclear Restoration Services,Selective,1,41000.0,41000.0,100.0
ID:GB-CFS-306168,National Highways,Direct,1,9075.0,9075.0,100.0
ID:GB-CFS-306172,Peabody Trust,Unknown,1,30000.0,30000.0,100.0
ID:GB-CFS-306178,Look Ahead Care and Support,Open,2,4355340.0,2177670.0,100.0
ID:GB-CFS-306182,County Durham and Darlington NHS Foundation Trust,Open,1,78510.0,78510.0,100.0
ID:GB-CFS-306189,Nuclear Decommissioning Authority,Selective,1,250000.0,250000.0,100.0
ID:GB-CFS-306191,7 Force Commercial Services,Open,1,150000.0,150000.0,100.0
ID:GB-CFS-306201,"The Police and Crime Commissioner for Kent; The Police, Fire and Crime Commissioner for Essex",Selective,1,578060.0,578060.0,100.0
ID:GB-CFS-306204,The Police and Crime Commissioner for Norfolk; The Police and Crime Commissioner for Suffolk,Selective,1,53225.0,53225.0,100.0
ID:GB-CFS-306210,M20 4BX,Selective,1,236877.0,236877.0,100.0
ID:GB-CFS-306223,NHS Coventry and Warwickshire Integrated Care Board,Selective,1,67938.0,67938.0,100.0
ID:GB-CFS-306227,Cambridge City Council,Direct,1,224000.0,224000.0,24.727091288226266
ID:GB-CFS-306227,Cambridge City Council,Open,2,25230.0,12615.0,2.7851094339372704
ID:GB-CFS-306227,Cambridge City Council,Selective,2,506659.0,253329.5,55.929479218756384
ID:GB-CFS-306227,Cambridge City Council,Unknown,1,150000.0,150000.0,16.558320059080085
ID:GB-CFS-306257,The Highcrest Academy,Selective,1,1332926.66,1332926.66,100.0
ID:GB-CFS-306265,TrustEd School's Alliance,Selective,1,1331281.0,1331281.0,100.0
ID:GB-CFS-306268,Yorkshire Ambulance Service NHS Trust,Selective,1,110584.0,110584.0,100.0
ID:GB-CFS-306276,University of Bristol,Open,1,79531.42,79531.42,52.78467542152321
ID:GB-CFS-306276,University of Bristol,Selective,2,71140.0,35570.0,47.2153245784768
ID:GB-CFS-306279,UK Health Security Agenc,Selective,2,28674.39,14337.195,100.0
ID:GB-CFS-306283,Maidstone Borough Council,Open,1,126908.0,126908.0,100.0
ID:GB-CFS-306285,Ministry of Defence,Limited,1,350000.0,350000.0,100.0
ID:GB-CFS-306288,DSIT,Selective,1,100000.0,100000.0,100.0
ID:GB-CFS-306290,DSIT,Selective,1,100000.0,100000.0,100.0
ID:GB-CFS-306292,DSIT,Selective,3,313950.0,100000.0,100.0
ID:GB-CFS-306310,The Princess Alexadn NHS Trust,Selective,1,250000.0,250000.0,100.0
ID:GB-CFS-306316,FSA,Selective,1,46017.46,46017.46,100.0
ID:GB-CFS-306334,Homes England (the name adopted by the Homes and Communities Agency),Unknown,1,18950.0,18950.0,100.0
ID:GB-CFS-306342,National Highways,Selective,4,21737907.0,5032204.5,100.0
ID:GB-CFS-306343,Nuclear Waste Services,Selective,2,4202059.0,2101029.5,100.0
ID:GB-CFS-306345,Adur & Worthing Councils,Unknown,1,21500.0,21500.0,100.0
ID:GB-CFS-306348,Cambridgeshire Community Services,Selective,4,323735.84,56117.92,100.0
ID:GB-CFS-306362,Ministry of Defence,Direct,1,99856.0,99856.0,100.0
ID:GB-CFS-306380,The Pensions Regulator,Selective,1,60000.0,60000.0,100.0
ID:GB-CFS-306382,Defra,Selective,1,118327.0,118327.0,100.0
ID:GB-CFS-306392,West Hill School,Selective,1,395342.0,395342.0,100.0
ID:GB-CFS-306398,Guy's and St Thomas' NHS Foundation Trust,Open,1,438090.0,438090.0,100.0
ID:GB-CFS-306404,Foreign Commonwealth and Development Office,Open,1,70000.0,70000.0,100.0
ID:GB-CFS-306406,Ministry of Justice,Selective,1,49964.21,49964.21,100.0
ID:GB-CFS-306416,Nuclear Restoration Services,Open,1,77230.0,77230.0,100.0
ID:GB-CFS-306420,Homes England (the name adopted by the Homes and Communities Agency),Unknown,1,25000.0,25000.0,100.0
ID:GB-CFS-306475,DVSA - Driver and Vehicle Standards Agency,Limited,1,14100.0,14100.0,0.1173620995330486
ID:GB-CFS-306475,DVSA - Driver and Vehicle Standards Agency,Open,1,4000000.0,4000000.0,33.29421263348898
ID:GB-CFS-306475,DVSA - Driver and Vehicle Standards Agency,Selective,1,8000000.0,8000000.0,66.58842526697796
ID:GB-CFS-306477,Homes England (the name adopted by the Homes and Communities Agency),Open,1,105893.47,105893.47,100.0
ID:GB-CFS-306482,Ministry of Defence,Direct,1,12300000.0,12300000.0,100.0
ID:GB-CFS-306490,Colchester Borough Council,Unknown,1,142520.0,142520.0,100.0
ID:GB-CFS-306500,Kent Police; Essex Police,Selective,1,299903.41,299903.41,100.0
ID:GB-CFS-306513,Cambridgeshire Constabulary,Selective,1,367518.0,367518.0,100.0
ID:GB-CFS-306515,City of London Corporation,Direct,1,55000.0,55000.0,21.90432192184538
ID:GB-CFS-306515,City of London Corporation,Selective,1,196092.0,196092.0,78.09567807815462
ID:GB-CFS-306526,City of London Corporation,Direct,1,44872.3,44872.3,100.0
ID:GB-CFS-306529,NHS ENGLAND,Open,4,224911.0,55010.5,70.4142938095432
ID:GB-CFS-306529,NHS ENGLAND,Selective,1,94500.0,94500.0,29.58570619045681
ID:GB-CFS-306542,FCA,Selective,1,100000.0,100000.0,100.0
ID:GB-CFS-306546,FCA,Selective,1,121000.0,121000.0,100.0
ID:GB-CFS-306551,South Derbyshire District Council,Direct,1,68200.0,68200.0,1.355644444795172
ID:GB-CFS-306551,South Derbyshire District Council,Open,6,3938081.76,59962.625,78.27915925356588
ID:GB-CFS-306551,South Derbyshire District Council,Unknown,7,1024535.89,68990.82,20.365196301638964
ID:GB-CFS-306552,Home Office,Selective,1,1362000000.0,1362000000.0,100.0
ID:GB-CFS-306553,Tudor Grange Academies Trust,Selective,3,3070112.0,991254.0,100.0
ID:GB-CFS-306572,Home Office,Selective,2,12080000.0,6040000.0,100.0
ID:GB-CFS-306591,Stockton Borough Council,Direct,1,75600.0,75600.0,22.867513611615244
ID:GB-CFS-306591,Stockton Borough Council,Selective,1,155000.0,155000.0,46.88445251058681
ID:GB-CFS-306591,Stockton Borough Council,Unknown,1,100000.0,100000.0,30.24803387779794
ID:GB-CFS-306595,Simply Serve Limited,Open,1,220854.69,220854.69,100.0
ID:GB-CFS-306599,Nuclear Waste Services,Selective,1,53931.75,53931.75,100.0
ID:GB-CFS-306600,Broxtowe Borough Council,Direct,1,48868.8,48868.8,100.0
ID:GB-CFS-306611,DEPARTMENT FOR ENVIRONMENT FOOD & RURAL AFFAIRS,Unknown,1,692000.0,692000.0,100.0
ID:GB-CFS-306613,Ministry of Defence,Direct,3,131333.0,20833.0,15.721809833581268
ID:GB-CFS-306613,Ministry of Defence,Selective,5,704022.48,99805.0,84.27819016641874
ID:GB-CFS-306635,European Economic Research Ltd,Limited,1,132075.0,132075.0,100.0
ID:GB-CFS-306636,NHSBT - Clinical Services,Selective,3,4800000.0,1920000.0,100.0
ID:GB-CFS-306640,Northumbria Healthcare NHS Foundation Trust,Selective,1,84804.9,84804.9,100.0
ID:GB-CFS-306649,Home Office,Selective,2,8533110.0,4266555.0,100.0
ID:GB-CFS-306650,Northumbria Healthcare NHS Foundation Trust,Selective,1,76000.0,76000.0,100.0
ID:GB-CFS-306656,Northumbria Healthcare NHS Foundation Trust,Selective,1,100000.0,100000.0,100.0
ID:GB-CFS-306662,Ministry of Defence,Selective,12,0.0,0.0,
ID:GB-CFS-306693,British Patient Capital Limited,Unknown,3,105000.0,35000.0,100.0
ID:GB-CFS-306698,Ministry of Defence,Selective,1,0.0,0.0,
ID:GB-CFS-306713,Ministry of Defence,Selective,1,6560545.0,6560545.0,100.0
ID:GB-CFS-306743,Peabody Trust,Unknown,1,118000.0,118000.0,100.0
ID:GB-CFS-306750,"Cumbria, Northumberland, Tyne and Wear NHS Foundation Trust",Open,1,203118.0,203118.0,12.166939408182904
ID:GB-CFS-306750,"Cumbria, Northumberland, Tyne and Wear NHS Foundation Trust",Selective,5,1466307.59,355739.87,87.83306059181709
ID:GB-CFS-306755,South Hampshire College Group - e-Tendering System,Open,1,161259.56,161259.56,100.0
ID:GB-CFS-306767,University of Leeds,Unknown,1,203577.9,203577.9,100.0
ID:GB-CFS-306771,Salisbury NHS Foundation Trust,Open,1,227650.0,227650.0,100.0
ID:GB-CFS-306776,Sheffield Teaching Hospitals NHS FT,Selective,1,80000.0,80000.0,100.0
ID:GB-CFS-306781,University Hospitals Sussex NHS Foundation Trust,Direct,3,299957.68,121042.0,10.864336238377753
ID:GB-CFS-306781,University Hospitals Sussex NHS Foundation Trust,Open,2,456000.0,228000.0,16.516120956463777
ID:GB-CFS-306781,University Hospitals Sussex NHS Foundation Trust,Selective,7,1663981.51,100929.75,60.26868396596324
ID:GB-CFS-306781,University Hospitals Sussex NHS Foundation Trust,Unknown,1,340999.66,340999.66,12.350858839195224
ID:GB-CFS-306793,The Rainbow Multi Academy Trust ~ Cleaning Tender,Selective,1,1798140.0,1798140.0,100.0
ID:GB-CFS-306797,City of London Corporation,Direct,2,152500.0,76250.0,100.0
ID:GB-CFS-306814,Bradford Teaching Hospitals NHS Foundation Trust,Open,10,676758.92,43910.0,100.0
ID:GB-CFS-306858,Ministry of Justice,Selective,1,9052204.0,9052204.0,100.0
ID:GB-CFS-306871,Alliance Environmental Services Ltd,Open,1,120000.0,120000.0,100.0
ID:GB-CFS-306879,Jigsaw Homes Group Limited,Open,1,405685.0,405685.0,100.0
ID:GB-CFS-306891,UKHSA,Direct,2,181730.83,90865.415,46.95009586451194
ID:GB-CFS-306891,UKHSA,Selective,2,205341.5,102670.75,53.049904135488056
ID:GB-CFS-306904,NHS Property Services,Selective,1,9807367.0,9807367.0,100.0
ID:GB-CFS-306911,"Essex Police, Fire and Crime Commissioner Fire and Rescue Authority",Unknown,1,28879.26,28879.26,100.0
ID:GB-CFS-306921,United Kingdom National Nuclear Laboratory,Open,1,575000.0,575000.0,31.806470625410636
ID:GB-CFS-306921,United Kingdom National Nuclear Laboratory,Selective,3,1232808.25,355710.0,68.19352937458937
ID:GB-CFS-306934,Home Office,Selective,1,18000000.0,18000000.0,100.0
ID:GB-CFS-306947,The Weald Community School and 6th Form,Selective,1,3365791.0,3365791.0,100.0
ID:GB-CFS-306948,Gov Facilities Services Ltd,Unknown,1,11905.91,11905.91,100.0
ID:GB-CFS-306950,Gov Facility Services Ltd,Unknown,34,938129.85,23196.55,100.0
ID:GB-CFS-306975,Cornwall Education Learning Trust,Selective,1,9598744.86,9598744.86,100.0
ID:GB-CFS-306983,JV North Limited,Open,1,20000000.0,20000000.0,100.0
ID:GB-CFS-306987,Homes England (the name adopted by the Homes and Communities Agency),Open,1,16704.23,16704.23,18.800117904288413
ID:GB-CFS-306987,Homes England (the name adopted by the Homes and Communities Agency),Unknown,1,72147.5,72147.5,81.1998820957116
ID:GB-CFS-307003,UK Health Security Agency,Selective,3,3074020.6,998800.0,100.0
ID:GB-CFS-307010,National Highways,Direct,1,14830181.97,14830181.97,98.69856589755209
ID:GB-CFS-307010,National Highways,Selective,1,195550.0,195550.0,1.301434102447922
ID:GB-CFS-307012,Callywith College,Open,1,486308.49,486308.49,100.0
ID:GB-CFS-307081,Places for People Group Limited,Open,1,20000000.0,20000000.0,100.0
ID:GB-CFS-307093,Animal and Plant Health Agency,Direct,1,22000.0,22000.0,100.0
ID:GB-CFS-307104,Arts Council of England,Open,1,370000.0,370000.0,100.0
ID:GB-CFS-307106,HS2,Selective,1,189515306.04,189515306.04,100.0
ID:GB-CFS-307120,St Christopher's Multi Academy Trust,Open,3,9000000.0,3000000.0,100.0
ID:GB-CFS-307152,International Nuclear Services,Open,1,5000000.0,5000000.0,100.0
ID:GB-CFS-307175,North Lincolnshire Council,Unknown,2,504257.9,252128.95,100.0
ID:GB-CFS-307190,Lincolnshire Partnership NHS Foundation Trust,Limited,1,112680.0,112680.0,100.0
ID:GB-CFS-307193,Department for Work and Pensions,Selective,1,301000.0,301000.0,100.0
ID:GB-CFS-307211,Animal and Plant Health Agency,Selective,1,347000.0,347000.0,100.0
ID:GB-CFS-307217,NDA,Selective,1,454000.0,454000.0,100.0
ID:GB-CFS-307220,Ministry of Defence,Direct,1,109410.84,109410.84,100.0
ID:GB-CFS-307259,Northumbria Healthcare NHS Foundation Trust,Selective,1,62871.9,62871.9,100.0
ID:GB-CFS-307262,Amplius,Direct,1,55855.84,55855.84,2.1854065133814435
ID:GB-CFS-307262,Amplius,Unknown,1,2500000.0,2500000.0,97.81459348661856
ID:GB-CFS-307264,Northumbria Healthcare NHS Foundation Trust,Selective,1,42811.0,42811.0,100.0
ID:GB-CFS-307299,Broxtowe Borough Council,Direct,1,124386.99,124386.99,100.0
ID:GB-CFS-307303,Halton Housing c/o Link Group,Open,1,600000000.0,600000000.0,100.0
ID:GB-CFS-307327,Lincolnshire Community Health Services NHS Trust,Selective,1,396043.0,396043.0,100.0
ID:GB-CFS-307328,Broxtowe Borough Council,Direct,1,49563.92,49563.92,100.0
ID:GB-CFS-307335,MHRA,Direct,1,100000.0,100000.0,100.0
ID:GB-CFS-307343,Nuclear Restoration Services,Limited,1,261300.0,261300.0,100.0
ID:GB-CFS-307350,Inclusion Group,Selective,1,90000.0,90000.0,100.0
ID:GB-CFS-307357,Salisbury NHS Foundation Trust,Open,1,64507.25,64507.25,100.0
ID:GB-CFS-307362,Nuclear Restoration Services,Limited,1,116010.0,116010.0,100.0
ID:GB-CFS-307372,London Borough of Enfield,Unknown,1,1074542.0,1074542.0,100.0
ID:GB-CFS-307374,Foreign Commonwealth and Development Office,Selective,1,999885.0,999885.0,100.0
ID:GB-CFS-307376,Wolverhampton Homes,Open,1,2492000.0,2492000.0,100.0
ID:GB-CFS-307377,North of England Commercial Procurement Collaborative,Selective,1,78000.0,78000.0,100.0
ID:GB-CFS-307381,Sheffield Childrens NHS Foundation Trust,Open,1,225668.0,225668.0,100.0
ID:GB-CFS-307383,Home Office,Selective,1,57600000.0,57600000.0,100.0
ID:GB-CFS-307391,Chartford Housing Limited,Direct,1,1000000.0,1000000.0,100.0
ID:GB-CFS-307404,Sport England,Selective,1,159000.0,159000.0,100.0
ID:GB-CFS-307408,Environment Agency,Open,3,5000000.0,600000.0,100.0
ID:GB-CFS-307416,Bath and North East Somerset Council,Direct,1,300000.0,300000.0,100.0
ID:GB-CFS-307419,Foreign Commonwealth and Development Office,Direct,1,27160.96,27160.96,24.78348974240681
ID:GB-CFS-307419,Foreign Commonwealth and Development Office,Unknown,1,82432.0,82432.0,75.2165102575932
ID:GB-CFS-307424,Barnsley Facilities Services ltd,Selective,1,207000.0,207000.0,100.0
ID:GB-CFS-307441,DEFRA,Selective,3,1283968.01,104058.79,100.0
ID:GB-CFS-307443,Beamex Oy Ab,Unknown,1,237000.0,237000.0,100.0
ID:GB-CFS-307446,Ministry of Defence,Selective,1,11655.28,11655.28,100.0
ID:GB-CFS-307448,Stockport Metropolitan Borough Council,Unknown,1,210600.0,210600.0,100.0
ID:GB-CFS-307451,Ministry of Defence,Selective,1,181795.17,181795.17,100.0
ID:GB-CFS-307454,White Rose Academies Trust,Open,1,2920745.3,2920745.3,100.0
ID:GB-CFS-307458,Blackburn with Darwen,Selective,1,28254.65,28254.65,100.0
ID:GB-CFS-307463,DVLA - Driver & Vehicle Licensing Agency,Selective,1,2821200.0,2821200.0,100.0
ID:GB-CFS-307465,West of England Combined Authority,Open,2,154850.0,77425.0,22.32279163224425
ID:GB-CFS-307465,West of England Combined Authority,Selective,9,538835.64,40270.0,77.67720836775574
ID:GB-CFS-307467,NHS England,Limited,1,15000.0,15000.0,100.0
ID:GB-CFS-307488,Leicester City Primary Schools,Open,1,0.0,0.0,
ID:GB-CFS-307489,Birmingham City Council,Open,5,4814800.0,112800.0,9.788384911079916
ID:GB-CFS-307489,Birmingham City Council,Selective,9,44374111.59,705000.0,90.21161508892008
ID:GB-CFS-307501,Achieving for children,Open,1,1593807.9,1593807.9,100.0
ID:GB-CFS-307503,Canterbury City Council,Open,1,315078.0,315078.0,49.76340594359648
ID:GB-CFS-307503,Canterbury City Council,Unknown,1,318074.0,318074.0,50.23659405640352
ID:GB-CFS-307505,Northumbria Healthcare Facilities Management Ltd,Limited,1,100662.34,100662.34,100.0
ID:GB-CFS-307548,"The Police and Crime Commissioner for Bedfordshire,",Open,1,1018044.14,1018044.14,100.0
ID:GB-CFS-307553,The North Yorkshire Council,Open,1,37500000.0,37500000.0,100.0
ID:GB-CFS-307576,Royal Papworth Hospital NHS Foundation Trust,Selective,1,40886.64,40886.64,100.0
ID:GB-CFS-307581,Home Office,Selective,1,40000000.0,40000000.0,100.0
ID:GB-CFS-307585,Ministry of Defence,Selective,1,13999.86,13999.86,100.0
ID:GB-CFS-307586,Ministry of Defence,Unknown,1,109637500.0,109637500.0,100.0
ID:GB-CFS-307594,Birmingham City Council,Unknown,1,758320.0,758320.0,100.0
ID:GB-CFS-307596,Department for Business and Trade,Direct,1,56700.0,56700.0,100.0
ID:GB-CFS-307622,East London NHS Foundation Trust,Unknown,4,981980.31,175422.5,100.0
ID:GB-CFS-307625,NHS London Procurement Partnership (Hosted by Guy's and St Thomas' NHS FT),Selective,1,92566020.0,92566020.0,100.0
ID:GB-CFS-307631,Reigate & Banstead Borough Council,Selective,1,470876.16,470876.16,100.0
ID:GB-CFS-307634,NHS London Procurement Partnership (Hosted by Guy's and St Thomas' NHS FT),Selective,1,55395000.0,55395000.0,100.0
ID:GB-CFS-307668,Bedfordshire (Lot 1) and Essex Police (Lot 2),Open,1,9545966.4,9545966.4,100.0
ID:GB-CFS-307674,Manchester University NHS FT & Northern Care Alliance NHS FT,Selective,1,30475563.0,30475563.0,100.0
ID:GB-CFS-307682,UK Research & Innovation Science & Technology Facilities Council,Unknown,1,31170.0,31170.0,100.0
ID:GB-CFS-307688,Diocese of Norwich Education and Academies Trust,Open,1,85207.82,85207.82,100.0
ID:GB-CFS-307690,United Lincolnshire Teaching Hospitals NHS Trust,Direct,2,67428.8,33714.4,0.2108725723550689
ID:GB-CFS-307690,United Lincolnshire Teaching Hospitals NHS Trust,Limited,1,90933.0,90933.0,0.2843781236202258
ID:GB-CFS-307690,United Lincolnshire Teaching Hospitals NHS Trust,Open,2,185864.0,92932.0,0.5812593400476136
ID:GB-CFS-307690,United Lincolnshire Teaching Hospitals NHS Trust,Selective,39,31631862.53,999000.0,98.92348996397708
ID:GB-CFS-307698,STAR Procurement C/O Trafford Council,Open,1,400000000.0,400000000.0,100.0
ID:GB-CFS-307714,South Western Ambulance Service NHS Foundation Trust,Selective,1,113823.0,113823.0,100.0
ID:GB-CFS-307718,GB,Limited,1,54775.0,54775.0,100.0
ID:GB-CFS-307721,The Financial Conduct Authority,Selective,3,503996.7,19495.0,100.0
ID:GB-CFS-307728,British Business Investments Ltd,Unknown,7,287000.0,39000.0,100.0
ID:GB-CFS-307731,Hertfordshire Partnership University Foundation NHS Trust,Selective,1,889000.0,889000.0,100.0
ID:GB-CFS-307744,Home Office,Open,1,45150.0,45150.0,100.0
ID:GB-CFS-307746,Maidenhill School,Selective,1,1173970.76,1173970.76,100.0
ID:GB-CFS-307762,Halton Borough Council,Direct,1,593880.0,593880.0,100.0
ID:GB-CFS-307775,DSIT,Direct,1,32020.0,32020.0,100.0
ID:GB-CFS-307788,Ministry of Defence,Unknown,1,120000.0,120000.0,100.0
ID:GB-CFS-307792,Ministry of Defence,Limited,1,630864.0,630864.0,100.0
ID:GB-CFS-307826,Gaurav Suri,Unknown,1,68868.0,68868.0,100.0
ID:GB-CFS-307839,Amalgamated,Direct,1,101947.99,101947.99,100.0
ID:GB-CFS-307845,Ceredigion County Council,Unknown,2,741045.0,370522.5,100.0
ID:GB-CFS-307846,Central Bedfordshire Council,Unknown,2,982507.0,491253.5,100.0
ID:GB-CFS-307847,Department for Business and Trade,Direct,3,4221238.67,166666.67,13.53980889792665
ID:GB-CFS-307847,Department for Business and Trade,Open,3,527288.6599999999,95000.0,1.691301593814836
ID:GB-CFS-307847,Department for Business and Trade,Selective,9,26427973.77,106410.0,84.76888950825851
ID:GB-CFS-307849,Westminster City Council,Open,1,140520.86,140520.86,100.0
ID:GB-CFS-307868,Department for Business and Trade,Direct,15,4972647.8,65332.8,5.111917961854818
ID:GB-CFS-307868,Department for Business and Trade,Limited,1,70000.0,70000.0,0.0719605071024409
ID:GB-CFS-307868,Department for Business and Trade,Open,6,3939986.0,718420.5,4.050334150521683
ID:GB-CFS-307868,Department for Business and Trade,Selective,77,88186890.29,207198.0,90.65676207222464
ID:GB-CFS-307868,Department for Business and Trade,Unknown,3,106055.0,18000.0,0.1090253082964196
ID:GB-CFS-307874,London Borough of Enfield,Direct,1,95500.0,95500.0,100.0
ID:GB-CFS-307879,UK Parliament,Selective,1,5164587.36,5164587.36,100.0
ID:GB-CFS-307880,London Borough of Enfield,Direct,1,98000.0,98000.0,100.0
ID:GB-CFS-307889,Places for People Group Limited,Open,1,25000000.0,25000000.0,100.0
ID:GB-CFS-307897,Kent Community Health NHS Foundation Trust,Selective,1,17933.27,17933.27,100.0
ID:GB-CFS-307900,NHS Property Services,Selective,1,4500000.0,4500000.0,100.0
ID:GB-CFS-307918,DEFRA,Selective,1,421711.4,421711.4,100.0
ID:GB-CFS-307930,St Thomas More Catholic Academy & Sixth Form College,Selective,1,955558.0,955558.0,100.0
ID:GB-CFS-307932,Northumbria Healthcare FM,Open,1,147850.0,147850.0,26.506248733849297
ID:GB-CFS-307932,Northumbria Healthcare FM,Selective,1,409943.0,409943.0,73.49375126615071
ID:GB-CFS-307957,Kettering General Hospital,Selective,1,75000.0,75000.0,100.0
ID:GB-CFS-307967,South Yorkshire Integrated Care System (SY ICS),Selective,3,1169837.0,164500.0,100.0
ID:GB-CFS-307985,"Kent Police, Essex Police",Selective,1,2395040.6,2395040.6,100.0
ID:GB-CFS-308001,Trinity House,Unknown,2,180640.37,90320.185,100.0
ID:GB-CFS-308007,Worcestershire Acute Hospital NHS Trust,Selective,1,19000.0,19000.0,100.0
ID:GB-CFS-308015,United Lincolnshire Teaching Hospital NHS Trust,Selective,6,2140000.0,150000.0,100.0
ID:GB-CFS-308022,UK Research & Innovation,Unknown,1,39865.0,39865.0,100.0
ID:GB-CFS-308119,Anthem Schools Trust,Selective,1,3695000.0,3695000.0,100.0
ID:GB-CFS-308154,NHS Northamptonshire Integrated Care Board,Selective,1,158065.43,158065.43,100.0
ID:GB-CFS-308161,Echelon Consultancy Ltd,Open,1,400000000.0,400000000.0,100.0
ID:GB-CFS-308171,Homes England (the name adopted by the Homes and Communities Agency),Open,1,19737.0,19737.0,100.0
ID:GB-CFS-308186,Ministry of Defence,Open,1,73681.7,73681.7,100.0
ID:GB-CFS-308209,Ministry of Defence,Direct,2,138171.0,69085.5,100.0
ID:GB-CFS-308211,NHS England,Direct,6,225194.32,23281.66,24.36505257033336
ID:GB-CFS-308211,NHS England,Selective,1,99000.0,99000.0,10.711372313755527
ID:GB-CFS-308211,NHS England,Unknown,1,600057.0,600057.0,64.92357511591112
ID:GB-CFS-308214,East Sussex Healthcare NHS Trust,Selective,1,1000000.0,1000000.0,100.0
ID:GB-CFS-308219,Cambridgeshire Constabulary,Selective,1,0.0,0.0,
ID:GB-CFS-308231,Department for Education,Selective,1,157515.0,157515.0,100.0
ID:GB-CFS-308234,NHS Hampshire and Isle of Wight Integrated Care Board,Selective,1,199336.49,199336.49,100.0
ID:GB-CFS-308240,Nuclear Restoration Services,Selective,1,77660.0,77660.0,100.0
ID:GB-CFS-308251,Money and Pensions Service,Selective,1,24000000.0,24000000.0,100.0
ID:GB-CFS-308257,Trinity School,Selective,1,3570267.38,3570267.38,100.0
ID:GB-CFS-308259,King's College Hospital NHS Foundation Trust,Selective,1,88848.0,88848.0,100.0
ID:GB-CFS-308265,Nuclear Restoration Services,Selective,1,54847.0,54847.0,100.0
ID:GB-CFS-308270,National Employment Savings Trust (NEST),Open,2,19800000.0,9900000.0,100.0
ID:GB-CFS-308272,Sellafield Ltd,Unknown,2,66657.5,33328.75,100.0
ID:GB-CFS-308284,National Highways,Direct,2,29725.64,14862.82,0.0363225723665877
ID:GB-CFS-308284,National Highways,Selective,114,81808200.65,301025.66500000004,99.9636774276334
ID:GB-CFS-308292,NDA,Selective,1,69640.14,69640.14,100.0
ID:GB-CFS-308305,The Newcastle Upon Tyne Hospitals NHS Foundation Trust,Selective,1,89880.0,89880.0,100.0
ID:GB-CFS-308311,UK Health Security Agency,Selective,3,296266.53,30187.52,42.550735563865175
ID:GB-CFS-308311,UK Health Security Agency,Unknown,1,400000.0,400000.0,57.44926443613482
ID:GB-CFS-308315,Department for Business and Trade,Direct,2,270711.0,135355.5,0.5739440408938209
ID:GB-CFS-308315,Department for Business and Trade,Limited,1,70000.0,70000.0,0.1484094952276319
ID:GB-CFS-308315,Department for Business and Trade,Open,3,2398434.0,94284.0,5.0850054182398585
ID:GB-CFS-308315,Department for Business and Trade,Selective,17,44427648.4,416666.67,94.1926410456387
ID:GB-CFS-308336,Sellafield Ltd,Open,1,39791.09,39791.09,100.0
ID:GB-CFS-308360,Cirencester College,Open,1,7586549.3,7586549.3,100.0
ID:GB-CFS-308364,DESNZ,Selective,1,879391.04,879391.04,100.0
ID:GB-CFS-308369,Ministry of Defence,Open,1,256100.0,256100.0,100.0
ID:GB-CFS-308386,The Equa Mead Trust,Selective,1,3060408.56,3060408.56,100.0
ID:GB-CFS-308390,Ministry of Defence,Direct,1,50000.0,50000.0,100.0
ID:GB-CFS-308394,Northumbria Healthcare Facilities Management Ltd,Selective,1,44811.0,44811.0,100.0
ID:GB-CFS-308399,Nottingham University Hospitals,Selective,1,336000.0,336000.0,100.0
ID:GB-CFS-308410,Homes England (the name adopted by the Homes and Communities Agency),Open,1,29833.0,29833.0,100.0
ID:GB-CFS-308415,Tetra Tech Limited,Selective,1,72855.25,72855.25,100.0
ID:GB-CFS-308427,Derbyshire County Council,Open,1,32500.0,32500.0,100.0
ID:GB-CFS-308437,DVLA - Driver & Vehicle Licensing Agency,Selective,1,111515.0,111515.0,100.0
ID:GB-CFS-308447,Leeds Teaching Hospital NHS Trust,Unknown,1,289801.012,289801.012,100.0
ID:GB-CFS-308487,BBC - Highways,Open,1,0.0,0.0,
ID:GB-CFS-308496,QE Facilities,Open,1,512375.0,512375.0,100.0
ID:GB-CFS-308499,University Hospitals Sussex NHS Foundation Trust,Selective,1,72203.95,72203.95,100.0
ID:GB-CFS-308502,University Hospitals Sussex NHS Foundation Trust,Selective,3,473148.27,143551.27,100.0
ID:GB-CFS-308505,DEFRA,Selective,3,633395.98,159172.99,100.0
ID:GB-CFS-308519,Ministry of Defence,Selective,1,3166335.0,3166335.0,100.0
ID:GB-CFS-308520,DVLA - Driver & Vehicle Licensing Agency,Selective,1,204700.0,204700.0,100.0
ID:GB-CFS-308533,West Hertfordshire Hospital,Selective,1,2196051.84,2196051.84,100.0
ID:GB-CFS-308541,Department for Business and Trade,Selective,2,159378.5,79689.25,100.0
ID:GB-CFS-308555,Westmorland and Furness Council,Direct,3,2551225.0,145800.0,56.629140890989625
ID:GB-CFS-308555,Westmorland and Furness Council,Unknown,2,1953920.16,976960.08,43.370859109010375
ID:GB-CFS-308564,Ministry of Defence,Selective,1,1212413.72,1212413.72,100.0
ID:GB-CFS-308566,Home Office,Selective,1,3500000.0,3500000.0,100.0
ID:GB-CFS-308567,North Western Universities Purchasing Consortium,Open,1,40000000.0,40000000.0,100.0
ID:GB-CFS-308569,Torus Group,Unknown,5,7017906.0,1500000.0,100.0
ID:GB-CFS-308577,Your Housing Group,Open,1,801925.0,801925.0,100.0
ID:GB-CFS-308584,Transport for Greater Manchester,Open,1,320000.0,320000.0,100.0
ID:GB-CFS-308608,Ministry of Defence,Open,1,17403.73,17403.73,100.0
ID:GB-CFS-308611,East Staffordshire Borough Council,Unknown,2,564400.0,282200.0,100.0
ID:GB-CFS-308617,DSIT,Limited,1,12500.0,12500.0,100.0
ID:GB-CFS-308620,Homes England (the name adopted by the Homes and Communities Agency),Open,1,32400.0,32400.0,14.05149482534187
ID:GB-CFS-308620,Homes England (the name adopted by the Homes and Communities Agency),Unknown,2,198180.45,99090.225,85.94850517465812
ID:GB-CFS-308641,Defra,Selective,1,19488125.29,19488125.29,100.0
ID:GB-CFS-308656,West Sussex County Council,Direct,1,85000.0,85000.0,69.75217462662071
ID:GB-CFS-308656,West Sussex County Council,Selective,1,36860.0,36860.0,30.24782537337929
ID:GB-CFS-308663,Rail Safety Standards Board (RSSB),Unknown,3,572007.5700000001,160209.0,100.0
ID:GB-CFS-308676,Aces Academies Trust,Selective,1,2445473.5,2445473.5,100.0
ID:GB-CFS-308695,ACES Academies Trust,Selective,1,2493789.05,2493789.05,100.0
ID:GB-CFS-308706,Adur District Council / Worthing Borough Council,Unknown,3,1672848.5499999998,666165.46,100.0
ID:GB-CFS-308722,Norfolk and Norwich University Hospitals NHS Foundation Trust,Unknown,1,68283.6,68283.6,100.0
ID:GB-CFS-308723,Mater Ecclesiae Catholic MAT,Selective,1,544044.0,544044.0,100.0
ID:GB-CFS-308728,United Lincolnshire Hospitals NHS Trust,Selective,2,232237.47,116118.735,100.0
ID:GB-CFS-308730,Department for Business and Trade,Selective,9,1350863.44,88500.0,100.0
ID:GB-CFS-308779,British Business Financial Services Ltd,Unknown,1,58000.0,58000.0,100.0
ID:GB-CFS-308785,DSIT,Selective,1,81050.0,81050.0,100.0
ID:GB-CFS-308795,Environment Agency,Selective,4,1592997.61,361831.9,100.0
ID:GB-CFS-308805,DSIT,Selective,1,120000.0,120000.0,100.0
ID:GB-CFS-308808,Bristol City Council,Open,1,4487050.19,4487050.19,100.0
ID:GB-CFS-308810,Environment Agency,Selective,1,39658.1,39658.1,100.0
ID:GB-CFS-308813,NHS North of England Commissioning Support Unit (hosted by NHS England),Selective,12,9081556.86,67769.16,100.0
ID:GB-CFS-308824,The Pensions Regulator,Selective,1,50000.0,50000.0,100.0
ID:GB-CFS-308846,Environment Agency,Selective,1,868594.65,868594.65,100.0
ID:GB-CFS-308862,Department for Education,Open,1,578120.0,578120.0,100.0
ID:GB-CFS-308867,Epping Forest District Council,Unknown,1,6318.0,6318.0,100.0
ID:GB-CFS-308899,Home Office,Selective,1,538169.0,538169.0,100.0
ID:GB-CFS-308901,Ministry of Defence,Selective,15,32401030.0,900000.0,100.0
ID:GB-CFS-308908,Natural England,Open,1,0.0,0.0,
ID:GB-CFS-308911,Gloucestershire Hospitals NHS Foundation T,Selective,1,125000.0,125000.0,100.0
ID:GB-CFS-308923,University Schools Trust,Selective,1,5566156.0,5566156.0,100.0
ID:GB-CFS-308954,Diocese of Norwich Education and Academies Trust,Open,5,324979.99,40287.5,100.0
ID:GB-CFS-308967,Leicestershire Partnership NHS Trust,Selective,1,43212.0,43212.0,100.0
ID:GB-CFS-308984,capitalEsourcing,Open,1,960000.0,960000.0,100.0
ID:GB-CFS-309012,Ministry of Defence,Selective,4,16650000.0,4687500.0,100.0
ID:GB-CFS-309017,Durham County Council,Unknown,1,27000.0,27000.0,100.0
ID:GB-CFS-309018,United Lincolnshire Teaching Hospitals NHS Trust,Selective,2,2979365.0,1489682.5,98.29581351186548
ID:GB-CFS-309018,United Lincolnshire Teaching Hospitals NHS Trust,Unknown,1,51654.22,51654.22,1.7041864881345097
ID:GB-CFS-309019,SUSSEX PARTNERSHIP NHS FOUNDATION TRUST,Selective,2,1175704.2,587852.1,100.0
ID:GB-CFS-309022,Torus Group,Unknown,35,9636704.89,60000.0,100.0
ID:GB-CFS-309062,Ministry of Defence,Limited,1,3470848.0,3470848.0,100.0
ID:GB-CFS-309069,NHS Blood & Transplant,Selective,2,1060800.0,530400.0,100.0
ID:GB-CFS-309094,NHS Blood & Transplant,Selective,1,374400.0,374400.0,100.0
ID:GB-CFS-309095,NHS Blood and Transplant,Selective,2,450000.0,225000.0,100.0
ID:GB-CFS-309102,Borough Council of King's Lynn & West Norfolk,Open,1,49999.0,49999.0,100.0
ID:GB-CFS-309104,UK Health Security Agency,Limited,1,14113.0,14113.0,0.0850916592998189
ID:GB-CFS-309104,UK Health Security Agency,Open,1,184987.0,184987.0,1.1153440642595909
ID:GB-CFS-309104,UK Health Security Agency,Selective,6,16386544.37,1224031.92,98.7995642764406
ID:GB-CFS-309123,British Business Finance Ltd,Unknown,2,55000.0,27500.0,100.0
ID:GB-CFS-309143,Wensum Trust,Open,1,4311000.0,4311000.0,100.0
ID:GB-CFS-309145,Whitehall Infant School,Selective,1,1192770.0,1192770.0,100.0
ID:GB-CFS-309150,Blackburn with Darwen,Open,1,32072.58,32072.58,100.0
ID:GB-CFS-309160,National Highways,Unknown,1,25000.0,25000.0,100.0
ID:GB-CFS-309161,United Lincolnshire Teaching Hospitals NHS Trust,Selective,5,2545546.19,438443.0,100.0
ID:GB-CFS-309181,Department for Work and Pensions,Selective,1,14099.21,14099.21,100.0
ID:GB-CFS-309185,Defra Group Commercial,Selective,12,7998854.43,206087.1,100.0
ID:GB-CFS-309186,CPS,Selective,1,95276.26,95276.26,100.0
ID:GB-CFS-309198,Home Office,Selective,1,165700.0,165700.0,100.0
ID:GB-CFS-309215,Sellafield Ltd,Open,1,61040.0,61040.0,100.0
ID:GB-CFS-309217,Stockton Borough Council,Open,1,3856584.0,3856584.0,100.0
ID:GB-CFS-309221,United Lincolnshire Teaching Hospitals NHS Trust,Selective,4,3666781.2,62332.25,100.0
ID:GB-CFS-309222,United Lincolnshire Teaching Hospitals NHS Trust,Selective,1,102000.0,102000.0,100.0
ID:GB-CFS-309226,Wolverhampton Cluster ~ Catering Tender,Selective,1,4908799.0,4908799.0,100.0
ID:GB-CFS-309233,Redruth School,Selective,1,1248595.28,1248595.28,100.0
ID:GB-CFS-309242,DEFra,Selective,1,342955.74,342955.74,100.0
ID:GB-CFS-309244,DSIT,Selective,7,22795843.95,963950.0,100.0
ID:GB-CFS-309254,DSIT,Selective,1,55000.0,55000.0,100.0
ID:GB-CFS-309258,Foreign Commonwealth and Development Office,Open,2,74472.0,37236.0,100.0
ID:GB-CFS-309264,North East Derbyshire District Council - e-Tendering System,Open,11,1503963.38,50000.0,100.0
ID:GB-CFS-309273,Nottingham University Hospitals,Selective,4,4393219.68,1307134.44,100.0
ID:GB-CFS-309281,Somerset NHS Foundation Trust,Direct,1,41524.0,41524.0,100.0
ID:GB-CFS-309285,UK RESEARCH AND INNOVATION,Unknown,1,82570.0,82570.0,100.0
ID:GB-CFS-309299,Langley School,Selective,1,3021823.0,3021823.0,100.0
ID:GB-CFS-309305,DSIT,Selective,1,85000.0,85000.0,100.0
ID:GB-CFS-309312,DSIT,Selective,1,45000.0,45000.0,100.0
ID:GB-CFS-309324,Reigate & Banstead Borough Council,Unknown,1,481782.0,481782.0,100.0
ID:GB-CFS-309335,DSIT,Selective,1,69750.0,69750.0,100.0
ID:GB-CFS-309345,Homes England (the name adopted by the Homes and Communities Agency),Unknown,1,83902.5,83902.5,100.0
ID:GB-CFS-309358,Ministry of Defence,Limited,1,33000.0,33000.0,100.0
ID:GB-CFS-309377,Clarion Housing Group,Open,1,1793116.67,1793116.67,100.0
ID:GB-CFS-309419,"UKHSA - Finance, Commercial & Corporate Services",Selective,1,63270.0,63270.0,100.0
ID:GB-CFS-309426,HealthTrust Europe LLP (HTE),Open,1,300000000.0,300000000.0,100.0
ID:GB-CFS-309435,Believe Housing,Selective,1,65135.4,65135.4,100.0
ID:GB-CFS-309480,HealthTrust Europe LLP (HTE),Open,1,50000000.0,50000000.0,100.0
ID:GB-CFS-309481,DESNZ,Selective,1,1750000.0,1750000.0,100.0
ID:GB-CFS-309484,Northumbria Healthcare Facilities Management,Selective,1,199510.0,199510.0,100.0
ID:GB-CFS-309494,East West Rail,Selective,3,746700.0,92500.0,100.0
ID:GB-CFS-309497,Learning Community Trust,Selective,1,3500218.0,3500218.0,100.0
ID:GB-CFS-309500,Nuclear Waste Services,Selective,1,260635.38,260635.38,100.0
ID:GB-CFS-309509,Livingstone Primary School,Selective,1,3694787.36,3694787.36,100.0
ID:GB-CFS-309512,Northumbria Healthcare Facilities Management,Selective,1,144681.76,144681.76,100.0
ID:GB-CFS-309515,Royal Papworth Hospital,Selective,1,53500.0,53500.0,100.0
ID:GB-CFS-309522,Aylesbury High School,Selective,1,2129107.83,2129107.83,100.0
ID:GB-CFS-309523,Environment Agency,Open,2,3498536.29,1749268.145,100.0
ID:GB-CFS-309527,NHS Blood and Transplant,Selective,2,1254000.0,627000.0,100.0
ID:GB-CFS-309569,DEFRA,Selective,1,113665.58,113665.58,100.0
ID:GB-CFS-309575,Roseland Multi Academy Trust,Selective,1,3160708.43,3160708.43,100.0
ID:GB-CFS-309598,Kent and Medway NHS and Social Care Partnership Trust,Open,1,816300.0,816300.0,100.0
ID:GB-CFS-309602,VisitBritain,Selective,1,70000.0,70000.0,100.0
ID:GB-CFS-309604,DSIT,Selective,1,100000.0,100000.0,100.0
ID:GB-CFS-309606,DSIT,Selective,1,55000.0,55000.0,100.0
ID:GB-CFS-309625,Northumbria Healthcare Facilities Management,Selective,2,231808.2,115904.1,100.0
ID:GB-CFS-309630,Animal and Plant Health Agency,Selective,1,355677.4,355677.4,100.0
ID:GB-CFS-309648,Ministry of Defence,Direct,1,45000.0,45000.0,100.0
ID:GB-CFS-309651,Northumbria Healthcare Facilities Management,Selective,8,761292.88,52088.69,100.0
ID:GB-CFS-309659,Milton Keynes City Council,Open,3,2794119.41,1200000.0,100.0
ID:GB-CFS-309670,"The Corporate Officers of the House of Lords and House of Commons, acting jointly",Selective,1,623537.57,623537.57,100.0
ID:GB-CFS-309675,Marches Academy Trust,Selective,1,5300000.0,5300000.0,100.0
ID:GB-CFS-309680,Amplius,Direct,1,56407.2,56407.2,2.601326608686316
ID:GB-CFS-309680,Amplius,Unknown,4,2111994.1,314426.5,97.39867339131368
ID:GB-CFS-309683,East Sussex Healthcare NHS Trust,Selective,1,500000.0,500000.0,100.0
ID:GB-CFS-309687,The British Broadcasting Corporation (BBC),Open,1,2500000.0,2500000.0,100.0
ID:GB-CFS-309703,East of England NHS Collaborative Procurement Hub,Open,1,300000000.0,300000000.0,100.0
ID:GB-CFS-309727,DEFRA,Direct,1,28250.0,28250.0,100.0
ID:GB-CFS-309749,Bridge Schools Trust,Selective,1,1528441.0,1528441.0,100.0
ID:GB-CFS-309753,APHA,Unknown,1,71842.6,71842.6,100.0
ID:GB-CFS-309766,East Sussex College Group,Open,1,208305.0,208305.0,100.0
ID:GB-CFS-309771,Environment Agency,Selective,1,158046.87,158046.87,100.0
ID:GB-CFS-309775,North Western Universities Purchasing Consortium,Open,1,19000000.0,19000000.0,100.0
ID:GB-CFS-309782,Sheffield Teaching Hospitals,Selective,1,557829.53,557829.53,100.0
ID:GB-CFS-309784,London Borough of Harrow,Open,1,400000.0,400000.0,100.0
ID:GB-CFS-309796,North Western Universities Purchasing Consortium,Open,1,200000000.0,200000000.0,100.0
ID:GB-CFS-309807,Ribston Hall High School,Selective,1,845466.0,845466.0,100.0
ID:GB-CFS-309810,Pension Protection Fund,Selective,1,502700.0,502700.0,100.0
ID:GB-CFS-309813,Peabody trust,Unknown,3,266580.8,84650.8,100.0
ID:GB-CFS-309817,The City of Liverpool College,Open,9,1569830.84,65622.0,84.60665463915453
ID:GB-CFS-309817,The City of Liverpool College,Selective,3,210484.22,58401.22,11.34413037046197
ID:GB-CFS-309817,The City of Liverpool College,Unknown,3,75131.0,20691.0,4.049214990383499
ID:GB-CFS-309835,Birmingham City Council,Open,5,9367066.72,1500000.0,65.9925782176693
ID:GB-CFS-309835,Birmingham City Council,Selective,19,4827054.76,52700.33,34.007421782330695
ID:GB-CFS-309839,Ministry of Defence,Open,1,194440000.0,194440000.0,100.0
ID:GB-CFS-309844,HS2,Selective,1,1940000.0,1940000.0,100.0
ID:GB-CFS-309846,Cross Keys Homes Limited,Unknown,1,25000000.0,25000000.0,100.0
ID:GB-CFS-309860,Ministry of Defence,Selective,1,9000000.0,9000000.0,100.0
ID:GB-CFS-309865,King's College Trust,Selective,1,3735558.85,3735558.85,100.0
ID:GB-CFS-309873,West Midlands Academy Trust,Selective,1,360546.0,360546.0,100.0
ID:GB-CFS-309876,The Ashcombe School,Open,1,1981348.0,1981348.0,100.0
ID:GB-CFS-309882,Milton Keynes City Council,Open,12,9720525.0,138312.5,1.9814638194801697
ID:GB-CFS-309882,Milton Keynes City Council,Selective,7,475431383.06,80000.0,96.91349841482916
ID:GB-CFS-309882,Milton Keynes City Council,Unknown,2,5421016.08,2710508.04,1.1050377656906616
ID:GB-CFS-309887,Nuclear Waste Services,Selective,1,1000000.0,1000000.0,100.0
ID:GB-CFS-309902,"Department for Environment, Food and Rural Affairs",Selective,1,1150942.26,1150942.26,100.0
ID:GB-CFS-309916,DESNZ,Selective,1,210000.0,210000.0,100.0
ID:GB-CFS-309934,Gloucestershire Hospitals NHS Foundation Trust,Selective,2,1952281.5,976140.75,100.0
ID:GB-CFS-309937,Cheshire East Borough Council,Open,1,19342267.87,19342267.87,100.0
ID:GB-CFS-309945,Sellafield Ltd,Selective,1,180000.0,180000.0,100.0
ID:GB-CFS-309956,Midlands Partnership Foundation Trust,Unknown,1,315132.0,315132.0,100.0
ID:GB-CFS-309962,Home Office,Direct,1,699662.0,699662.0,1.32192205222575
ID:GB-CFS-309962,Home Office,Selective,5,52227967.04,115331.04,98.67807794777424
ID:GB-CFS-309976,Northern Lincolnshire & Goole NHS Foundation Trust,Selective,1,622793.02,622793.02,100.0
ID:GB-CFS-309983,University of Greenwich,Unknown,1,3000000.0,3000000.0,100.0
ID:GB-CFS-309985,North West Fire Control,Selective,1,15275577.0,15275577.0,100.0
ID:GB-CFS-310000,Colchester Borough Homes,Unknown,1,1119273.0,1119273.0,100.0
ID:GB-CFS-310002,Department for Work and Pensions,Selective,2,3362542.0,1681271.0,100.0
ID:GB-CFS-310004,Community Gateway Association,Unknown,1,3007689.6,3007689.6,100.0
ID:GB-CFS-310006,Great Yarmouth Borough Council,Unknown,1,1503280.8,1503280.8,100.0
ID:GB-CFS-310008,Merthyr Valleys Homes Limited,Unknown,1,1204527.6,1204527.6,100.0
ID:GB-CFS-310011,Eko Trust,Selective,2,2522211.91,1261105.955,100.0
ID:GB-CFS-310020,Ministry of Defence,Selective,1,92391.34,92391.34,100.0
ID:GB-CFS-310023,Diocese of Norwich Education and Academies Trust,Open,1,23727.29,23727.29,100.0
ID:GB-CFS-310024,Nottingham university hospital,Selective,7,6750206.76,431666.0,100.0
ID:GB-CFS-310034,Marlow Education Trust,Selective,1,2060210.0,2060210.0,100.0
ID:GB-CFS-310041,DfTc - Department for Transport,Unknown,1,96448.0,96448.0,100.0
ID:GB-CFS-310046,Department for Business and Trade,Direct,1,90012.0,90012.0,84.23736046537744
ID:GB-CFS-310046,Department for Business and Trade,Unknown,1,16843.2,16843.2,15.762639534622554
ID:GB-CFS-310068,Department for Work and Pensions,Selective,4,8407546.0,1870785.0,100.0
ID:GB-CFS-310080,Education Training Collective - e-Tendering System,Open,1,0.0,0.0,
ID:GB-CFS-310093,NHS Business Services Authority,Direct,1,19622.55,19622.55,16.831780241543257
ID:GB-CFS-310093,NHS Business Services Authority,Selective,1,96957.81,96957.81,83.16821975845674
ID:GB-CFS-310095,Livv Maintenance Limited (Part of Livv Housing Group),Open,1,1650000.0,1650000.0,100.0
ID:GB-CFS-310099,Nuclear Decommissioning Authority,Open,1,45500000.0,45500000.0,100.0
ID:GB-CFS-310100,Surrey and Borders Partnership NHS Foundation Trust,Selective,1,51970.0,51970.0,100.0
ID:GB-CFS-310113,University Hospitals Sussex NHS Foundation Trust,Selective,1,293701.71,293701.71,100.0
ID:GB-CFS-310115,Nuclear Restoration Services Ltd,Open,2,275000.0,137500.0,100.0
ID:GB-CFS-310117,Nottinghamshire Police,Unknown,1,165230.64,165230.64,100.0
ID:GB-CFS-310140,MMO,Direct,1,32941.67,32941.67,100.0
ID:GB-CFS-310162,Sexey's School,Selective,1,1716693.56,1716693.56,100.0
ID:GB-CFS-310172,Nuclear Restoration Services,Direct,1,40075.0,40075.0,100.0
ID:GB-CFS-310176,Ministry of Defence,Selective,1,750000.0,750000.0,100.0
ID:GB-CFS-310201,DESNZ,Open,1,56700.0,56700.0,100.0
ID:GB-CFS-310206,DEFRA,Selective,1,85000.0,85000.0,100.0
ID:GB-CFS-310214,Nuclear Restoration Services,Limited,1,84381.73,84381.73,100.0
ID:GB-CFS-310224,Nuclear Restoration Services,Open,1,132000.0,132000.0,100.0
ID:GB-CFS-310229,Mayors Office for Policing and Crime,Open,1,77239.0,77239.0,56.89200212868999
ID:GB-CFS-310229,Mayors Office for Policing and Crime,Unknown,1,58525.25,58525.25,43.10799787131001
ID:GB-CFS-310237,nuclear restoarion services,Open,1,71683.73,71683.73,100.0
ID:GB-CFS-310238,Environment Agency,Selective,5,1566873.0,99796.0,100.0
ID:GB-CFS-310242,North Western Universities Purchasing Consortium,Open,3,41000000.0,11000000.0,100.0
ID:GB-CFS-310250,Nuclear Restoration Services Ltd,Open,1,224720.0,224720.0,100.0
ID:GB-CFS-310262,Nuclear Resotaration Services,Open,1,60200.0,60200.0,100.0
ID:GB-CFS-310267,Ministry of Defence,Selective,1,100000.0,100000.0,100.0
ID:GB-CFS-310268,Nuclear Restoration Services,Open,1,190000.0,190000.0,100.0
ID:GB-CFS-310297,ProcurePublic,Limited,1,5000000.0,5000000.0,5.263157894736842
ID:GB-CFS-310297,ProcurePublic,Open,2,90000000.0,45000000.0,94.73684210526316
ID:GB-CFS-310319,Surrey and Borders Partnership NHS Foundation Trust,Selective,3,316090.11,88315.0,100.0
ID:GB-CFS-310321,The Corporation of Trinity House of Deptford Strond,Unknown,2,121051.0,60525.5,100.0
ID:GB-CFS-310328,Environment Agency,Selective,3,812000.0,330000.0,100.0
ID:GB-CFS-310331,Birmingham City Council,Open,1,100000.0,100000.0,13.833387991354854
ID:GB-CFS-310331,Birmingham City Council,Selective,9,622888.71,51836.0,86.16661200864515
ID:GB-CFS-310332,"Bedfordshire Police, Essex Police, Kent Police, Cambridgeshire Constabulary, Hertforshire Constabulary, Norfolk Constabulary, Suffolk Constabulary",Selective,1,761418.0,761418.0,100.0
ID:GB-CFS-310343,Kent County Council (T/a Procurement Services),Open,5,750000004.0,1.0,100.0
ID:GB-CFS-310345,Erewash Borough Council,Selective,1,40634.0,40634.0,22.52188587011888
ID:GB-CFS-310345,Erewash Borough Council,Unknown,2,139786.06,69893.03,77.47811412988112
ID:GB-CFS-310352,Cardiff County Council,Selective,1,48580.32,48580.32,100.0
ID:GB-CFS-310361,Rhondda Cynon Taf County Borough Council,Selective,1,845324.64,845324.64,100.0
ID:GB-CFS-310362,Hertfordshire Catering Ltd,Open,1,3710000.0,3710000.0,100.0
ID:GB-CFS-310376,Nuclear Restoration Services,Direct,1,60314.06,60314.06,100.0
ID:GB-CFS-310377,Foreign Commonwealth and Development Office,Selective,1,1000000.0,1000000.0,100.0
ID:GB-CFS-310384,NUCLEAR RESTOARION SERVICES,Open,1,99750.0,99750.0,100.0
ID:GB-CFS-310395,"Royal United Hospitals, Bath NHS Foundation Trust",Selective,1,108000.0,108000.0,100.0
ID:GB-CFS-310399,Department for Education,Open,1,20724114.0,20724114.0,100.0
ID:GB-CFS-310401,South Gloucestershire Council,Direct,2,178500.0,89250.0,30.031293112150475
ID:GB-CFS-310401,South Gloucestershire Council,Open,1,38480.0,38480.0,6.473972879302803
ID:GB-CFS-310401,South Gloucestershire Council,Unknown,2,377400.0,188700.0,63.49473400854672
ID:GB-CFS-310403,nuclear restoration services,Open,1,811516.58,811516.58,100.0
ID:GB-CFS-310408,Surrey and Borders Partnership NHS Foundation Trust,Direct,1,60000.0,60000.0,100.0
ID:GB-CFS-310413,United Lincolnshire Teaching Hospitals NHS Trust,Selective,3,641000.0,151000.0,100.0
ID:GB-CFS-310415,Nuclear Restoration Services,Open,1,64491.0,64491.0,100.0
ID:GB-CFS-310416,Construction Industry Training Board,Open,1,458666.0,458666.0,100.0
ID:GB-CFS-310426,National Wealth Fund Limited,Selective,2,1044250.0,522125.0,100.0
ID:GB-CFS-310428,Somerset NHS Foundation Trust,Direct,3,79916.98999999999,16527.5,27.527493309985054
ID:GB-CFS-310428,Somerset NHS Foundation Trust,Limited,1,148000.0,148000.0,50.97875945875575
ID:GB-CFS-310428,Somerset NHS Foundation Trust,Selective,1,62400.0,62400.0,21.49374723125918
ID:GB-CFS-310433,Jewish Community Academy Trust,Open,1,2350075.0,2350075.0,100.0
ID:GB-CFS-310435,Nuclear Restoration Services,Open,1,66324.0,66324.0,100.0
ID:GB-CFS-310446,Somerset NHS Foundation Trust,Direct,1,30612.0,30612.0,1.3552022147683938
ID:GB-CFS-310446,Somerset NHS Foundation Trust,Limited,2,358645.0,179322.5,15.87731929686432
ID:GB-CFS-310446,Somerset NHS Foundation Trust,Open,1,1306565.0,1306565.0,57.84201560626116
ID:GB-CFS-310446,Somerset NHS Foundation Trust,Selective,2,563029.09,281514.545,24.925462882106142
ID:GB-CFS-310451,Department for Work and Pensions,Selective,1,88200.0,88200.0,100.0
ID:GB-CFS-310472,Birmingham City Council,Open,1,3639874.0,3639874.0,98.74406226516956
ID:GB-CFS-310472,Birmingham City Council,Selective,1,46296.0,46296.0,1.255937734830461
ID:GB-CFS-310567,Durham Aged Mineworkers' Homes Association,Open,1,297973.32,297973.32,100.0
ID:GB-CFS-310569,Wiltshire Council,Selective,1,50000.0,50000.0,100.0
ID:GB-CFS-310572,United Lincolnshire teaching Hospital NHS Trust,Direct,1,130000.0,130000.0,100.0
ID:GB-CFS-310574,Central and North West London NHS Foundation Trust,Selective,1,3253333.0,3253333.0,100.0
ID:GB-CFS-310578,Offshore Renewable Energy Catapult,Selective,1,1013124.0,1013124.0,100.0
ID:GB-CFS-310580,UK Parliament,Selective,3,17152657.0,3767665.0,100.0
ID:GB-CFS-310598,United Lincolnshire Teaching Hospitals NHS Trust,Unknown,1,23780147.22,23780147.22,100.0
ID:GB-CFS-310601,United Lincolnshire Teaching Hospitals NHS Trust,Open,1,1868004.55,1868004.55,59.85450002465949
ID:GB-CFS-310601,United Lincolnshire Teaching Hospitals NHS Trust,Selective,4,1252904.57,262635.78500000003,40.14549997534052
ID:GB-CFS-310605,DfTc - Department for Transport,Selective,2,566470.0,283235.0,100.0
ID:GB-CFS-310607,University of Sunderland,Open,2,420000.0,210000.0,100.0
ID:GB-CFS-310608,United Lincolnshire Teaching Hospitals,Open,1,1241623.67,1241623.67,100.0
ID:GB-CFS-310613,United Lincolnshire Teaching Hospitals,Selective,1,62195.31,62195.31,100.0
ID:GB-CFS-310615,Rutland County Council,Open,1,219062.75,219062.75,100.0
ID:GB-CFS-310616,Discovery Educational Trust,Selective,2,10904689.6,5452344.8,100.0
ID:GB-CFS-310624,Lincolnshire Partnership NHS Foundation Trust,Selective,1,92100.0,92100.0,100.0
ID:GB-CFS-310626,Weymouth College,Open,1,7408689.73,7408689.73,100.0
ID:GB-CFS-310631,RUH - Corporate Division,Selective,1,179166.0,179166.0,100.0
ID:GB-CFS-310644,UK Parliament,Selective,1,5285031.31,5285031.31,100.0
ID:GB-CFS-310645,Northumbria Healthcare NHS Foundation Trust,Open,1,375000.0,375000.0,82.40364986201344
ID:GB-CFS-310645,Northumbria Healthcare NHS Foundation Trust,Selective,2,80076.93,40038.465,17.59635013798656
ID:GB-CFS-310647,DEFRA,Selective,3,1379081.0,250000.0,100.0
ID:GB-CFS-310656,Department for Education,Selective,1,90700000.0,90700000.0,100.0
ID:GB-CFS-310684,Department for Work and Pensions,Unknown,1,32782.0,32782.0,100.0
ID:GB-CFS-310686,Shropshire Council,Open,2,199660.0,99830.0,100.0
ID:GB-CFS-310705,NHS England,Direct,1,25000.0,25000.0,100.0
ID:GB-CFS-310715,Ministry of Defence,Open,1,3979415.19,3979415.19,100.0
ID:GB-CFS-310722,The Queen Elizabeth Hospital King's NHS Foundation Trust,Selective,1,427833.64,427833.64,100.0
ID:GB-CFS-310730,North Cumbria Integrated Care NHS FT,Selective,1,30983753.96,30983753.96,100.0
ID:GB-CFS-310732,Bolton at Home,Unknown,3,6544571.0,651515.0,100.0
ID:GB-CFS-310740,Warrington Borough Council,Open,1,13000.0,13000.0,100.0
ID:GB-CFS-310747,West Suffolk NHS Foundation Trust,Selective,1,70709.5,70709.5,100.0
ID:GB-CFS-310759,The Crescent Academy,Open,6,90000000000.0,18000000000.0,100.0
ID:GB-CFS-310764,The Princess Alexandra NHS Trust,Unknown,1,250000.0,250000.0,100.0
ID:GB-CFS-31080,Teign Housing,Selective,1,588649.71,588649.71,100.0
ID:GB-CFS-310848,NHS North of England Commissioning Support Unit (Hosted by NHS England),Open,1,150954.96,150954.96,3.332552849124156
ID:GB-CFS-310848,NHS North of England Commissioning Support Unit (Hosted by NHS England),Selective,10,4378754.45,158781.58000000002,96.66744715087584
ID:GB-CFS-310851,The Police Fire and Crime Commissioner for Essex,Selective,1,738000.0,738000.0,100.0
ID:GB-CFS-310855,West Sussex County Council,Unknown,1,3227493.36,3227493.36,100.0
ID:GB-CFS-310857,Yorkshire Housing Limited,Unknown,1,1523169.44,1523169.44,100.0
ID:GB-CFS-310860,Proactis Tenders Limited (pro),Open,1,100.0,100.0,100.0
ID:GB-CFS-310862,Proactis Tenders Limited (pro),Open,1,120.0,120.0,100.0
ID:GB-CFS-310870,The Rotherham NHS Foundation Trust,Direct,2,44950.0,22475.0,4.741344419971349
ID:GB-CFS-310870,The Rotherham NHS Foundation Trust,Limited,1,51909.0,51909.0,5.475382591686157
ID:GB-CFS-310870,The Rotherham NHS Foundation Trust,Selective,9,851184.34,47278.0,89.7832729883425
ID:GB-CFS-310871,Department for Business and Trade,Direct,2,65313.0,32656.5,16.47849265679836
ID:GB-CFS-310871,Department for Business and Trade,Selective,3,331040.0,110880.0,83.52150734320163
ID:GB-CFS-310875,Ministry of Defence,Unknown,1,10899000.0,10899000.0,100.0
ID:GB-CFS-310883,MCA - Maritime and Coastguard Agency,Direct,6,151124.36,24791.5,19.21809851125201
ID:GB-CFS-310883,MCA - Maritime and Coastguard Agency,Limited,1,9211.6,9211.6,1.1714156225128036
ID:GB-CFS-310883,MCA - Maritime and Coastguard Agency,Selective,10,626028.83,47226.95,79.6104858662352
ID:GB-CFS-310895,"DEPARTMENT OF ENVIRONMENT, FOOD AND RURAL AFFAIRS",Direct,1,95000.0,95000.0,100.0
ID:GB-CFS-310901,Ministry of Defence,Selective,2,16798758.759999998,8399379.379999999,100.0
ID:GB-CFS-310902,Ministry of Defence,Unknown,1,64779000.0,64779000.0,100.0
ID:GB-CFS-310916,Ministry of Defence,Selective,1,60500.0,60500.0,100.0
ID:GB-CFS-310924,Sanctuary Housing Association,Direct,1,100000.0,100000.0,100.0
ID:GB-CFS-310930,Homes England (the name adopted by the Homes and Communities Agency),Open,1,28581.87,28581.87,100.0
ID:GB-CFS-310936,Sanctuary Housing Group,Direct,1,300000.0,300000.0,100.0
ID:GB-CFS-310939,Homes England (the name adopted by the Homes and Communities Agency),Unknown,1,839910.0,839910.0,100.0
ID:GB-CFS-310953,Nuclear Restoration Services Limited ( Dounreay),Direct,1,49858.99,49858.99,42.49378454021621
ID:GB-CFS-310953,Nuclear Restoration Services Limited ( Dounreay),Limited,1,67473.44,67473.44,57.5062154597838
ID:GB-CFS-310973,Arcadis (UK) Limited,Selective,2,83770.56,41885.28,100.0
ID:GB-CFS-310988,Environment Agency,Direct,3,322054.85,32305.25,59.55439155384433
ID:GB-CFS-310988,Environment Agency,Selective,2,218719.46,109359.73,40.44560844615566
ID:GB-CFS-310990,University Hospitals Sussex NHS Foundation Trust,Selective,5,2241675.68,531336.68,100.0
ID:GB-CFS-310995,Nuclear Restoration Services Limited,Selective,1,952683.25,952683.25,100.0
ID:GB-CFS-311062,University Hospitals Sussex NHS Foundation Trust,Selective,1,549078.76,549078.76,100.0
ID:GB-CFS-311064,Department for Work and Pensions,Selective,1,164026.17,164026.17,100.0
ID:GB-CFS-311067,DVLA - Driver & Vehicle Licensing Agency,Selective,2,512976.7,256488.35,100.0
ID:GB-CFS-311071,NHS Blood & Transplant,Direct,1,100000.0,100000.0,1.9113937712501357
ID:GB-CFS-311071,NHS Blood & Transplant,Selective,2,2256694.0,1128347.0,43.134308552175526
ID:GB-CFS-311071,NHS Blood & Transplant,Unknown,1,2875090.34,2875090.34,54.954297676574335
ID:GB-CFS-311073,Gov Facility Services Ltd,Unknown,4,978019.88,189396.0,100.0
ID:GB-CFS-311095,Sheffield Children's NHS Foundation Trust,Selective,1,200000.0,200000.0,100.0
ID:GB-CFS-311118,United Lincs Hospital Trust,Direct,1,106000.0,106000.0,100.0
ID:GB-CFS-311127,Department for Education,Selective,1,52000.0,52000.0,100.0
ID:GB-CFS-311128,West Berkshire Council,Selective,1,38916.0,38916.0,100.0
ID:GB-CFS-311150,The Mayor and Commonalty and Citizens of the City of London,Direct,4,220421.0,44303.0,100.0
ID:GB-CFS-311166,"City Hospital, Hucknall Rd, Nottingham",Selective,1,2240438.28,2240438.28,100.0
ID:GB-CFS-311168,Ministry of Defence,Selective,1,95075.95,95075.95,100.0
ID:GB-CFS-311178,The Police and Crime Commissioner for Nottinghamshire,Selective,2,3187793.52,1593896.76,100.0
ID:GB-CFS-311184,Bishop Perowne Church of England College,Open,1,120225.0,120225.0,100.0
ID:GB-CFS-311189,United Lincolnshire Teaching Hospitals NHS Trust,Limited,2,95315.0,47657.5,15.51658414597268
ID:GB-CFS-311189,United Lincolnshire Teaching Hospitals NHS Trust,Selective,5,353963.24,42200.0,57.62262391062395
ID:GB-CFS-311189,United Lincolnshire Teaching Hospitals NHS Trust,Unknown,1,165000.0,165000.0,26.860791943403367
ID:GB-CFS-311196,The Mayor and Commonalty and Citizens of the City of London,Direct,19,1059212.6,45896.0,13.909020602712294
ID:GB-CFS-311196,The Mayor and Commonalty and Citizens of the City of London,Limited,1,335831.0,335831.0,4.40995537442575
ID:GB-CFS-311196,The Mayor and Commonalty and Citizens of the City of London,Open,3,1608717.0,600000.0,21.12482224714237
ID:GB-CFS-311196,The Mayor and Commonalty and Citizens of the City of London,Selective,12,4611531.88,159570.75,60.55620177571958
ID:GB-CFS-311225,NHS Property Services,Selective,1,1250000.0,1250000.0,100.0
ID:GB-CFS-311238,NHS Black Country Integrated Care Board,Selective,3,220416.4,57395.9,100.0
ID:GB-CFS-311241,Hull University Teaching Hospitals NHS Trust,Selective,3,15898649.6,6599760.0,100.0
ID:GB-CFS-311245,Ministry of Defence,Selective,1,1500000.0,1500000.0,100.0
ID:GB-CFS-311277,Ministry of Defence,Selective,1,741825.0,741825.0,100.0
ID:GB-CFS-311287,North of England Commercial Procurement Collaborative,Open,1,100000000.0,100000000.0,100.0
ID:GB-CFS-311300,The Mayor and Commonalty and Citizens of the City of London,Open,1,79750.0,79750.0,100.0
ID:GB-CFS-311302,Nottingham University Hospitals NHS Trust,Unknown,1,46592.0,46592.0,100.0
ID:GB-CFS-311307,Warrington & Halton Hospital,Selective,1,295656.0,295656.0,100.0
ID:GB-CFS-311311,Deputy Associate Director of Procurement,Selective,2,523973.76,261986.88,100.0
ID:GB-CFS-311316,Sellafield Ltd,Unknown,1,180000.0,180000.0,100.0
ID:GB-CFS-311321,Hertfordshire County Council - Growth and Environment,Open,1,80816.75,80816.75,0.0041417283102596
ID:GB-CFS-311321,Hertfordshire County Council - Growth and Environment,Selective,2,1951200000.0,975600000.0,99.99585827168974
ID:GB-CFS-311323,Westminster City Council,Selective,5,2355785.0,295000.0,100.0
ID:GB-CFS-311339,Royal Papworth Hospital NHS Foundation Trust,Selective,1,250083.0,250083.0,100.0
ID:GB-CFS-311356,Yorkshire Ambulance Service NHS Trust,Limited,12,920344.87,65990.18,9.595512793546916
ID:GB-CFS-311356,Yorkshire Ambulance Service NHS Trust,Open,1,455725.92,455725.92,4.75139704501307
ID:GB-CFS-311356,Yorkshire Ambulance Service NHS Trust,Selective,8,2193453.09,140142.0,22.868935192891342
ID:GB-CFS-311356,Yorkshire Ambulance Service NHS Trust,Unknown,9,6021885.04,490589.28,62.78415496854867
ID:GB-CFS-311358,NHS England,Direct,1,6100000.0,6100000.0,95.16380655226207
ID:GB-CFS-311358,NHS England,Selective,1,310000.0,310000.0,4.83619344773791
ID:GB-CFS-311363,Cannock Chase Council,Unknown,2,158158.0,79079.0,100.0
ID:GB-CFS-311377,Crescent Purchasing Consortium Consultancy Ltd,Direct,8,955232.18,89519.51,100.0
ID:GB-CFS-311382,Ministry of Defence,Limited,2,60000000.0,30000000.0,100.0
ID:GB-CFS-311387,DESNZ,Direct,1,29645.0,29645.0,100.0
ID:GB-CFS-311388,Sellafield Ltd,Selective,1,180000.0,180000.0,100.0
ID:GB-CFS-311392,Sellafield Ltd,Selective,1,180000.0,180000.0,100.0
ID:GB-CFS-311415,Ministry of Defence,Selective,1,2264296.4,2264296.4,100.0
ID:GB-CFS-311421,Homes England (the name adopted by the Homes and Communities Agency),Unknown,1,109528.0,109528.0,100.0
ID:GB-CFS-311425,Northumbria Healthcare NHS Foundation Trust,Selective,1,950059.64,950059.64,100.0
ID:GB-CFS-311455,East Sussex Healthcare NHS Trust,Selective,6,1236857.44,190717.0,100.0
ID:GB-CFS-311465,"Bedforshire Police, Hertforshire Constabulary, Cambridge Constabulary",Selective,1,117000.0,117000.0,100.0
ID:GB-CFS-311514,Derwentside College,Open,1,316022.99,316022.99,100.0
ID:GB-CFS-311519,Ministry of Justice,Direct,1,2500000.0,2500000.0,100.0
ID:GB-CFS-311534,NHS Property Services,Unknown,1,5005114.0,5005114.0,100.0
ID:GB-CFS-311546,ATTAIN HEALTH MANAGEMENT SERVICES LTD,Direct,1,200000.0,200000.0,100.0
ID:GB-CFS-311548,United Lincolnshire Teaching Hospitals NHS Trust,Selective,6,646220.1,59717.48,100.0
ID:GB-CFS-311557,Dounreay,Direct,2,96402.32,48201.16,13.785159174717826
ID:GB-CFS-311557,Dounreay,Open,1,415000.0,415000.0,59.34339606669111
ID:GB-CFS-311557,Dounreay,Selective,1,187917.28,187917.28,26.871444758591068
ID:GB-CFS-311560,nuclear restoration services ltd,Selective,1,4300000.0,4300000.0,100.0
ID:GB-CFS-311563,NHS Birmingham & Solihull Integrated Care Board,Selective,2,263612.74,131806.37,100.0
ID:GB-CFS-311573,DESNZ,Unknown,1,45000.0,45000.0,100.0
ID:GB-CFS-311577,Royal Borough of Greenwich,Unknown,1,372462.0,372462.0,100.0
ID:GB-CFS-311579,London Borough of Croydon,Unknown,5,1033899.0,131200.0,100.0
ID:GB-CFS-311586,Manchester City Council,Selective,1,2316900.28,2316900.28,82.7494512425213
ID:GB-CFS-311586,Manchester City Council,Unknown,1,482997.78,482997.78,17.250548757478697
ID:GB-CFS-311596,The Procurement Partnership Ltd,Unknown,1,130545.0,130545.0,100.0
ID:GB-CFS-311601,South Norfolk Council,Unknown,1,1440000.0,1440000.0,100.0
ID:GB-CFS-311606,defra,Direct,16,9197671.77,133155.95500000002,81.71292204947726
ID:GB-CFS-311606,defra,Selective,18,2058408.1,112924.075,18.28707795052275
ID:GB-CFS-311608,NHS Property Services,Open,1,1250000.0,1250000.0,100.0
ID:GB-CFS-311611,Princess Alexandra NHS Trust,Selective,1,781000.0,781000.0,100.0
ID:GB-CFS-311625,Department for Work and Pensions,Selective,2,7250000.0,3625000.0,100.0
ID:GB-CFS-311630,Sellafield Ltd,Selective,1,75040.37,75040.37,100.0
ID:GB-CFS-311642,Shropshire Council,Unknown,1,23600.0,23600.0,100.0
ID:GB-CFS-311644,Ministry of Defence,Selective,1,190200000.0,190200000.0,100.0
ID:GB-CFS-311655,Department for Business and Trade,Open,1,38000.0,38000.0,10.109501867597452
ID:GB-CFS-311655,Department for Business and Trade,Selective,2,337884.0,168942.0,89.89049813240256
ID:GB-CFS-311659,Ministry of Defence,Direct,1,80000.0,80000.0,100.0
ID:GB-CFS-311665,Premier Peoples Solutions Ltd t/a Premier Partnership,Selective,1,5000000.0,5000000.0,100.0
ID:GB-CFS-311667,Department for Business and Trade,Selective,1,17042.0,17042.0,100.0
ID:GB-CFS-311668,RPA,Selective,1,92455.68,92455.68,100.0
ID:GB-CFS-311670,Waythrough,Direct,7,2312001.79,300000.0,100.0
ID:GB-CFS-311671,Ministry of Defence,Selective,1,13444696.0,13444696.0,100.0
ID:GB-CFS-311680,Department for Work and Pensions,Direct,1,15000.0,15000.0,100.0
ID:GB-CFS-311682,Mid and South Essex NHS Foundation Trust,Open,1,55000.0,55000.0,100.0
ID:GB-CFS-311684,University Hospitals Sussex NHS Foundati,Selective,3,1416592.55,647305.39,100.0
ID:GB-CFS-311701,DSIT,Selective,3,2283055.13,692955.13,100.0
ID:GB-CFS-311704,United Lincolnshire Teaching Hospitals NHS Trust,Selective,1,29080.96,29080.96,100.0
ID:GB-CFS-311706,NUCLEAR RESTORATION SERVICES LTD,Selective,1,219210.0,219210.0,100.0
ID:GB-CFS-311710,NHS Salisbury Foundation Trust,Direct,1,100406.0,100406.0,100.0
ID:GB-CFS-311719,NHS Northamptonshire Integrated Care Board,Selective,4,819460.0,191330.0,100.0
ID:GB-CFS-311720,Lincolnshire Partnership NHS Foundation Trust,Selective,1,90518.8,90518.8,100.0
ID:GB-CFS-311723,NHS Mid & South Essex ICB,Selective,1,65391.3,65391.3,100.0
ID:GB-CFS-311727,ICS on behalf of DSIT and DESNZ,Selective,1,7768849.22,7768849.22,100.0
ID:GB-CFS-311728,Guy's and St Thomas' NHS Foundation TrustGuy's and St Thomas' NHS Foundation Trust - Royal Brompton Hospital,Selective,1,2112200.0,2112200.0,100.0
ID:GB-CFS-311756,"The Secretary of State for Health and Social Care as part of the Crown through the UK Health Security Agency (Also referred to as ""UKHSA"")",Selective,2,2028129.35,1014064.675,100.0
ID:GB-CFS-311766,Mid and South Essex NHS Foundation Trust,Selective,1,240000.0,240000.0,100.0
ID:GB-CFS-311773,NHS England,Direct,1,63000.0,63000.0,68.85245901639344
ID:GB-CFS-311773,NHS England,Open,1,28500.0,28500.0,31.14754098360656
ID:GB-CFS-311918,The Pensions Regulator,Selective,1,116000.0,116000.0,100.0
ID:GB-CFS-311944,Ministry of Defence,Selective,1,10000000.0,10000000.0,100.0
ID:GB-CFS-311953,Wakefield and District Housing limited,Direct,1,11571770.88,11571770.88,100.0
ID:GB-CFS-311955,Mosscare St Vincent's Housing Group Limited,Selective,11,5112689.0,402000.0,100.0
ID:GB-CFS-311957,Homes England (the name adopted by the Homes and Communities Agency),Open,1,85000.0,85000.0,100.0
ID:GB-CFS-311973,Ministry of Defence,Selective,1,365836.0,365836.0,100.0
ID:GB-CFS-311996,Nuclear Restoration Services,Open,1,178900.0,178900.0,100.0
ID:GB-CFS-312002,Somerset NHS Foundation Trust,Selective,1,948484.0,948484.0,100.0
ID:GB-CFS-312004,Nuclear Restorations Services,Selective,1,1044642.92,1044642.92,100.0
ID:GB-CFS-312017,North of England Commercial Procurement Collaborative,Selective,1,4597096.0,4597096.0,100.0
ID:GB-CFS-312036,Homes England (the name adopted by the Homes and Communities Agency),Unknown,1,18320.0,18320.0,100.0
ID:GB-CFS-312065,British Tourist Authority,Selective,1,201939.93,201939.93,100.0
ID:GB-CFS-312068,Kent Community Health NHS Foundation Trust,Selective,2,722497.94,361248.97,75.85207822006191
ID:GB-CFS-312068,Kent Community Health NHS Foundation Trust,Unknown,1,230011.15,230011.15,24.14792177993808
ID:GB-CFS-312084,Department for Education,Selective,2,427726.0,213863.0,100.0
ID:GB-CFS-312088,Kettering General Hospital NHS Foundation Trust,Unknown,1,56977.0,56977.0,100.0
ID:GB-CFS-312094,Homes England (the name adopted by the Homes and Communities Agency),Direct,1,169800.0,169800.0,100.0
ID:GB-CFS-312128,Somerset NHS Foundation Trust,Open,1,246580.0,246580.0,100.0
ID:GB-CFS-312131,Home Office,Selective,1,3637000.0,3637000.0,100.0
ID:GB-CFS-312158,Ministry of Defence,Selective,1,291600.0,291600.0,100.0
ID:GB-CFS-312166,CPS,Direct,1,928544.0,928544.0,8.732959048137108
ID:GB-CFS-312166,CPS,Limited,1,43962.0,43962.0,0.4134627391638991
ID:GB-CFS-312166,CPS,Selective,2,9660132.89,4830066.445,90.853578212699
ID:GB-CFS-312178,East Suffolk and North Essex NHS Foundation Trust,Selective,3,239753.11,71220.31,100.0
ID:GB-CFS-312183,St Joseph Catholic Multi Academy Trust,Open,1,40000.0,40000.0,100.0
ID:GB-CFS-312197,"Bedfordshire Police, Cambridge Constabulary, Hertfordshire Constabulary",Selective,1,274036.0,274036.0,100.0
ID:GB-CFS-312199,Nuclear Restoration Services,Direct,2,133435.0,66717.5,100.0
ID:GB-CFS-312204,UKHSA,Direct,1,21200.0,21200.0,22.95285937411017
ID:GB-CFS-312204,UKHSA,Open,1,71163.22,71163.22,77.04714062588984
ID:GB-CFS-312206,Northumbria Healthcare Facilities Management,Selective,2,179013.0,89506.5,100.0
ID:GB-CFS-312207,"Suffolk Constabulary, Norfolk Constabulary",Selective,1,121000.0,121000.0,100.0
ID:GB-CFS-312234,nuclear resoration services ltd,Selective,1,55740.0,55740.0,100.0
ID:GB-CFS-312237,Hertfordshire Partnership NHS Foundation Trust,Selective,1,108000.0,108000.0,100.0
ID:GB-CFS-312245,Ministry of Defence,Open,1,10234622.0,10234622.0,100.0
ID:GB-CFS-312274,Ipswich Borough Council,Unknown,2,163928.03999999998,81964.01999999999,100.0
ID:GB-CFS-312282,Lincolnshire Partnership NHS Foundation Trust,Direct,1,60730.0,60730.0,100.0
ID:GB-CFS-312286,The Mayor and Commonalty and Citizens of the City of London,Selective,2,18380000.0,9190000.0,100.0
ID:GB-CFS-312294,Northumbria Healthcare NHS Foundation Trust,Selective,15,2189538.82,69960.0,99.2209865464528
ID:GB-CFS-312294,Northumbria Healthcare NHS Foundation Trust,Unknown,1,17190.72,17190.72,0.7790134535471891
ID:GB-CFS-312305,NHS BSA,Selective,1,1100000.0,1100000.0,100.0
ID:GB-CFS-312307,Ministry of Defence,Direct,1,224577.36,224577.36,100.0
ID:GB-CFS-312318,Nuclear Restoration Services,Limited,1,198863.14,198863.14,100.0
ID:GB-CFS-312325,Nottinghamshire Police,Selective,1,1358980.09,1358980.09,100.0
ID:GB-CFS-312342,"Department for Environment, Food and Rural Affairs",Direct,1,57000.0,57000.0,36.31729850270787
ID:GB-CFS-312342,"Department for Environment, Food and Rural Affairs",Selective,1,99950.0,99950.0,63.68270149729213
ID:GB-CFS-312374,DEFRA,Selective,1,209000.0,209000.0,100.0
ID:GB-CFS-312376,ATTAIN HEALTH MANAGEMENT SERVICES LTD,Selective,2,169880.0,84940.0,100.0
ID:GB-CFS-312382,DVLA - Driver & Vehicle Licensing Agency,Selective,1,2803883.19,2803883.19,100.0
ID:GB-CFS-312413,Worcestershire Acute Hospitals NHS Trust,Selective,1,3480000.0,3480000.0,100.0
ID:GB-CFS-312439,London Borough of Harrow,Open,1,290304.0,290304.0,100.0
ID:GB-CFS-312443,Lord Williams's School,Open,1,279251.73,279251.73,100.0
ID:GB-CFS-312460,Lewisham and Greenwich NHS Trust,Selective,2,264416.52,132208.26,100.0
ID:GB-CFS-312475,DVLA - Driver & Vehicle Licensing Agency,Selective,1,114958.6,114958.6,100.0
ID:GB-CFS-312489,Ambulance Radio Programme,Selective,1,1305020.0,1305020.0,100.0
ID:GB-CFS-312520,"Essex Police, Kent Police, Bedfordshire Police, Cambridgeshire Constabulary, Hertfordshire Constabulary, Norfolk Constabulary, Suffolk Constabulary",Selective,1,279792.0,279792.0,100.0
ID:GB-CFS-312523,"Essex Police, Kent Police, Bedfordshire Constabulary, Cambridgeshire Constabulary, Hertfordshire Constabulary, Norfolk Constabulary, Suffolk Constabulary",Selective,1,45435.0,45435.0,100.0
ID:GB-CFS-312525,"Kent Police, Essex Police",Open,1,621920.0,621920.0,100.0
ID:GB-CFS-312532,Ministry of Defence,Selective,1,19227.0,19227.0,100.0
ID:GB-CFS-312546,Dorset HealthCare University NHS Foundation Trust,Selective,2,284885.8,142442.9,100.0
ID:GB-CFS-312550,Askham Bryan College,Open,1,227117.45,227117.45,100.0
ID:GB-CFS-312556,Sellafield Ltd,Unknown,1,48720.0,48720.0,100.0
ID:GB-CFS-312563,"Department for Environment, Food & Rural Affairs",Direct,1,17060.0,17060.0,100.0
ID:GB-CFS-312570,Nuclear Restoration Services Limited (Dounreay),Selective,2,841965.96,420982.98,100.0
ID:GB-CFS-312578,British Business Investments Ltd,Unknown,10,453400.0,33750.0,100.0
ID:GB-CFS-312590,Sellafield,Unknown,1,29999.29,29999.29,100.0
ID:GB-CFS-312605,Kent Community Health NHS Foundation Trust,Selective,2,323240.0,161620.0,100.0
ID:GB-CFS-312622,Department for Business and Trade,Direct,1,48904.75,48904.75,100.0
ID:GB-CFS-312636,East Sussex Healthcare NHS Trust,Selective,1,260000.0,260000.0,100.0
ID:GB-CFS-312637,UK Parliament,Open,1,131218.2,131218.2,100.0
ID:GB-CFS-312640,"Scarborough, Hull, York Pathology Services",Direct,1,19987.97,19987.97,100.0
ID:GB-CFS-312647,The Mayor and Commonalty and Citizens of the City of London,Unknown,16,821964.04,50000.0,100.0
ID:GB-CFS-312651,British Business Bank PLC,Unknown,18,2963027.5,75000.0,100.0
ID:GB-CFS-312652,British Patient Capital Limited,Unknown,11,461000.0,40000.0,100.0
ID:GB-CFS-312672,UK Health Security Agenc,Selective,2,56646.29,28323.145,100.0
ID:GB-CFS-312675,Nuclear Restoration Services Limited,Direct,1,36205.0,36205.0,100.0
ID:GB-CFS-312678,Department of Health and Social Care (DHSC),Selective,1,201600.0,201600.0,100.0
ID:GB-CFS-312681,Educo,Open,5,2334042.4,562510.2,34.79407963163524
ID:GB-CFS-312681,Educo,Selective,8,4374117.22,557416.5,65.20592036836477
ID:GB-CFS-312711,ICS on behalf of DSIT and DESNZ,Selective,1,30000.0,30000.0,100.0
ID:GB-CFS-312732,defra,Direct,3,52917.27,12484.27,8.803817713306655
ID:GB-CFS-312732,defra,Selective,6,548154.58,95909.4,91.19618228669334
ID:GB-CFS-312745,CEFA,Direct,1,89476.58,89476.58,100.0
ID:GB-CFS-312760,Leeds Teaching Hospital,Selective,1,54845.96,54845.96,100.0
ID:GB-CFS-312776,Financial Conduct Authority,Selective,1,163200.0,163200.0,100.0
ID:GB-CFS-312781,Islington,Open,1,206000.0,206000.0,100.0
ID:GB-CFS-312785,Amplius,Direct,1,238294.56,238294.56,86.87542326759961
ID:GB-CFS-312785,Amplius,Unknown,1,36000.0,36000.0,13.12457673240038
ID:GB-CFS-312790,7 Force Commercial Services,Selective,1,131840.0,131840.0,100.0
ID:GB-CFS-312793,UK Atomic Energy Authority,Direct,1,1600000.0,1600000.0,67.45362563237775
ID:GB-CFS-312793,UK Atomic Energy Authority,Unknown,2,772000.0,386000.0,32.54637436762226
ID:GB-CFS-312841,Barnsley hospital NHS Foundation Trust,Unknown,1,97343.36,97343.36,100.0
ID:GB-CFS-312842,Yorkshire Ambulance Service NHS Trust,Selective,1,5400000.0,5400000.0,100.0
ID:GB-CFS-312857,Health Innovation North East and North Cumbria,Selective,1,0.0,0.0,
ID:GB-CFS-312862,Ministry of Defence,Selective,1,34885.0,34885.0,34.41862759607321
ID:GB-CFS-312862,Ministry of Defence,Unknown,1,66470.0,66470.0,65.58137240392679
ID:GB-CFS-312865,United Lincolnshire Teaching Hospitals NHS Trust (ULTH),Limited,1,60000.0,60000.0,100.0
ID:GB-CFS-312872,BlueLight Commercial,Selective,1,184000000.0,184000000.0,100.0
ID:GB-CFS-312878,United Lincolnshire Teaching Hospitals NHS Trust,Selective,1,26800.0,26800.0,15.895610913404507
ID:GB-CFS-312878,United Lincolnshire Teaching Hospitals NHS Trust,Unknown,1,141800.0,141800.0,84.10438908659549
ID:GB-CFS-312884,DVSA - Driver and Vehicle Standards Agency,Selective,1,1012698.14,1012698.14,100.0
ID:GB-CFS-312891,DHSC,Selective,1,139430.0,139430.0,100.0
ID:GB-CFS-312894,Kettering General Hospital NHS Foundation Trust,Selective,1,64878.46,64878.46,100.0
ID:GB-CFS-312900,Home Office,Selective,1,3772157.08,3772157.08,100.0
ID:GB-CFS-312904,Department for Business and Trade,Selective,4,10093803.6,1597650.0,100.0
ID:GB-CFS-312911,Kent Community Health NHS Foundation Trust,Selective,4,525940.83,63890.415,100.0
ID:GB-CFS-312922,Barnsley Hospital NHSFT,Selective,5,26092457.0,94500.0,100.0
ID:GB-CFS-312931,Homes England (the name adopted by the Homes and Communities Agency),Unknown,1,2616610.55,2616610.55,100.0
ID:GB-CFS-312938,North East Derbyshire District Council,Unknown,2,198574.0,99287.0,100.0
ID:GB-CFS-312939,Ministry of Defence,Unknown,2,120941.0,60470.5,100.0
ID:GB-CFS-312941,UK Research & Innovation,Unknown,3,139372.36,49973.0,100.0
ID:GB-CFS-312951,ATTAIN HEALTH MANAGEMENT SERVICES LTD,Selective,4,1519583.06,194136.0,100.0
ID:GB-CFS-312957,UK Atomic Energy Authority,Open,4,1157419.0,263209.5,100.0
ID:GB-CFS-312966,The King's Trust,Open,1,3920.0,3920.0,100.0
ID:GB-CFS-313024,South Kesteven District Council,Open,1,625000.0,625000.0,100.0
ID:GB-CFS-313046,Ministry of Justice,Selective,2,3941941.0,1970970.5,100.0
ID:GB-CFS-313077,NHS Hertfordshire and West Essex Integrated Care Board,Open,1,390833.0,390833.0,100.0
ID:GB-CFS-313100,Ministry of Defence,Direct,1,31490.0,31490.0,100.0
ID:GB-CFS-313102,NHS Business Services Authority,Unknown,1,395261.0,395261.0,100.0
ID:GB-CFS-313113,Torus62 Limitd,Unknown,1,111977.0,111977.0,100.0
ID:GB-CFS-313115,Stockton Borough Council,Open,1,118660.0,118660.0,100.0
ID:GB-CFS-313116,"Department for Environment, Food and Rural Affairs",Selective,1,875000.0,875000.0,100.0
ID:GB-CFS-313119,Lincolnshire Partnership Foundation Trust,Open,1,800000.0,800000.0,100.0
ID:GB-CFS-313122,NHS England,Direct,1,57000.0,57000.0,1.1539236465930682
ID:GB-CFS-313122,NHS England,Selective,4,4882668.25,1124897.66,98.84607635340691
ID:GB-CFS-313127,"Department for Environment, Food & Rural Affairs",Direct,1,1893475.0,1893475.0,100.0
ID:GB-CFS-313128,Bradford District Care NHS Foundation Trust,Selective,1,870271.18,870271.18,100.0
ID:GB-CFS-313132,Lincolnshire Community Health Services NHS Trust,Selective,1,7188704.0,7188704.0,100.0
ID:GB-CFS-313189,Nuclear Restoration Services (Dounreay),Selective,1,27923.7,27923.7,100.0
ID:GB-CFS-313196,Department for Work and Pensions,Limited,1,923111.0,923111.0,100.0
ID:GB-CFS-313198,Midlothian Council,Unknown,2,425375.0,212687.5,100.0
ID:GB-CFS-313200,Babergh District Council,Unknown,2,2062813.0,1031406.5,100.0
ID:GB-CFS-313201,Ministry of Defence,Unknown,1,96373.8,96373.8,100.0
ID:GB-CFS-313208,VIVID Housing Limited,Selective,1,260000.0,260000.0,100.0
ID:GB-CFS-313219,Home Office,Selective,1,89159.5,89159.5,100.0
ID:GB-CFS-313223,nuclear restoration services,Direct,1,42790.0,42790.0,100.0
ID:GB-CFS-313236,Home Office,Selective,1,42424.25,42424.25,100.0
ID:GB-CFS-313238,Somerset NHS Foundation Trust,Selective,2,30357.05,15178.525,25.349074222137418
ID:GB-CFS-313238,Somerset NHS Foundation Trust,Unknown,1,89399.0,89399.0,74.65092577786258
ID:GB-CFS-313250,Sellafield Limited,Selective,1,80929.3,80929.3,100.0
ID:GB-CFS-313260,Department for Business and Trade,Open,2,600000.0,300000.0,100.0
ID:GB-CFS-313275,Home Office,Direct,1,27000.0,27000.0,100.0
ID:GB-CFS-313300,Foreign Commonwealth and Development Office,Open,1,664653.21,664653.21,100.0
ID:GB-CFS-313309,Westminster City Council,Selective,2,178000.0,89000.0,100.0
ID:GB-CFS-313320,Ministry of Defence,Selective,1,48600.0,48600.0,100.0
ID:GB-CFS-313321,Financial Ombudsman Service,Direct,1,110000.0,110000.0,100.0
ID:GB-CFS-313326,Sellafield Ltd,Unknown,1,180000.0,180000.0,100.0
ID:GB-CFS-313330,UK Atomic Energy Authority,Direct,1,816249.99,816249.99,3.870652517122587
ID:GB-CFS-313330,UK Atomic Energy Authority,Open,8,4012625.36,99976.0,19.027845194771672
ID:GB-CFS-313330,UK Atomic Energy Authority,Selective,12,11178400.0,123550.0,53.00790520977908
ID:GB-CFS-313330,UK Atomic Energy Authority,Unknown,12,5080900.0,200950.0,24.09359707832665
ID:GB-CFS-313348,Homes England (the name adopted by the Homes and Communities Agency),Unknown,1,41006.88,41006.88,100.0
ID:GB-CFS-313356,The Police and Crime Commissioner for Hertfordshire,Selective,1,97023.0,97023.0,100.0
ID:GB-CFS-313385,Environment Agency,Selective,2,803487.3,401743.65,100.0
ID:GB-CFS-313388,Homes England (the name adopted by the Homes and Communities Agency),Open,1,30820.0,30820.0,100.0
ID:GB-CFS-313389,Northumbria Healthcare NHS Foundation Trust,Selective,1,330000.0,330000.0,100.0
ID:GB-CFS-313421,Ministry of Defence,Selective,1,114300.37,114300.37,100.0
ID:GB-CFS-313511,Ministry of Defence,Direct,1,1110000.0,1110000.0,100.0
ID:GB-CFS-313515,DSIT,Selective,1,37497.5,37497.5,100.0
ID:GB-CFS-313534,Leicester City Council,Unknown,1,160000.0,160000.0,100.0
ID:GB-CFS-313544,University Hospitals Birmingham NHS Foundation Trust,Selective,1,164110.61,164110.61,100.0
ID:GB-CFS-313559,Ministry of Defence,Selective,1,596006.99,596006.99,100.0
ID:GB-CFS-313574,Foreign Commonwealth and Development Office,Selective,1,67080000.0,67080000.0,100.0
ID:GB-CFS-313599,Home Office,Selective,1,54200000.0,54200000.0,92.24275843289423
ID:GB-CFS-313599,Home Office,Unknown,2,4558000.0,2279000.0,7.757241567105757
ID:GB-CFS-313600,NOTTINGHAMSHIRE POLICE,Limited,1,18000.0,18000.0,100.0
ID:GB-CFS-313603,Nuclear Restoration Services Limited (Dounreay),Open,2,838986.0,419493.0,100.0
ID:GB-CFS-313618,NHS Mid & South Essex Integrated Care Board,Selective,2,202136.0,101068.0,100.0
ID:GB-CFS-313650,Computacenter (UK) Limited,Selective,1,11741794.43,11741794.43,100.0
ID:GB-CFS-313654,UKHSA Da,Selective,1,17787.0,17787.0,100.0
ID:GB-CFS-313660,The Police and Crime Commissioner for Kent,Selective,1,373000.0,373000.0,100.0
ID:GB-CFS-313678,Transpennine Trains Limited,Selective,1,2500000.0,2500000.0,100.0
ID:GB-CFS-313682,Lincolnshire Partnership Foundation NHS Trust,Selective,1,49480.8,49480.8,100.0
ID:GB-CFS-313684,Department for Education,Selective,2,32329194.0,16164597.0,100.0
ID:GB-CFS-313688,DN Colleges Group,Open,4,183149.81,47530.98,100.0
ID:GB-CFS-313696,The Pensions Regulator,Selective,2,137317.02,68658.51,100.0
ID:GB-CFS-313698,DEFRA,Selective,1,2980000.0,2980000.0,100.0
ID:GB-CFS-313701,Ministry of Defence,Limited,1,3692753.38,3692753.38,100.0
ID:GB-CFS-313711,Ministry of Defence,Selective,1,600000.0,600000.0,100.0
ID:GB-CFS-313728,ICS on behalf of DSIT and DESNZ,Selective,1,85000.0,85000.0,100.0
ID:GB-CFS-313748,Pool Re Services Limited,Selective,2,747600.0,373800.0,100.0
ID:GB-CFS-313768,Luminate Education Group,Open,2,176334.6,88167.3,16.328165546185993
ID:GB-CFS-313768,Luminate Education Group,Selective,2,243606.68,121803.34,22.55740052829539
ID:GB-CFS-313768,Luminate Education Group,Unknown,1,660000.0,660000.0,61.11443392551862
ID:GB-CFS-313772,Department for Work and Pensions,Direct,1,21000.0,21000.0,100.0
ID:GB-CFS-313776,Department for Work and Pensions,Selective,2,789030.0,394515.0,100.0
ID:GB-CFS-313777,DESNZ,Selective,1,331925.0,331925.0,100.0
ID:GB-CFS-313779,Sheffield Teaching Hospitals NHS Foundation Trust,Unknown,1,78993.53,78993.53,100.0
ID:GB-CFS-313785,NOTTINGHAMSHIRE POLICE,Direct,2,172713.48,86356.74,3.3429660727949324
ID:GB-CFS-313785,NOTTINGHAMSHIRE POLICE,Limited,2,94905.96,47452.98,1.836957974479079
ID:GB-CFS-313785,NOTTINGHAMSHIRE POLICE,Selective,12,4898854.77,103820.88,94.820075952726
ID:GB-CFS-313803,Sellafield Limited,Selective,1,419611.18,419611.18,100.0
ID:GB-CFS-313804,Lincolnshire Community Health Services NHS Trust,Selective,3,503900.0,107000.0,100.0
ID:GB-CFS-313812,United Lincolnshire Teaching Hospitals NHS Trust,Open,1,750000.0,750000.0,61.02442185157616
ID:GB-CFS-313812,United Lincolnshire Teaching Hospitals NHS Trust,Selective,6,479016.15,79508.075,38.97557814842384
ID:GB-CFS-313814,United Lincolnshire Teaching Hospitals NHS Trust,Selective,2,7291660.85,3645830.425,100.0
ID:GB-CFS-313821,The Queen Elizabeth Hospital King's Lynn NHS Foundation Trust,Unknown,1,49770.0,49770.0,100.0
ID:GB-CFS-313824,The Queen Elizabeth Hospital King's Lynn NHS Foundation Trust,Unknown,1,43000.0,43000.0,100.0
ID:GB-CFS-313826,NHS England,Selective,1,14250000.0,14250000.0,100.0
ID:GB-CFS-313829,Imperial College Healthcare NHS Trust,Selective,1,328101.84,328101.84,3.680932815708304
ID:GB-CFS-313829,Imperial College Healthcare NHS Trust,Unknown,1,8585449.6,8585449.6,96.3190671842917
ID:GB-CFS-313832,"Cumbria, Northumberland, Tyne and Wear NHS Foundation Trust",Selective,2,173588.0,86794.0,70.89188648346219
ID:GB-CFS-313832,"Cumbria, Northumberland, Tyne and Wear NHS Foundation Trust",Unknown,1,71275.0,71275.0,29.10811351653782
ID:GB-CFS-313850,British Business Financial Services Limited,Unknown,4,258226.28,41613.14,100.0
ID:GB-CFS-313857,North East Lincolnshire Borough Council,Open,4,598110.0,138857.5,0.5945539135874421
ID:GB-CFS-313857,North East Lincolnshire Borough Council,Selective,1,100000000.0,100000000.0,99.40544608641255
ID:GB-CFS-313861,East Sussex Healthcare NHS Trust,Selective,3,513872.6,87455.0,100.0
ID:GB-CFS-313863,University of Bristol,Selective,1,124176.0,124176.0,100.0
ID:GB-CFS-313869,NHS England,Direct,1,75000.0,75000.0,100.0
ID:GB-CFS-313880,Sheffield Children's NHS Foundation Trust,Limited,1,37400.0,37400.0,100.0
ID:GB-CFS-313882,Aim High Academy Trust,Open,2,131941.92,65970.96,100.0
ID:GB-CFS-313891,UK Atomic Energy Authority,Open,4,1499971.44,189383.5,13.157677173970184
ID:GB-CFS-313891,UK Atomic Energy Authority,Selective,1,9900000.0,9900000.0,86.84232282602981
ID:GB-CFS-313906,Ministry of Defence,Selective,1,99197.05,99197.05,100.0
ID:GB-CFS-313910,DESNZ,Unknown,1,32918.0,32918.0,100.0
ID:GB-CFS-313923,North London NHS Foundation Trust,Selective,1,506728.0,506728.0,100.0
ID:GB-CFS-313929,Lancaster City Council,Selective,1,35639.75,35639.75,100.0
ID:GB-CFS-313931,Rural Payments Agency,Selective,1,360000.0,360000.0,100.0
ID:GB-CFS-313935,Guy's and St Thomas' NHS Foundation Trust,Selective,1,601606.0,601606.0,100.0
ID:GB-CFS-313950,Cheshire Constabulary on behalf of the Police and Crime Commissioner for Cheshire,Direct,1,13000.0,13000.0,24.52830188679245
ID:GB-CFS-313950,Cheshire Constabulary on behalf of the Police and Crime Commissioner for Cheshire,Unknown,1,40000.0,40000.0,75.47169811320755
ID:GB-CFS-313952,Sussex and Partnership NHS Foundation Trust,Limited,1,27619.44,27619.44,100.0
ID:GB-CFS-313956,Ministry of Defence,Open,1,975271.0,975271.0,100.0
ID:GB-CFS-313959,Ministry of Defence,Unknown,1,91210.21,91210.21,100.0
ID:GB-CFS-313965,Bristol City Council,Unknown,1,475000.0,475000.0,100.0
ID:GB-CFS-313966,Ministry of Defence,Unknown,2,770869.4299999999,385434.715,100.0
ID:GB-CFS-313977,Princess Alexandra Hospital NHS Trust,Selective,1,190000.0,190000.0,100.0
ID:GB-CFS-313982,United Lincolnshire Teaching Hospitals NHS Trust,Selective,1,30402.0,30402.0,100.0
ID:GB-CFS-313983,Bilfinger UK Ltd,Direct,1,23630.35,23630.35,100.0
ID:GB-CFS-313991,Ministry of Defence,Selective,1,28198.0,28198.0,100.0
ID:GB-CFS-313995,Lincolnshire Community Health Services NHS Trust,Selective,1,86532.0,86532.0,100.0
ID:GB-CFS-314008,Northumbria Healthcare NHS Foundation Trust,Selective,1,35663.76,35663.76,100.0
ID:GB-CFS-314026,NHS England,Selective,1,624549.0,624549.0,100.0
ID:GB-CFS-314044,East and North Hertfordshire NHS Trust,Selective,1,57000.0,57000.0,100.0
ID:GB-CFS-314055,Ministry of Defence,Unknown,1,5910000.0,5910000.0,100.0
ID:GB-CFS-314067,Department for Work and Pensions,Selective,1,15627926.0,15627926.0,100.0
ID:GB-CFS-314076,Ministry of Defence,Unknown,1,109000.0,109000.0,100.0
ID:GB-CFS-314089,Ministry of Defence,Selective,1,6449868.0,6449868.0,100.0
ID:GB-CFS-314112,Visit Britain,Open,1,561751.1,561751.1,100.0
ID:GB-CFS-314175,Manchester University NHS Foundation Trust,Unknown,1,282504.63,282504.63,100.0
ID:GB-CFS-314180,NHS England,Open,1,37000.0,37000.0,0.0120506649035783
ID:GB-CFS-314180,NHS England,Selective,1,307000000.0,307000000.0,99.98794933509645
ID:GB-CFS-314187,Mid South Essex NHS Foundation Trust,Open,1,1124806.35,1124806.35,100.0
ID:GB-CFS-314193,Care Quality Commission,Selective,1,2261782.12,2261782.12,100.0
ID:GB-CFS-314195,Flagship Housing Limited,Open,1,407120.0,407120.0,3.584924506959905
ID:GB-CFS-314195,Flagship Housing Limited,Selective,3,1387847.61,650250.0,12.220792171877411
ID:GB-CFS-314195,Flagship Housing Limited,Unknown,9,9561477.95,735000.0,84.19428332116269
ID:GB-CFS-314201,"Department for Environment, Food & Rural Affairs",Selective,1,1500000.0,1500000.0,100.0
ID:GB-CFS-314209,The Police and Crime Commissioner for Kent,Selective,1,0.0,0.0,
ID:GB-CFS-314217,Sellafield Ltd,Selective,2,75907.41,37953.705,100.0
ID:GB-CFS-314227,Ministry of Defence,Open,1,1892300.0,1892300.0,100.0
ID:GB-CFS-314237,London Ambulance Service NHS Trust,Selective,1,78971.88,78971.88,100.0
ID:GB-CFS-314244,DSIT,Selective,1,4083333.0,4083333.0,100.0
ID:GB-CFS-314249,Islington,Open,1,444940.99,444940.99,100.0
ID:GB-CFS-314253,Ministry of Defence,Selective,1,169814.06,169814.06,100.0
ID:GB-CFS-314255,Department for Work and Pensions,Selective,1,374250.0,374250.0,100.0
ID:GB-CFS-314266,NHSBT,Selective,1,823913.0,823913.0,100.0
ID:GB-CFS-314268,New Collaborative Learning Trust (NCLT),Open,1,5390088.0,5390088.0,100.0
ID:GB-CFS-314271,7 Force Commercial Services,Direct,2,318000.0,159000.0,14.22385393980626
ID:GB-CFS-314271,7 Force Commercial Services,Open,1,872927.0,872927.0,39.04523945947566
ID:GB-CFS-314271,7 Force Commercial Services,Selective,11,1044754.0,89000.0,46.73090660071808
ID:GB-CFS-314336,Somerset NHS Foundation Trust,Direct,5,265460.0,45450.0,100.0
ID:GB-CFS-314351,The Pensions Regulator,Direct,1,93040.0,93040.0,100.0
ID:GB-CFS-314362,The Pensions Regulator,Direct,1,230659.0,230659.0,100.0
ID:GB-CFS-314370,Sheffield Teaching Hospitals NHS Foundation Trust,Direct,1,92784.32,92784.32,100.0
ID:GB-CFS-314374,Nuclear Waste Services,Selective,2,3400000.0,1700000.0,100.0
ID:GB-CFS-314378,Nottinghamshire County Council,Selective,1,156832.0,156832.0,100.0
ID:GB-CFS-314380,Hull University Teaching Hospitals NHS Foundation Trust,Selective,1,90402.0,90402.0,100.0
ID:GB-CFS-314383,Ministry of Defence,Direct,1,41700.0,41700.0,100.0
ID:GB-CFS-314404,Sheffield Teaching Hospitals NHS Foundation Trust,Direct,6,910038.0,105752.5,77.4409473610759
ID:GB-CFS-314404,Sheffield Teaching Hospitals NHS Foundation Trust,Selective,2,265100.0,132550.0,22.55905263892411
ID:GB-CFS-314441,DVLA - Driver & Vehicle Licensing Agency,Selective,5,550399.93,101301.76,100.0
ID:GB-CFS-314446,The Police and Crime Commissioner for Nottinghamshire,Selective,1,41946.0,41946.0,100.0
ID:GB-CFS-314449,sellafield Ltd,Unknown,1,170000.0,170000.0,100.0
ID:GB-CFS-314451,Environment Agency,Open,1,300000.0,300000.0,100.0
ID:GB-CFS-314452,Northumbria Healthcare Facilities Management,Selective,1,453608.0,453608.0,100.0
ID:GB-CFS-314458,Ministry of Defence,Open,1,1.0,1.0,50.0
ID:GB-CFS-314458,Ministry of Defence,Unknown,1,1.0,1.0,50.0
ID:GB-CFS-314461,East Sussex Healthcare NHS Trust,Selective,3,899036.0,258232.0,100.0
ID:GB-CFS-314466,Nuclear Restorartion Services,Open,1,1387687.15,1387687.15,100.0
ID:GB-CFS-314486,LINCOLNSHIRE PARTNERSHIP NHS FOUNDATION TRUST,Unknown,2,106167.82,53083.91,100.0
ID:GB-CFS-314491,Financial Conduct Authority,Selective,4,807258.0,201654.0,100.0
ID:GB-CFS-314498,Leicester City Council and Leicestershire County Council,Open,1,544000.0,544000.0,100.0
ID:GB-CFS-314503,Nuclear Restoration Services,Direct,1,557487.0,557487.0,100.0
ID:GB-CFS-314507,SUSSEX PARTNERSHIP NHS FOUNDATION TRUST,Selective,1,178168.0,178168.0,100.0
ID:GB-CFS-314521,NHS Hertfordshire and West Essex ICB,Selective,1,70000.0,70000.0,100.0
ID:GB-CFS-314531,"The Police, Fire and Crime Commissioner for Essex",Limited,2,925161.12,462580.56000000006,100.0
ID:GB-CFS-314537,Home Office,Selective,2,64451422.16,32225711.08,100.0
ID:GB-CFS-314546,Nottinghamshire County Council,Open,1,299936.0,299936.0,100.0
ID:GB-CFS-314548,NRS,Limited,1,54059.0,54059.0,100.0
ID:GB-CFS-314550,NRS,Selective,1,355773.84,355773.84,100.0
ID:GB-CFS-314556,Department for Work and Pensions,Selective,1,1495000.0,1495000.0,100.0
ID:GB-CFS-314558,Sellafield ltd,Selective,1,137500.0,137500.0,100.0
ID:GB-CFS-314573,DVLA - Driver & Vehicle Licensing Agency,Direct,1,24588.0,24588.0,100.0
ID:GB-CFS-314593,Surrey and Borders Partnership NHS Foundation Trust,Selective,2,12413170.15,6206585.075,100.0
ID:GB-CFS-314611,Oxleas NHS Foundation Trust,Selective,1,571596.0,571596.0,100.0
ID:GB-CFS-314616,Ministry of Defence,Selective,1,1083683.0,1083683.0,100.0
ID:GB-CFS-314622,County Durham and Darlington NHS Foundation Trust,Limited,1,26620.0,26620.0,100.0
ID:GB-CFS-314631,London & Continental Railways Ltd,Unknown,1,35000.0,35000.0,100.0
ID:GB-CFS-314639,Ministry of Defence,Selective,1,1948480.0,1948480.0,100.0
ID:GB-CFS-314643,United Lincolnshire Teaching Hospitals NHS Trust,Selective,3,1122628.12,192628.12,100.0
ID:GB-CFS-314670,Home Office,Direct,1,266760.0,266760.0,0.4492500146895458
ID:GB-CFS-314670,Home Office,Selective,8,59112203.0,910000.0,99.55074998531045
ID:GB-CFS-314671,Rural Payment Agency,Selective,1,135975.0,135975.0,100.0
ID:GB-CFS-314673,London Borough of Enfield,Open,1,328430.0,328430.0,100.0
ID:GB-CFS-314726,Yorkshire Ambulance Service NHS Trust,Selective,1,148561.0,148561.0,100.0
ID:GB-CFS-314729,Yorkshire Ambulance Service NHS Trust,Selective,2,253534.7,126767.35,100.0
ID:GB-CFS-314732,Wales & West Housing Group,Selective,1,15650.0,15650.0,100.0
ID:GB-CFS-314735,Nuclear Restoration Services (Dounreay),Selective,1,78054.76,78054.76,100.0
ID:GB-CFS-314737,Nottingham University Hospitals NHS Trust,Unknown,1,748488.12,748488.12,100.0
ID:GB-CFS-314741,Yorkshire Ambulance Service NHS Trust,Selective,1,1600177.05,1600177.05,100.0
ID:GB-CFS-314750,The Christie NHS Foundation Trust,Selective,3,228813.73,38632.0,100.0
ID:GB-CFS-314753,Homes England (the name adopted by the Homes and Communities Agency),Unknown,1,16800.0,16800.0,100.0
ID:GB-CFS-314756,NHS Nottingham & Nottinghamshire Integrated Care Board,Selective,1,682060.0,682060.0,100.0
ID:GB-CFS-314757,Department for Work and Pensions,Selective,2,3367903.35,1683951.675,100.0
ID:GB-CFS-314760,NHS Blood & Transplant,Selective,1,108600.0,108600.0,100.0
ID:GB-CFS-314763,NHS Derby and Derbyshire Integrated Care Board,Selective,1,640040.0,640040.0,100.0
ID:GB-CFS-314764,South Western Ambulance Service NHS,Selective,1,18757.62,18757.62,100.0
ID:GB-CFS-314767,NHS Lincolnshire Integrated Care Board,Selective,1,238860.0,238860.0,100.0
ID:GB-CFS-314810,NHS Blood & Transplant,Selective,1,277590.0,277590.0,100.0
ID:GB-CFS-314813,Telford and Wrekin Council,Selective,1,334450.0,334450.0,100.0
ID:GB-CFS-314836,Sellafield Ltd,Selective,1,2368000.0,2368000.0,100.0
ID:GB-CFS-314846,"Department for Environment, Food and Rural Affairs",Selective,3,10125000.0,3375000.0,100.0
ID:GB-CFS-314884,DHSC,Open,1,114968.5,114968.5,100.0
ID:GB-CFS-314884,DHSC,Selective,1,0.0,0.0,0.0
ID:GB-CFS-314890,ICS on behalf of DSIT and DESNZ,Selective,1,12051.27,12051.27,100.0
ID:GB-CFS-314947,VisitBritain,Selective,1,260000.0,260000.0,100.0
ID:GB-CFS-314978,NHS CNWL,Selective,1,771954.02,771954.02,100.0
ID:GB-CFS-314991,West Sussex County Council,Open,1,325000.0,325000.0,100.0
ID:GB-CFS-315014,Northumbria Healthcare Facilities Management,Selective,4,215399.44,51423.44,100.0
ID:GB-CFS-315016,Northumbria Healthcare NHS Foundation Trust,Limited,2,75750.06,37875.03,39.58129450638716
ID:GB-CFS-315016,Northumbria Healthcare NHS Foundation Trust,Selective,2,115628.37,57814.185,60.41870549361283
ID:GB-CFS-315031,Northumbria Healthcare Facilities Management,Selective,1,32636.56,32636.56,100.0
ID:GB-CFS-315032,Division,Selective,1,2000000.0,2000000.0,100.0
ID:GB-CFS-315033,Sussex Community NHS Foundation Trust,Unknown,1,20000.0,20000.0,100.0
ID:GB-CFS-315034,Ministry of Defence,Selective,1,495000.0,495000.0,100.0
ID:GB-CFS-315039,Millbrook Primary School and Nursery,Open,1,432527.0,432527.0,100.0
ID:GB-CFS-315052,Nuclear Restoration Services Ltd,Selective,1,53600.0,53600.0,100.0
ID:GB-CFS-315062,Guy's and St Thomas' Nhs Foundation Trust,Selective,1,177600.0,177600.0,100.0
ID:GB-CFS-315066,Ministry of Defence,Open,1,550960.0,550960.0,100.0
ID:GB-CFS-315070,NUCLEAR RESTORATION SERVICES,Open,2,188307.1,94153.55,100.0
ID:GB-CFS-315080,nuclear restoration services,Open,1,108109.0,108109.0,100.0
ID:GB-CFS-315083,Nuclear Restoration Services,Open,3,148353.0,52002.0,100.0
ID:GB-CFS-315086,Nuclear restoarion Services,Open,1,68532.0,68532.0,100.0
ID:GB-CFS-315090,Ministry of Defence,Selective,1,4877129.5,4877129.5,100.0
ID:GB-CFS-315100,Royal Holloway and Bedford New College,Unknown,35,18281163.0,115000.0,100.0
ID:GB-CFS-315107,nuclear restoration services,Open,1,184167.43,184167.43,100.0
ID:GB-CFS-315109,Thomas Mills High School,Selective,1,1371687.8,1371687.8,100.0
ID:GB-CFS-315115,Nucclear Restoration Services,Open,1,108550.0,108550.0,100.0
ID:GB-CFS-315117,Mission CX Ltd,Open,1,255520.8,255520.8,100.0
ID:GB-CFS-315119,nuclear restoration services,Open,1,79924.0,79924.0,100.0
ID:GB-CFS-315120,Worcestershire Acute Hospital NHS Trust,Selective,1,358272.0,358272.0,100.0
ID:GB-CFS-315130,Ministry of Defence,Selective,1,1119567.8,1119567.8,100.0
ID:GB-CFS-315134,ICS on behalf of DSIT and DESNZ,Direct,1,65569.0,65569.0,0.0981024720003001
ID:GB-CFS-315134,ICS on behalf of DSIT and DESNZ,Selective,4,66771686.64,869000.0,99.9018975279997
ID:GB-CFS-315135,DfTc - Department for Transport,Direct,1,140000.0,140000.0,31.818181818181817
ID:GB-CFS-315135,DfTc - Department for Transport,Open,1,300000.0,300000.0,68.18181818181817
ID:GB-CFS-315137,Hull University Teaching Hospitals NHS Foundation Trust,Direct,2,50600.0,25300.0,55.36105032822757
ID:GB-CFS-315137,Hull University Teaching Hospitals NHS Foundation Trust,Selective,1,40800.0,40800.0,44.63894967177243
ID:GB-CFS-315140,Hull University Teaching Hospitals NHS Foundation Trust,Direct,1,12495.0,12495.0,17.857474628666
ID:GB-CFS-315140,Hull University Teaching Hospitals NHS Foundation Trust,Selective,1,57475.7,57475.7,82.142525371334
ID:GB-CFS-315149,Dorset Healthcare University Nhs Foundation Trust,Direct,1,22000.0,22000.0,100.0
ID:GB-CFS-315154,Dorset Healthcare University Nhs Foundation Trust,Limited,1,38364.0,38364.0,100.0
ID:GB-CFS-315162,NDA,Selective,1,672852.4,672852.4,100.0
ID:GB-CFS-315169,DEFRA,Limited,1,378610.0,378610.0,100.0
ID:GB-CFS-315176,University of Bristol,Open,1,150000.0,150000.0,100.0
ID:GB-CFS-315195,Walter Lilly,Selective,1,82921.0,82921.0,100.0
ID:GB-CFS-315206,"Department for Environment, Food & Rural Affairs",Unknown,1,2550513.65,2550513.65,100.0
ID:GB-CFS-315209,SWYT,Unknown,3,378330.0,50000.0,100.0
ID:GB-CFS-315215,Nuclear Decommissioning Authority,Selective,4,457205.97,114118.5,100.0
ID:GB-CFS-315221,East Midlands Pharmacy Collaborative,Open,1,0.0,0.0,
ID:GB-CFS-315226,UK SBS,Selective,1,46555.0,46555.0,100.0
ID:GB-CFS-315234,DSIT,Selective,1,49780.0,49780.0,100.0
ID:GB-CFS-315242,Cafcass,Direct,1,112500.0,112500.0,100.0
ID:GB-CFS-315307,SWYT,Selective,10,840100.0,81100.0,83.91769054040556
ID:GB-CFS-315307,SWYT,Unknown,3,161000.0,50000.0,16.082309459594445
ID:GB-CFS-315324,Tyne & Wear Building Preservation Trust,Selective,1,6226837.0,6226837.0,100.0
ID:GB-CFS-315347,"Department for Environment, Food & Rural Affairs",Direct,1,50817.46,50817.46,100.0
ID:GB-CFS-315348,Cheshire East Borough Council,Open,5,13935494.9,2916042.1,100.0
ID:GB-CFS-315362,"Department for Environment, Food and Rural Affairs",Selective,1,850000.0,850000.0,100.0
ID:GB-CFS-315395,British Tourism Authority t/a VisitBritain/VisitEngland,Direct,2,170819.77000000002,85409.88500000001,100.0
ID:GB-CFS-315402,Home Office,Selective,1,171330.0,171330.0,100.0
ID:GB-CFS-315406,The Royal Parks Ltd,Unknown,3,250001.2,74829.0,100.0
ID:GB-CFS-315425,The Mayor and Commonalty and Citizens of the City of London,Unknown,1,35000.0,35000.0,100.0
ID:GB-CFS-315431,Ministry of Justice,Selective,1,6600000.0,6600000.0,100.0
ID:GB-CFS-315435,software,Limited,1,33400.0,33400.0,100.0
ID:GB-CFS-315439,Royal Borough of Kensington and Chelsea,Unknown,1,588000.0,588000.0,100.0
ID:GB-CFS-315444,Leidos Supply Limited,Open,1,2940700.0,2940700.0,100.0
ID:GB-CFS-315445,UK Health Security Agency,Selective,2,266836.98,133418.49,100.0
ID:GB-CFS-315450,Department for Work and Pensions,Selective,1,600000.0,600000.0,100.0
ID:GB-CFS-315453,Oxleas NHS Foundation Trust,Open,2,617768.0,308884.0,13.656226217250362
ID:GB-CFS-315453,Oxleas NHS Foundation Trust,Selective,4,3905941.48,993342.0,86.34377378274964
ID:GB-CFS-315462,Financial Conduct Authority,Selective,1,5000000.0,5000000.0,100.0
ID:GB-CFS-315464,Construction Industry Training Board,Unknown,1,52000.0,52000.0,100.0
ID:GB-CFS-315477,Sellafield Ltd,Open,1,120966.0,120966.0,5.898633960519732
ID:GB-CFS-315477,Sellafield Ltd,Selective,1,1929780.0,1929780.0,94.10136603948028
ID:GB-CFS-315486,DSRL,Direct,1,31424.0,31424.0,100.0
ID:GB-CFS-315543,DSIT,Selective,1,8000000.0,8000000.0,100.0
ID:GB-CFS-315641,Ministry of Defence,Selective,1,32900.0,32900.0,100.0
ID:GB-CFS-315651,United Lincolnshire Teaching Hospitals NHS Trust,Direct,2,95873.0,47936.5,24.902207284193683
ID:GB-CFS-315651,United Lincolnshire Teaching Hospitals NHS Trust,Selective,5,289125.0,38625.0,75.0977927158063
ID:GB-CFS-315671,DfTc - Department for Transport,Selective,1,200000.0,200000.0,100.0
ID:GB-CFS-315699,Nuclear Restoration Services Limited,Selective,1,54629.0,54629.0,100.0
ID:GB-CFS-315714,Home Office,Selective,1,1529755.88,1529755.88,100.0
ID:GB-CFS-315717,"The Police, Fire and Crime Commissioner for Northamptonshire",Selective,1,3900000.0,3900000.0,100.0
ID:GB-CFS-315720,Ministry of Defence,Open,2,15691831.02,7845915.51,100.0
ID:GB-CFS-315727,Ministry of Defence,Selective,1,1022735.05,1022735.05,100.0
ID:GB-CFS-315730,College of North West London,Open,1,212000.0,212000.0,100.0
ID:GB-CFS-315731,Orleans Park School,Open,1,872159.25,872159.25,100.0
ID:GB-CFS-315732,NHS Blood & Transplant,Direct,2,169650.0,84825.0,14.81060962407294
ID:GB-CFS-315732,NHS Blood & Transplant,Selective,2,975812.64,487906.32,85.18939037592705
ID:GB-CFS-315740,NOECPC,Open,1,2000000000.0,2000000000.0,100.0
ID:GB-CFS-315773,London Borough of Redbridge,Open,1,68425.0,68425.0,100.0
ID:GB-CFS-315776,Sheffield teaching Hospitals,Selective,1,24619.0,24619.0,100.0
ID:GB-CFS-315779,Barnet Homes Ltd,Unknown,3,1143537.38,450000.0,100.0
ID:GB-CFS-315790,Essex Police,Unknown,1,37952.79,37952.79,100.0
ID:GB-CFS-315793,Lichfield District Council,Unknown,1,1878590.0,1878590.0,100.0
ID:GB-CFS-315805,Barnet Homes Ltd,Unknown,1,1400000.0,1400000.0,100.0
ID:GB-CFS-315807,NHS Trust,Direct,3,1093458.88,120000.0,100.0
ID:GB-CFS-315823,Defra,Selective,2,132970.21000000002,66485.10500000001,100.0
ID:GB-CFS-315856,NHS North of England Commissioning Support Unit (Hosted by NHSE),Selective,1,163420.29,163420.29,100.0
ID:GB-CFS-315860,Leeds Teaching Hospitals NHS Trust,Selective,1,48281.04,48281.04,100.0
ID:GB-CFS-315870,Department for Education,Selective,3,74123375.0,1126125.0,100.0
ID:GB-CFS-315876,Gloucestershire County Council,Direct,1,49300.0,49300.0,100.0
ID:GB-CFS-315878,Sellafield Ltd,Unknown,1,170000.0,170000.0,100.0
ID:GB-CFS-315882,DSIT,Selective,1,94815.0,94815.0,100.0
ID:GB-CFS-315891,University Hospitals of North Midlands NHS Trust,Open,1,107880.0,107880.0,100.0
ID:GB-CFS-315921,Ministry of Defence,Selective,1,7809234.0,7809234.0,100.0
ID:GB-CFS-315924,Department for Work and Pensions,Selective,1,42490000.0,42490000.0,100.0
ID:GB-CFS-315931,Department for Work and Pensions,Selective,1,38000.0,38000.0,100.0
ID:GB-CFS-315938,Ministry of Defence,Limited,1,732219.0,732219.0,100.0
ID:GB-CFS-315942,Nuclear Restoration Services Ltd,Selective,1,35973.5,35973.5,100.0
ID:GB-CFS-315984,Nuclear Restoration Services,Selective,1,1718659.0,1718659.0,100.0
ID:GB-CFS-315994,London Ambulance Service NHS Trust,Selective,2,14280000.0,7140000.0,100.0
ID:GB-CFS-315995,"Department for Environment, Food & Rural Affairs",Open,1,275475.0,275475.0,100.0
ID:GB-CFS-316011,Money and Pensions Service,Selective,1,56979971.0,56979971.0,100.0
ID:GB-CFS-316031,NHS Blood and Transplant (NHSBT),Selective,1,91725.39,91725.39,100.0
ID:GB-CFS-316035,NHS Blood and Transplant,Selective,1,509814.0,509814.0,100.0
ID:GB-CFS-316049,West Midlands Ambulance Service University NHS Foundation Trust,Selective,1,1150000.0,1150000.0,100.0
ID:GB-CFS-316051,West Midlands Ambulance Service,Selective,1,421800.0,421800.0,100.0
ID:GB-CFS-316056,Torus62 Limitd,Unknown,2,88205.0,44102.5,100.0
ID:GB-CFS-316058,Vico Homes Limited,Direct,4,1260870.0,247905.0,68.21298712259208
ID:GB-CFS-316058,Vico Homes Limited,Open,1,242000.0,242000.0,13.09218466905175
ID:GB-CFS-316058,Vico Homes Limited,Unknown,1,345561.0,345561.0,18.694828208356167
ID:GB-CFS-316070,Sport England,Open,1,926703.75,926703.75,83.81121525544252
ID:GB-CFS-316070,Sport England,Selective,1,179000.0,179000.0,16.188784744557484
ID:GB-CFS-316076,South Hampshire College Group,Open,3,7498741.439999999,1738741.44,100.0
ID:GB-CFS-316087,Ministry of Defence,Direct,1,43064.45,43064.45,100.0
ID:GB-CFS-316095,National Highways,Open,24,6046643.85,35347.315,1.378088829005839
ID:GB-CFS-316095,National Highways,Selective,11,431787096.76,900000.0,98.40847076743562
ID:GB-CFS-316095,National Highways,Unknown,1,936513.0,936513.0,0.2134404035585369
ID:GB-CFS-316096,United Lincolnshire Teaching Hospitals NHS Trust,Selective,13,26811636.0,100000.0,100.0
ID:GB-CFS-316106,DVSA - Driver and Vehicle Standards Agency,Selective,5,324175.0,58175.0,100.0
ID:GB-CFS-316108,Port of Dover,Open,2,0.0,0.0,
ID:GB-CFS-316113,Ministry of Defence,Selective,1,1030656.0,1030656.0,100.0
ID:GB-CFS-316127,Liverpool City Region Combined Authority,Unknown,1,71737.0,71737.0,100.0
ID:GB-CFS-316131,Hertfordshire Partnership Foundation NHS Trust,Selective,1,197800.0,197800.0,100.0
ID:GB-CFS-316145,Home Office,Selective,1,49980.0,49980.0,100.0
ID:GB-CFS-316158,Ministry of Defence,Open,1,1359000000.0,1359000000.0,100.0
ID:GB-CFS-316178,Department for Education,Selective,1,213888.0,213888.0,100.0
ID:GB-CFS-316195,Chelmsford College,Open,1,913508.58,913508.58,100.0
ID:GB-CFS-316196,Ministry of Defence,Selective,1,7343352.0,7343352.0,100.0
ID:GB-CFS-316198,Environment Agency,Limited,1,400000.0,400000.0,100.0
ID:GB-CFS-316202,Amplius Living,Selective,1,8266125.0,8266125.0,95.62576026014996
ID:GB-CFS-316202,Amplius Living,Unknown,2,378120.0,189060.0,4.374239739850038
ID:GB-CFS-316215,Westminster City Council,Direct,2,149437.5,74718.75,100.0
ID:GB-CFS-316218,The Mayor's Office for Policing and Crime,Open,5,6333170.0,203979.0,98.2927658280008
ID:GB-CFS-316218,The Mayor's Office for Policing and Crime,Unknown,1,110000.0,110000.0,1.7072341719991866
ID:GB-CFS-316331,Amplius Living,Direct,1,204691.97,204691.97,5.185134773816904
ID:GB-CFS-316331,Amplius Living,Unknown,3,3742977.26,672000.0,94.81486522618307
ID:GB-CFS-316347,Home Office,Selective,1,749998.0,749998.0,100.0
ID:GB-CFS-316358,Humberside Fire & Rescue Service,Unknown,1,520093.12,520093.12,100.0
ID:GB-CFS-316364,NHS Midlands and Lancashire Commissioning Support Unit (hosted by NHS England),Selective,1,14520.0,14520.0,100.0
ID:GB-CFS-316437,Kent Community Health NHS Foundation Trust,Selective,1,87500.0,87500.0,100.0
ID:GB-CFS-316561,Ambulance Radio Programme on behalf of the Department of Health and Social Care,Selective,2,643799.27,321899.635,100.0
ID:GB-CFS-316662,Ministry of Defence,Selective,1,17400960.0,17400960.0,100.0
ID:GB-CFS-316671,Nuclear Restoration Services,Selective,1,130885.0,130885.0,100.0
ID:GB-CFS-316688,National Highways,Selective,4,653574.46,138470.49,100.0
ID:GB-CFS-316693,Ministry of Defence,Unknown,1,450000.0,450000.0,100.0
ID:GB-CFS-316703,"Department for Environment, Food & Rural Affairs",Direct,1,15000.0,15000.0,100.0
ID:GB-CFS-316723,The Mayor and Commonalty and Citizens of the City of London,Open,2,559393.0,279696.5,100.0
ID:GB-CFS-316725,NHS England,Selective,1,215000.0,215000.0,100.0
ID:GB-CFS-316732,Department for Work and Pensions,Selective,1,1754350.0,1754350.0,100.0
ID:GB-CFS-316739,Ministry of Defence,Selective,1,10322640.0,10322640.0,100.0
ID:GB-CFS-316743,Department for Education,Selective,1,4613052.0,4613052.0,100.0
ID:GB-CFS-316747,Ministry of Defence,Open,1,221368.0,221368.0,100.0
ID:GB-CFS-316755,"The Police, Fire & Crime Commissioner for Cumbria",Open,1,1270000.0,1270000.0,100.0
ID:GB-CFS-316766,Worcestershire Acute Hospitals NHS Trust,Selective,4,360680.62,106131.31,100.0
ID:GB-CFS-316789,The Mayor and Commonalty and Citizens of the City of London,Selective,1,634389.42,634389.42,100.0
ID:GB-CFS-316791,Supply Chain Coordination Limited,Selective,1,4200000000.0,4200000000.0,100.0
ID:GB-CFS-316804,British Tourist Authority,Selective,1,2925750.0,2925750.0,100.0
ID:GB-CFS-316819,Ministry of Defence,Selective,1,123000.0,123000.0,100.0
ID:GB-CFS-316820,Ministry of Defence,Selective,1,113400.0,113400.0,100.0
ID:GB-CFS-316825,London Borough of Merton,Open,1,43364.0,43364.0,100.0
ID:GB-CFS-316836,NHS Business Services Authority,Selective,1,165298.32,165298.32,100.0
ID:GB-CFS-316838,Ministry of Defence,Selective,1,638499.3,638499.3,100.0
ID:GB-CFS-316855,Ministry of Justice,Open,1,250000.0,250000.0,100.0
ID:GB-CFS-316858,nuclear restoration services,Open,2,279417.65,139708.825,100.0
ID:GB-CFS-316907,NHS Midlands and Lancashire Commissioning Support Unit (hosted by NHS England),Selective,9,841970.3200000001,49094.6,100.0
ID:GB-CFS-316909,West Hertfordshire Hospitals NHS Trust,Direct,1,89998.92,89998.92,10.1767068396613
ID:GB-CFS-316909,West Hertfordshire Hospitals NHS Trust,Selective,3,630717.0,84000.0,71.31887813532269
ID:GB-CFS-316909,West Hertfordshire Hospitals NHS Trust,Unknown,2,163646.0,81823.0,18.504415025016
ID:GB-CFS-316913,NHS Midlands and Lancashire Commissioning Support Unit (hosted by NHS England),Selective,1,18632.52,18632.52,100.0
ID:GB-CFS-316918,Mersey and West Lancashire Teaching Hospitals NHS Trust,Selective,1,225000.0,225000.0,100.0
ID:GB-CFS-316920,Nuclear Restoration Services,Open,1,822559.31,822559.31,100.0
ID:GB-CFS-316969,Ministry of Defence,Selective,1,17641571.29,17641571.29,100.0
ID:GB-CFS-316992,The Queen Elizabeth Hospital King's Lynn NHS Foundation Trust,Selective,1,28000000.0,28000000.0,100.0
ID:GB-CFS-316994,Mid Cheshire Hospitals NHS Foundation Trust,Direct,1,43750.0,43750.0,100.0
ID:GB-CFS-317000,Home Office,Selective,1,5740000.0,5740000.0,100.0
ID:GB-CFS-317003,Home Office,Selective,1,555480.0,555480.0,100.0
ID:GB-CFS-317014,Mid Cheshire Hospitals NHS Foundation Trust,Direct,1,52930.0,52930.0,100.0
ID:GB-CFS-317019,North East London NHS Foundation Trust Shared Service,Selective,1,285600.0,285600.0,100.0
ID:GB-CFS-317022,Department for Work and Pensions,Selective,1,3790000.0,3790000.0,100.0
ID:GB-CFS-317036,7 Force Commercial Services,Open,1,658277.0,658277.0,100.0
ID:GB-CFS-317052,Northumbria Healthcare Facilities Management,Open,1,445657.98,445657.98,53.44042235272652
ID:GB-CFS-317052,Northumbria Healthcare Facilities Management,Selective,1,388276.26,388276.26,46.559577647273485
ID:GB-CFS-317094,West Heath Primary School,Open,1,478227.0,478227.0,56.02431191338583
ID:GB-CFS-317094,West Heath Primary School,Selective,1,375379.2,375379.2,43.97568808661418
ID:GB-CFS-317121,NHS Blood and Transplant,Selective,1,2048269.0,2048269.0,100.0
ID:GB-CFS-317134,South East Environmental Services Ltd,Unknown,1,417524.5,417524.5,100.0
ID:GB-CFS-317144,Greener Ealing Limited,Unknown,2,1327372.0,663686.0,100.0
ID:GB-CFS-317151,Bernicia Group,Selective,1,5400000.0,5400000.0,100.0
ID:GB-CFS-317153,NHS Derby & Derbyshire Integrated Care Board,Selective,2,78968.0,39484.0,100.0
ID:GB-CFS-317160,Kings Interventional Facilities Management LLP,Selective,5,3162773.79,254538.0,100.0
ID:GB-CFS-317177,Barnet Homes Ltd,Unknown,1,2248581.21,2248581.21,100.0
ID:GB-CFS-317181,Ministry of Defence,Direct,1,1442739.0,1442739.0,4.915956304826328
ID:GB-CFS-317181,Ministry of Defence,Selective,7,27905345.29,2072686.96,95.08404369517368
ID:GB-CFS-317203,Ministry of Defence,Selective,1,220373.1,220373.1,100.0
ID:GB-CFS-317209,South Cambridgeshire District Council,Unknown,2,2723346.26,1361673.13,100.0
ID:GB-CFS-317210,TPPL North Yorkshire NEPO HGV Lot 3 - 1 x Cleango Sweeper c/w 3rd Arm & Ripper Attachment (24945),Unknown,1,154370.0,154370.0,100.0
ID:GB-CFS-317211,Liverpool City Region Combined Authority,Unknown,1,7139594.0,7139594.0,100.0
ID:GB-CFS-317214,Vico Homes Limited,Direct,3,1134264.0,170000.0,100.0
ID:GB-CFS-317216,"Salisbury NHS Foundation Trust, Odstock Road, Salisbury",Selective,1,33758.96,33758.96,100.0
ID:GB-CFS-317217,Springwest Academy,Open,1,188743.01,188743.01,100.0
ID:GB-CFS-317220,DESNZ,Open,1,1207537.5,1207537.5,100.0
ID:GB-CFS-317222,Companies House,Selective,4,82075000.0,5020000.0,100.0
ID:GB-CFS-317288,Department for Work and Pensions,Selective,1,162318.36,162318.36,100.0
ID:GB-CFS-317301,NHDC - Enterprise,Open,1,282000.0,282000.0,100.0
ID:GB-CFS-317306,Halton Borough Council,Unknown,1,34268.0,34268.0,100.0
ID:GB-CFS-317335,Nuclear Restoration Services Limited,Open,1,228249.42,228249.42,100.0
ID:GB-CFS-317338,UK Health Security Agency,Selective,1,7800000.0,7800000.0,100.0
ID:GB-CFS-317340,UKHSA,Selective,1,7800000.0,7800000.0,100.0
ID:GB-CFS-317353,The Mayor and Commonalty and Citizens of the City of London,Open,1,23742649.0,23742649.0,22.264790364986386
ID:GB-CFS-317353,The Mayor and Commonalty and Citizens of the City of London,Selective,3,82895000.0,6400000.0,77.73520963501362
ID:GB-CFS-317356,Barnet Homes Ltd,Unknown,1,2462806.05,2462806.05,100.0
ID:GB-CFS-317358,London Borough of Enfield,Open,1,0.0,0.0,
ID:GB-CFS-317366,Gloucestershire Hospitals NHS Foundation Trust,Selective,1,2380500.0,2380500.0,100.0
ID:GB-CFS-317369,DESNZ,Open,1,0.0,0.0,
ID:GB-CFS-317375,Nuclear Restoration Services,Open,1,41640.2,41640.2,100.0
ID:GB-CFS-317382,Department for Work and Pensions,Selective,1,287560.0,287560.0,100.0
ID:GB-CFS-317394,DESNZ,Selective,2,13716428.5,6858214.25,100.0
ID:GB-CFS-317399,Nuclear Restoration Services,Open,1,52247.0,52247.0,100.0
ID:GB-CFS-317406,Supply Chain Coordination Limited,Open,2,120480000.0,60240000.0,100.0
ID:GB-CFS-317424,Nuclear Restoration Services Ltd,Limited,1,347000.0,347000.0,11.620006641620742
ID:GB-CFS-317424,Nuclear Restoration Services Ltd,Selective,6,2639228.93,78973.865,88.37999335837927
ID:GB-CFS-317427,Arts Council England,Unknown,1,100000.0,100000.0,100.0
ID:GB-CFS-317458,Fusion21 Members Consortium,Open,1,1500000000.0,1500000000.0,100.0
ID:GB-CFS-317459,National Highways,Selective,1,848757.76,848757.76,100.0
ID:GB-CFS-317469,Nuclear Waste Services,Open,1,14000000.0,14000000.0,100.0
ID:GB-CFS-317493,Harrogate Integrated Facilities (Harrogate and District NHS Foundation Trust),Selective,1,983903.06,983903.06,100.0
ID:GB-CFS-317503,United Lincolnshire Teaching Hospitals NHS Trust,Direct,2,74578.68,37289.34,19.58173174311873
ID:GB-CFS-317503,United Lincolnshire Teaching Hospitals NHS Trust,Selective,4,306279.77,64187.18,80.41826825688126
ID:GB-CFS-317509,South Kesteven District Council,Unknown,1,300000.0,300000.0,100.0
ID:GB-CFS-31751,Broadacres Housing Association,Open,1,6242414.31,6242414.31,100.0
ID:GB-CFS-317513,HM Land Registry,Selective,1,20495.0,20495.0,100.0
ID:GB-CFS-317525,Foreign Commonwealth and Development Office,Open,1,375001.0,375001.0,100.0
ID:GB-CFS-317566,Norfolk & Waveney Integrated Care Board,Open,1,1200000.0,1200000.0,100.0
ID:GB-CFS-317571,Ministry of Defence,Selective,1,6478630.35,6478630.35,100.0
ID:GB-CFS-317705,The Rotherham NHSFT,Selective,3,22614523.0,94500.0,100.0
ID:GB-CFS-317716,Sheffield Teaching Hospitals,Selective,1,4727672.0,4727672.0,100.0
ID:GB-CFS-317733,Care Quality Commission,Selective,1,27066.0,27066.0,100.0
ID:GB-CFS-317740,West Hertfordshire Hospitals NHS Trust,Selective,2,469894.11,234947.055,100.0
ID:GB-CFS-317741,Barnet Homes Ltd,Unknown,10,8362962.3,301045.0,100.0
ID:GB-CFS-317757,Home Office,Direct,1,361000.0,361000.0,100.0
ID:GB-CFS-317769,National Employment Savings Trust (NEST),Open,1,6000000.0,6000000.0,100.0
ID:GB-CFS-317778,Chorley Borough Council,Unknown,1,1415785.0,1415785.0,100.0
ID:GB-CFS-317779,NHS Hampshire and Isle of Wight Integrated Care Board,Selective,2,1164245.28,582122.64,100.0
ID:GB-CFS-317780,Somerset NHS Foundation Trust,Direct,1,51360.0,51360.0,100.0
ID:GB-CFS-317791,Leeds Teaching Hospitals NHS Trust,Selective,1,142350.0,142350.0,100.0
ID:GB-CFS-317793,Nuclear Restoration Services Limited,Direct,1,79171.76,79171.76,22.531935612177683
ID:GB-CFS-317793,Nuclear Restoration Services Limited,Limited,1,272204.0,272204.0,77.46806438782231
ID:GB-CFS-317797,Environment Agency,Open,1,420000.0,420000.0,100.0
ID:GB-CFS-317802,University Hospitals Sussex NHS Foundation Trust,Selective,1,425880.0,425880.0,100.0
ID:GB-CFS-317808,Nuclear Restoration Services Ltd,Selective,1,2622438.0,2622438.0,100.0
ID:GB-CFS-317813,Halton Borough Council,Unknown,1,41596.5,41596.5,100.0
ID:GB-CFS-317820,National Highways,Selective,13,731460.51,54112.18,87.34268676143309
ID:GB-CFS-317820,National Highways,Unknown,1,106000.0,106000.0,12.657313238566914
ID:GB-CFS-317844,Animal & Plant Health Agency (APHA),Open,1,0.0,0.0,
ID:GB-CFS-317858,Nuclear Restoration Services,Direct,1,30312.0,30312.0,100.0
ID:GB-CFS-317864,British Business Financial Services Limited,Unknown,4,145000.0,32500.0,100.0
ID:GB-CFS-317868,Excel Learning Trust,Open,1,0.0,0.0,
ID:GB-CFS-317876,Environment Agency,Selective,8,4998659.24,74264.5,100.0
ID:GB-CFS-317877,Norfolk and Norwich University Hospital,Selective,4,1347697.0,171325.5,100.0
ID:GB-CFS-317879,Norfolk & Norwich University Hospital,Selective,5,1640040.39,179843.0,100.0
ID:GB-CFS-317881,NHS Derby and Derbyshire Integrated Care Board,Selective,3,289941.66000000003,15562.5,100.0
ID:GB-CFS-317893,Mayor's Office for Policing and Crime,Open,1,170376.0,170376.0,100.0
ID:GB-CFS-317921,Animal and Plant Health Agency,Direct,1,37200.0,37200.0,100.0
ID:GB-CFS-317932,NRS Ltd,Direct,1,57516.24,57516.24,100.0
ID:GB-CFS-317938,Supply Chain Coordination Limited,Open,23,6814241032.0,160000000.0,88.62575322202395
ID:GB-CFS-317938,Supply Chain Coordination Limited,Selective,7,839541048.0,78831476.0,10.919038142384183
ID:GB-CFS-317938,Supply Chain Coordination Limited,Unknown,1,35000000.0,35000000.0,0.4552086355918673
ID:GB-CFS-317977,Cheshire Constabulary on behalf of the Police and Crime Commissioner for Cheshire,Direct,1,40000.0,40000.0,100.0
ID:GB-CFS-318001,Essex Police,Unknown,1,41235.17,41235.17,100.0
ID:GB-CFS-318004,KA23 9RA,Open,1,28611.0,28611.0,100.0
ID:GB-CFS-318008,Ministry of Justice,Selective,1,32794677.0,32794677.0,100.0
ID:GB-CFS-318012,Natural England,Selective,2,215230.75,107615.375,100.0
ID:GB-CFS-318014,Ministry of Defence,Open,1,599258.9,599258.9,100.0
ID:GB-CFS-318016,West Hertfordshire Hospitals NHS Trust,Selective,1,90000.0,90000.0,100.0
ID:GB-CFS-318020,Hull University Teaching Hospitals NHS Foundation Trust,Selective,2,183995.71,91997.855,92.0725672847232
ID:GB-CFS-318020,Hull University Teaching Hospitals NHS Foundation Trust,Unknown,1,15842.0,15842.0,7.927432715276811
ID:GB-CFS-318041,Creative Learning Partnership Trust,Open,1,2392852.0,2392852.0,100.0
ID:GB-CFS-318045,Plymouth Cast Multi Academy Trust (Secondary Acct: PHP Law),Open,3,5613537.67,584363.0,100.0
ID:GB-CFS-318054,Trinity House,Open,1,1066323.21,1066323.21,100.0
ID:GB-CFS-318066,The House of Commons,Open,1,15552.0,15552.0,100.0
ID:GB-CFS-318070,Westminster City Council,Selective,1,138950.0,138950.0,100.0
ID:GB-CFS-318076,DgC,Selective,4,436190.51,127911.73,100.0
ID:GB-CFS-318092,The Rotherham Hospital NHS FT,Selective,1,147834.34,147834.34,100.0
ID:GB-CFS-318093,Environment Agency,Selective,1,1245727.98,1245727.98,100.0
ID:GB-CFS-318098,Homes England (the name adopted by the Homes and Communities Agency),Unknown,1,52150.0,52150.0,100.0
ID:GB-CFS-318116,The Princess Alexadn NHS Trust,Selective,1,1000000.0,1000000.0,100.0
ID:GB-CFS-318117,NHS Business Services Authority,Direct,2,63650.0,31825.0,100.0
ID:GB-CFS-318155,Royal Borough of Kensington & Chelsea,Unknown,4,4162998.0,381800.0,100.0
ID:GB-CFS-318161,Homes England (the name adopted by the Homes and Communities Agency),Open,2,59500.0,29750.0,100.0
ID:GB-CFS-318173,Essex Police,Unknown,1,49645.0,49645.0,100.0
ID:GB-CFS-318182,Lincolnshire Partnership NHS Foundation Trust,Selective,1,45681.0,45681.0,100.0
ID:GB-CFS-318202,Nuclear Restoration Services,Open,1,112837.0,112837.0,100.0
ID:GB-CFS-318217,Broxtowe Borough Council,Unknown,2,640000.0,320000.0,100.0
ID:GB-CFS-318220,Sheffield Children's' Hospital NHS FT,Selective,1,347676.89,347676.89,100.0
ID:GB-CFS-318222,Sheffield Teaching Hospitals NHS Foundation Trust,Selective,1,1189997.7,1189997.7,100.0
ID:GB-CFS-318223,Nuclear restoration Services,Open,1,71420.82,71420.82,100.0
ID:GB-CFS-318266,DVLA - Driver & Vehicle Licensing Agency,Selective,1,385568.0,385568.0,100.0
ID:GB-CFS-318273,"Department for Environment, Food and Rural Affairs",Direct,1,47000.0,47000.0,10.901308344874996
ID:GB-CFS-318273,"Department for Environment, Food and Rural Affairs",Selective,3,384140.91,113330.5,89.09869165512501
ID:GB-CFS-318275,The Calico Group - e-Tendering System,Unknown,1,1631000.0,1631000.0,100.0
ID:GB-CFS-318280,Broadland District Council,Direct,1,4050000.0,4050000.0,100.0
ID:GB-CFS-318318,Waingels,Open,1,1272319.2,1272319.2,100.0
ID:GB-CFS-318324,Lincolnshire Partnership NHS Foundation Trust,Selective,1,332973.0,332973.0,100.0
ID:GB-CFS-318336,Ministry of Defence,Selective,1,130381.62,130381.62,100.0
ID:GB-CFS-318403,Wokingham Group of Primary Schools and All-Through SEN School,Open,1,0.0,0.0,
ID:GB-CFS-318404,Advantage Schools(old),Open,1,0.0,0.0,
ID:GB-CFS-318412,Nuclear Restoration Services,Open,1,50000.0,50000.0,100.0
ID:GB-CFS-318440,Nuclear restoration Services,Open,1,42000.0,42000.0,100.0
ID:GB-CFS-318453,HULL UNIVERSITY TEACHING HOSPITALS,Selective,1,63889.7,63889.7,100.0
ID:GB-CFS-318471,DVSA - Driver and Vehicle Standards Agency,Open,1,740000.0,740000.0,100.0
ID:GB-CFS-318477,South Derbyshire District Council,Unknown,2,314235.18,157117.59,100.0
ID:GB-CFS-318478,SOL Services,Selective,1,28039.43,28039.43,100.0
ID:GB-CFS-318486,Ministry of Defence,Selective,1,12125960.0,12125960.0,100.0
ID:GB-CFS-318496,Department for Work and Pensions,Selective,1,299999.72,299999.72,100.0
ID:GB-CFS-318498,The Queen Elizabeth hospital King's Lynn NHS Foundation Trust,Selective,1,525020.0,525020.0,100.0
ID:GB-CFS-318503,Chelsea and Westminster Hospital NHS Foundation Trust,Selective,3,1152879.72,364606.72,100.0
ID:GB-CFS-318509,Torus62 Limited,Unknown,8,2591789.11,137839.365,100.0
ID:GB-CFS-318512,DVLA - Driver & Vehicle Licensing Agency,Open,2,11462939.0,5731469.5,100.0
ID:GB-CFS-318521,Department for Work and Pensions,Selective,1,2800000.0,2800000.0,100.0
ID:GB-CFS-318525,DfTc - Department for Transport,Selective,3,11600000.0,3000000.0,100.0
ID:GB-CFS-318528,Kings' Cross Academy,Open,1,375790.0,375790.0,100.0
ID:GB-CFS-318532,Department for Work and Pensions,Selective,1,2090697.98,2090697.98,100.0
ID:GB-CFS-318536,Joseph Rowntree Housing Trust,Selective,2,209822.77,104911.385,100.0
ID:GB-CFS-318583,Greener Ealing Ltd (GEL),Open,1,7000000.0,7000000.0,100.0
ID:GB-CFS-318591,University Hospitals Sussex NHS Foundation Trust,Selective,1,2952000.0,2952000.0,100.0
ID:GB-CFS-318596,University Hospitals Sussex NHS Foundation Trust,Selective,1,68188.0,68188.0,100.0
ID:GB-CFS-318613,West Midlands Combined Authority,Selective,6,452598.21,72500.0,100.0
ID:GB-CFS-318632,Nuclear Resoration Services Ltd,Selective,1,5209852.0,5209852.0,100.0
ID:GB-CFS-318638,Aspire Academy Trust (Secondary Acct:PHP Law),Open,1,312269.75,312269.75,100.0
ID:GB-CFS-318646,HULL UNIVERSITY TEACHING HOSPITALS,Limited,1,40725.0,40725.0,21.75190279075978
ID:GB-CFS-318646,HULL UNIVERSITY TEACHING HOSPITALS,Selective,2,146500.0,73250.0,78.24809720924021
ID:GB-CFS-318674,"Harrow, Richmond and Uxbridge College",Open,3,773756.61,98467.61,100.0
ID:GB-CFS-318676,DEPARTMENT FOR ENVIRONMENT FOOD & RURAL AFFAIRS,Selective,1,86042.12,86042.12,100.0
ID:GB-CFS-318683,South Norfolk Council,Unknown,1,308000.0,308000.0,100.0
ID:GB-CFS-318696,Surrey and Borders Partnership NHS Foundation Trust,Selective,1,31300.0,31300.0,100.0
ID:GB-CFS-318699,DESNZ,Selective,1,357000.0,357000.0,100.0
ID:GB-CFS-318711,ATTAIN HEALTH MANAGEMENT SERVICES LTD,Direct,1,4860.7,4860.7,100.0
ID:GB-CFS-318713,Dame Alice Owen's School,Open,1,0.0,0.0,
ID:GB-CFS-318715,DESNZ,Selective,2,10225720.0,5112860.0,100.0
ID:GB-CFS-318717,Sussex Partnership NHS Trust,Selective,1,108360.96,108360.96,100.0
ID:GB-CFS-318718,United Lincolnshire Teaching Hospitals NHS Trust,Selective,1,314741.43,314741.43,100.0
ID:GB-CFS-318739,South London and Maudsley NHS Trust,Selective,1,285000.0,285000.0,100.0
ID:GB-CFS-318744,Corporate Officer of the House of Commons,Selective,3,3708051.2,315360.0,100.0
ID:GB-CFS-318750,West Hertfordshire Teaching Hospital NHS Trust,Selective,1,303000.0,303000.0,100.0
ID:GB-CFS-318784,West Hertfordshire Hospitals NHS Trust,Selective,1,188400.0,188400.0,100.0
ID:GB-CFS-318798,Corporate Officer of the House of Commons,Selective,1,6600000.0,6600000.0,100.0
ID:GB-CFS-318800,NHS Property Services,Selective,2,5718625.0,2859312.5,100.0
ID:GB-CFS-318810,Bristol City Council,Open,1,830000.0,830000.0,100.0
ID:GB-CFS-318833,Orchard Hill College & Academy Trust,Open,3,527343.0,193065.0,100.0
ID:GB-CFS-318855,"Department for Environment, Food and Rural Affairs",Selective,1,231387.14,231387.14,100.0
ID:GB-CFS-318857,Nuclear restoration Services,Open,1,78337.25,78337.25,100.0
ID:GB-CFS-318860,Nuclear Restoration Services,Open,1,109096.61,109096.61,100.0
ID:GB-CFS-318862,Nuclear Restoration Services,Open,1,95180.0,95180.0,100.0
ID:GB-CFS-318864,Homes England (the name adopted by the Homes and Communities Agency),Unknown,1,97070.0,97070.0,100.0
ID:GB-CFS-318909,Leicester City Council,Unknown,1,163596.77,163596.77,100.0
ID:GB-CFS-318935,Lincolnshire Gateway Academies Trust,Open,1,0.0,0.0,
ID:GB-CFS-318937,NHS Norfolk and Waveney ICB,Limited,1,40000.0,40000.0,100.0
ID:GB-CFS-318972,nuclear restoration services,Open,1,63097.24,63097.24,100.0
ID:GB-CFS-318974,Department for Work and Pensions,Selective,1,265320000.0,265320000.0,100.0
ID:GB-CFS-318976,NUCLEAR RESTORATION SERVICES,Open,1,50232.96,50232.96,100.0
ID:GB-CFS-318978,NUCLEAR RESTORATION SERVICES,Open,1,237192.0,237192.0,100.0
ID:GB-CFS-318980,Home Office,Limited,1,21086291.12,21086291.12,100.0
ID:GB-CFS-318992,South East Coast Ambulance Service NHS Foundation Trust,Selective,2,1982000.0,991000.0,100.0
ID:GB-CFS-319035,City of Doncaster Council,Selective,1,5245672.74,5245672.74,100.0
ID:GB-CFS-319046,"Department for Environment, Food & Rural Affairs",Selective,3,919021300.0,408000000.0,100.0
ID:GB-CFS-319055,Frimley Health NHS Foundation Trust,Selective,1,40853.0,40853.0,100.0
ID:GB-CFS-319057,DSIT,Selective,1,103000.0,103000.0,100.0
ID:GB-CFS-319063,London Fire Commission,Selective,1,610552.78,610552.78,83.00778378478911
ID:GB-CFS-319063,London Fire Commission,Unknown,1,124984.0,124984.0,16.99221621521088
ID:GB-CFS-319069,NUCLEAR RESTORATION SERVICES,Open,1,97000.0,97000.0,100.0
ID:GB-CFS-319071,nuclear restoration services,Open,1,2546.35,2546.35,100.0
ID:GB-CFS-319080,Hertfordshire Partnership University NHS Foundation Trust,Selective,2,2145000.0,1072500.0,100.0
ID:GB-CFS-319081,NHS England,Selective,2,707000.0,353500.0,100.0
ID:GB-CFS-319093,West Hertfordshire Hospitals NHS Trust,Selective,1,3100000.0,3100000.0,100.0
ID:GB-CFS-319096,West Hertfordshire Hospitals NHS Trust,Selective,1,2200000.0,2200000.0,100.0
ID:GB-CFS-319117,DfTc - Department for Transport,Selective,2,440000.0,220000.0,100.0
ID:GB-CFS-319126,Sandstone Trust,Open,1,5853822.0,5853822.0,100.0
ID:GB-CFS-319128,Leeds Teaching Hospitals NHS Trust,Selective,1,233478.44,233478.44,100.0
ID:GB-CFS-319142,Nottingham University Hospitals NHS Trust,Open,1,2555007.0,2555007.0,100.0
ID:GB-CFS-319144,Harper Adams University,Open,1,157658.0,157658.0,100.0
ID:GB-CFS-319145,University of Northumbria at Newcastle,Unknown,2,520820.0,260410.0,100.0
ID:GB-CFS-319165,Department for Work and Pensions,Selective,1,301400.0,301400.0,100.0
ID:GB-CFS-319169,Ministry of Defence,Direct,1,878000000.0,878000000.0,100.0
ID:GB-CFS-319171,Sheffield Teaching Hospitals NHS Foundation Trust,Unknown,1,30000.0,30000.0,100.0
ID:GB-CFS-319179,TORUS62 DEVELOPMENTS LIMITED,Unknown,1,296402.35,296402.35,100.0
ID:GB-CFS-319188,The House of Commons,Open,1,84562.88,84562.88,100.0
ID:GB-CFS-319191,NHS Birmingham & Solihull Integrated Care Board,Selective,1,66060.0,66060.0,100.0
ID:GB-CFS-319194,NHS Norfolk and & Waveney Integrated Care Board,Selective,1,660720.0,660720.0,100.0
ID:GB-CFS-319195,Supply Chain Coordination Limited,Open,1,880000000.0,880000000.0,100.0
ID:GB-CFS-319224,Ministry of Defence,Unknown,1,114784.67,114784.67,100.0
ID:GB-CFS-319234,NHS Midlands and Lancashire Commissioning Support Unit (hosted by NHS England),Selective,3,316700.0,121700.0,100.0
ID:GB-CFS-319235,ACIS Group,Direct,1,1000000.0,1000000.0,100.0
ID:GB-CFS-319241,The Police and Crime Commissioner for Nottinghamshire,Selective,1,1764153.4,1764153.4,100.0
ID:GB-CFS-319260,Nuclear Restoration Services,Open,1,70500.0,70500.0,100.0
ID:GB-CFS-319263,Department for Education,Open,1,295890.0,295890.0,25.984324573536195
ID:GB-CFS-319263,Department for Education,Selective,1,842835.0,842835.0,74.01567542646382
ID:GB-CFS-319273,NHS England,Unknown,1,355083.0,355083.0,100.0
ID:GB-CFS-319278,Foreign Commonwealth and Development Office,Open,1,87790.0,87790.0,100.0
ID:GB-CFS-319295,NHS Birmingham & Solihull ICB,Selective,1,43200.0,43200.0,100.0
ID:GB-CFS-319297,Pendle Education Trust,Open,1,97896.7,97896.7,100.0
ID:GB-CFS-319298,DEPARTMENT FOR ENVIRONMENT FOOD & RURAL AFFAIRS,Selective,1,19500000.0,19500000.0,100.0
ID:GB-CFS-319300,Ministry of Defence,Selective,1,216810.0,216810.0,100.0
ID:GB-CFS-319304,NHS Blood and Transplant,Selective,2,1240000.0,620000.0,100.0
ID:GB-CFS-319307,NHS Blood and Transplant,Open,1,97500.0,97500.0,44.82758620689656
ID:GB-CFS-319307,NHS Blood and Transplant,Selective,1,120000.0,120000.0,55.172413793103445
ID:GB-CFS-319315,Halton Borough Council,Direct,1,98000.0,98000.0,100.0
ID:GB-CFS-319318,The Gurkha Museum,Selective,1,1031432.7,1031432.7,100.0
ID:GB-CFS-319321,Grimsby Institute of Further and Higher Education,Open,1,475000.0,475000.0,100.0
ID:GB-CFS-319328,Construction Industry Training Board,Unknown,1,40000.0,40000.0,100.0
ID:GB-CFS-319331,London & Continental Railways Limited,Unknown,1,156000.0,156000.0,100.0
ID:GB-CFS-319348,Environment Agency,Open,1,95000000.0,95000000.0,100.0
ID:GB-CFS-319359,Nuclear Restoration Services Ltd,Selective,1,156581.6,156581.6,100.0
ID:GB-CFS-319374,Lincolnshire Partnership NHS Foundation Trust,Selective,1,100000.0,100000.0,100.0
ID:GB-CFS-319376,The Mayor and Commonalty and Citizens of the City of London,Open,1,164700.0,164700.0,100.0
ID:GB-CFS-319409,ATTAIN HEALTH MANAGEMENT SERVICES LTD,Selective,1,128680.0,128680.0,100.0
ID:GB-CFS-319410,ICS on behalf of DSIT and DESNZ,Selective,1,565350.2,565350.2,100.0
ID:GB-CFS-319415,Royal Papworth Hospital,Selective,3,452367.03,138087.46,100.0
ID:GB-CFS-319418,University Hospitals Dorset NHS Foundation Trust,Limited,1,45654.0,45654.0,100.0
ID:GB-CFS-319419,Foreign Commonwealth and Development Office,Selective,2,2497983.0,1248991.5,100.0
ID:GB-CFS-319434,Defra,Limited,1,1370231.07,1370231.07,100.0
ID:GB-CFS-319493,Foreign Commonwealth and Development Office,Open,1,124414.0,124414.0,100.0
ID:GB-CFS-319514,"Department for Environment, Food & Rural Affairs",Selective,1,32000.0,32000.0,100.0
ID:GB-CFS-319522,"Kent Police, Essex Police",Selective,1,160491.96,160491.96,100.0
ID:GB-CFS-319524,Dorset County Hospital NHS Foundation Trust,Selective,1,38674.0,38674.0,100.0
ID:GB-CFS-319532,Department for Work and Pensions,Open,1,6100000.0,6100000.0,100.0
ID:GB-CFS-319539,London Borough of Ealing,Selective,1,800000.0,800000.0,100.0
ID:GB-CFS-319562,NHS Counter Fraud Authority,Selective,1,18564.0,18564.0,100.0
ID:GB-CFS-319571,UK Health Security Agency,Unknown,1,401685.77,401685.77,100.0
ID:GB-CFS-319573,Department for Health and Social Care,Selective,1,33600.0,33600.0,100.0
ID:GB-CFS-319575,University Hospitals Sussex NHS Foundation Trust,Selective,6,754033.05,110297.5,100.0
ID:GB-CFS-319578,Derbyshire Support and Facilities Services Limited,Unknown,1,18940.38,18940.38,100.0
ID:GB-CFS-319596,Fusion21 Members Consortium,Open,2,1500000000.0,750000000.0,88.5216671784842
ID:GB-CFS-319596,Fusion21 Members Consortium,Selective,2,194500395.0,97250197.5,11.478332821515808
ID:GB-CFS-319597,Royal National Orthopaedic Hospital NHS Trust,Selective,1,29220.0,29220.0,13.261444383694345
ID:GB-CFS-319597,Royal National Orthopaedic Hospital NHS Trust,Unknown,2,191117.99,95558.995,86.73855561630566
ID:GB-CFS-319626,Pool Re Services Limited,Open,1,37200.0,37200.0,100.0
ID:GB-CFS-319628,Keystone Developments (LG) Limited,Open,1,6600000.0,6600000.0,100.0
ID:GB-CFS-319673,Great Yarmouth Services Ltd,Unknown,1,16200.0,16200.0,100.0
ID:GB-CFS-319687,NOTTINGHAMSHIRE POLICE,Limited,1,32270.22,32270.22,100.0
ID:GB-CFS-319698,2Gether Support Solutions Ltd,Open,1,8654825.0,8654825.0,100.0
ID:GB-CFS-319703,DfTc - Department for Transport,Selective,1,120000.0,120000.0,100.0
ID:GB-CFS-319705,ATTAIN HEALTH MANAGEMENT SERVICES LTD,Selective,2,993528.0,496764.0,100.0
ID:GB-CFS-319715,Lincolnshire Community Health Services NHS Trust,Selective,1,351703.0,351703.0,100.0
ID:GB-CFS-319717,The Mayor and Commonalty and Citizens of the City of London,Open,4,1196748.77,253270.0,100.0
ID:GB-CFS-319755,Homes England (the name adopted by the Homes and Communities Agency),Unknown,1,400000.0,400000.0,100.0
ID:GB-CFS-319767,Walsall Healthcare NHS Trust,Selective,3,953468.49,253449.49,100.0
ID:GB-CFS-319782,Princess Alexandra,Unknown,1,52000.0,52000.0,100.0
ID:GB-CFS-319786,Department for Education,Unknown,1,122705.0,122705.0,100.0
ID:GB-CFS-319788,South West Yorkshire Partnership NHS Foundation Trust,Direct,2,479117.28,239558.64,48.6482488663265
ID:GB-CFS-319788,South West Yorkshire Partnership NHS Foundation Trust,Selective,2,505743.0,252871.5,51.351751133673496
ID:GB-CFS-319789,Department for Work and Pensions,Selective,5,9123500.0,1350000.0,100.0
ID:GB-CFS-319792,Environment Agency,Selective,2,2554546.0,1277273.0,100.0
ID:GB-CFS-319796,South East Coast Ambulance Service NHS Foundation Trust,Selective,1,2500000.0,2500000.0,100.0
ID:GB-CFS-319797,National Highways,Selective,1,1592722.83,1592722.83,100.0
ID:GB-CFS-319804,Ministry of Defence,Selective,1,19524.16,19524.16,100.0
ID:GB-CFS-319817,NHS Business Services Authority (North East),Selective,1,81750.0,81750.0,100.0
ID:GB-CFS-319820,Kent County Council (t/a Procurement Services),Open,3,3.0,1.0,100.0
ID:GB-CFS-319841,"Barking, Havering and Redbridge University Hospitals NHS Trust",Open,1,14864165.07,14864165.07,100.0
ID:GB-CFS-319843,NHS Business Services Authority,Selective,1,21551.4,21551.4,100.0
ID:GB-CFS-319847,NTW Solutions Ltd,Selective,2,1584105.0,792052.5,100.0
ID:GB-CFS-319848,Ministry of Defence,Selective,1,75600.0,75600.0,100.0
ID:GB-CFS-319860,Nuclear Waste Services Limited,Open,1,1600000.0,1600000.0,100.0
ID:GB-CFS-319862,The Corporate Officer of the House of Commons and the Corporate Officer of the House of Lords,Open,1,493657.61,493657.61,100.0
ID:GB-CFS-319877,SWYFT,Unknown,2,223979.0,111989.5,100.0
ID:GB-CFS-319888,East West Rail,Selective,1,264000.0,264000.0,100.0
ID:GB-CFS-319894,Ministry of Defence,Selective,1,37800000.0,37800000.0,100.0
ID:GB-CFS-319903,"Department for Environment, Food & Rural Affairs",Selective,1,55000.0,55000.0,100.0
ID:GB-CFS-319912,Home Office,Open,1,8707000.0,8707000.0,70.00884457666639
ID:GB-CFS-319912,Home Office,Unknown,2,3730000.0,1865000.0,29.9911554233336
ID:GB-CFS-319930,Ministry of Defence,Selective,2,168374713.0,84187356.5,100.0
ID:GB-CFS-319931,St Christopher's Primary Multi Academy Trust,Open,1,0.0,0.0,
ID:GB-CFS-319934,London Borough of Ealing Council,Selective,1,3955000.0,3955000.0,100.0
ID:GB-CFS-319939,London Ambulance service NHS Trust,Limited,1,30512.0,30512.0,100.0
ID:GB-CFS-319945,Berkshire Healthcare NHS Foundation Trust,Selective,1,1187889.0,1187889.0,100.0
ID:GB-CFS-319947,"Cumbria, Northumberland Tyne and Wear NHS Foundation Trust C/O Sustainable Energy First Limited",Selective,1,595000000.0,595000000.0,100.0
ID:GB-CFS-319963,West Suffolk NHS Hospital,Direct,1,65000.0,65000.0,73.69614512471655
ID:GB-CFS-319963,West Suffolk NHS Hospital,Selective,1,23200.0,23200.0,26.303854875283445
ID:GB-CFS-319983,Leeds Teaching Hospitals NHS Trust,Selective,1,399798.96,399798.96,100.0
ID:GB-CFS-319988,East Midlands Ambulance Service NHS Trust,Limited,1,28725.0,28725.0,100.0
ID:GB-CFS-319995,Rochdale Boroughwide Cultural Trust T/A Your Trust,Open,1,594048.0,594048.0,100.0
ID:GB-CFS-319997,East Suffolk and North East Essex Foundation Trust,Selective,1,40000.0,40000.0,100.0
ID:GB-CFS-320005,Foreign Commonwealth and Development Office,Selective,1,8000000.0,8000000.0,100.0
ID:GB-CFS-320006,Blackburn with Darwen Borough Council,Selective,1,831480.07,831480.07,100.0
ID:GB-CFS-320012,NHS Lincolnshire Integrated Care Board,Selective,1,26100.0,26100.0,100.0
ID:GB-CFS-320013,Lincolnshire Community Health Services NHS Trust,Selective,4,368790.0,96767.0,100.0
ID:GB-CFS-320014,Lancaster City Council,Open,1,1108240.0,1108240.0,100.0
ID:GB-CFS-320019,Home Office,Selective,1,59910.1,59910.1,100.0
ID:GB-CFS-320030,Amplius,Unknown,2,123070.21,61535.105,100.0
ID:GB-CFS-320039,ICS on behalf of DSIT and DESNZ,Selective,2,76548.0,38274.0,100.0
ID:GB-CFS-320051,Ministry of Defence,Selective,1,4156954.0,4156954.0,100.0
ID:GB-CFS-320055,Homes England (the name adopted by the Homes and Communities Agency),Unknown,1,25000.0,25000.0,100.0
ID:GB-CFS-320070,Learning Partners Academy Trust,Open,1,152685.0,152685.0,100.0
ID:GB-CFS-320075,DVLA - Driver & Vehicle Licensing Agency,Selective,2,855528.0,427764.0,100.0
ID:GB-CFS-320078,Cheviot Learning Trust,Selective,1,7047099.82,7047099.82,100.0
ID:GB-CFS-320079,The Princess Alexandra Hospitals NHS Trust,Unknown,1,850000.0,850000.0,100.0
ID:GB-CFS-320095,Ministry of Defence,Selective,1,2560350.0,2560350.0,100.0
ID:GB-CFS-320118,North West Anglia NHS FT,Selective,1,5400000.0,5400000.0,100.0
ID:GB-CFS-320121,Kent and Medway Towns Fire Authority,Selective,1,80000.0,80000.0,100.0
ID:GB-CFS-320128,NRS,Limited,1,45000.0,45000.0,3.2909619784631547
ID:GB-CFS-320128,NRS,Selective,1,1322381.34,1322381.34,96.70903802153684
ID:GB-CFS-320140,Croydon Health Services NHS Trust,Open,1,314782.0,314782.0,100.0
ID:GB-CFS-320141,Ministry of Defence,Selective,1,791666.67,791666.67,100.0
ID:GB-CFS-320225,Belfast Health & Social Care Trust,Selective,1,230000.0,230000.0,100.0
ID:GB-CFS-320234,Sellafield,Direct,1,1770390.65,1770390.65,81.67388663670174
ID:GB-CFS-320234,Sellafield,Selective,1,397243.0,397243.0,18.32611336329827
ID:GB-CFS-320250,United Lincolnshire Teaching Hospitals NHS Trust,Selective,1,53095000.0,53095000.0,100.0
ID:GB-CFS-320257,ICS on behalf of DSIT and DESNZ,Selective,1,81500.0,81500.0,100.0
ID:GB-CFS-320261,Calderdale and Huddersfield Solutions Limited,Selective,1,180000.0,180000.0,100.0
ID:GB-CFS-320263,Sellafield Limited,Selective,1,37344.12,37344.12,100.0
ID:GB-CFS-320264,Hull University Hospitals NHS Trust,Selective,2,4760522.98,2380261.49,100.0
ID:GB-CFS-320277,Dorset HealthCare University NHS Foundation Trust,Selective,2,2056944.17,1028472.085,100.0
ID:GB-CFS-320288,Northumbria Healthcare Facilities Management Limited,Selective,1,258180.0,258180.0,100.0
ID:GB-CFS-320307,The Mayor and Commonalty and Citizens of the City of London,Direct,4,2533505.97,167837.39500000002,82.92223166893014
ID:GB-CFS-320307,The Mayor and Commonalty and Citizens of the City of London,Selective,1,521773.56,521773.56,17.07776833106986
ID:GB-CFS-320310,DSIT,Selective,1,1700000.0,1700000.0,100.0
ID:GB-CFS-320320,Medicines and Healthcare products Regulatory Agency,Direct,1,110000.0,110000.0,0.3636604072996562
ID:GB-CFS-320320,Medicines and Healthcare products Regulatory Agency,Open,16,30138000.0,0.0,99.63633959270034
ID:GB-CFS-320377,Ministry of Defence,Limited,1,5250000.0,5250000.0,100.0
ID:GB-CFS-320381,ICS on behalf of DSIT and DESNZ,Selective,1,49601.1,49601.1,100.0
ID:GB-CFS-320385,The Legal Aid Agency,Open,1,9159482.0,9159482.0,100.0
ID:GB-CFS-320433,CONNECT HOUSING ASSOCIATION LTD,Selective,1,1250000.0,1250000.0,100.0
ID:GB-CFS-320437,Walsall College,Open,2,767974.56,383987.28,100.0
ID:GB-CFS-320439,Nottingham University Hospitals NHS Trust,Selective,1,50000.0,50000.0,100.0
ID:GB-CFS-320441,Homes England (the name adopted by the Homes and Communities Agency),Open,2,76698.0,38349.0,100.0
ID:GB-CFS-320445,ORBIT GROUP LIMITED,Selective,1,263500.0,263500.0,100.0
ID:GB-CFS-320464,DEPARTMENT FOR ENVIRONMENT FOOD & RURAL AFFAIRS,Direct,1,57000.0,57000.0,1.5679092180342702
ID:GB-CFS-320464,DEPARTMENT FOR ENVIRONMENT FOOD & RURAL AFFAIRS,Open,2,3578414.56,1789207.2799999998,98.43209078196573
ID:GB-CFS-320471,DESNZ,Selective,1,248049.0,248049.0,100.0
ID:GB-CFS-320475,Companies House,Selective,1,75925.0,75925.0,100.0
ID:GB-CFS-320487,East Lothian Council,Unknown,1,77500.0,77500.0,100.0
ID:GB-CFS-320490,Defra Group Commercial,Selective,1,300000.0,300000.0,100.0
ID:GB-CFS-320497,Health Research Authority,Open,1,30000.0,30000.0,13.262163846695929
ID:GB-CFS-320497,Health Research Authority,Selective,3,196207.43,66208.43,86.73783615330407
ID:GB-CFS-320503,ICS on behalf of DSIT and DESNZ,Selective,1,114212.0,114212.0,100.0
ID:GB-CFS-320504,NS&I,Selective,1,36000000.0,36000000.0,100.0
ID:GB-CFS-320511,DVLA - Driver & Vehicle Licensing Agency,Open,1,54250.0,54250.0,100.0
ID:GB-CFS-320521,Somerset NHS Foundation Trust,Unknown,1,10770.0,10770.0,100.0
ID:GB-CFS-320540,United Lincolnshire Teaching Hospitals NHS Trust,Selective,2,1012000.0,506000.0,100.0
ID:GB-CFS-320542,Lincolnshire Community Health Services Trust,Selective,1,221528.0,221528.0,100.0
ID:GB-CFS-320547,Midland Heart Development Limited,Direct,1,5796563.0,5796563.0,100.0
ID:GB-CFS-320555,Ministry of Defence,Selective,1,2557531.6,2557531.6,100.0
ID:GB-CFS-320558,Lord Williams's School,Selective,1,1907567.86,1907567.86,100.0
ID:GB-CFS-320563,University Hospitals Sussex NHS Foundation Trust,Selective,3,400327.62,131040.0,100.0
ID:GB-CFS-320568,ANIMAL AND PLANT HEALTH AGENCY,Selective,1,11405.44,11405.44,100.0
ID:GB-CFS-320569,Northumbria Healthcare Facilities Management Ltd,Selective,1,49640.35,49640.35,100.0
ID:GB-CFS-320574,Northumbria Healthcare NHS Foundation Trust,Selective,1,227212.0,227212.0,100.0
ID:GB-CFS-320586,NHS Lincolnshire Integrated Care Board,Selective,1,493600.0,493600.0,100.0
ID:GB-CFS-320600,Sellafield,Open,1,3750000.0,3750000.0,100.0
ID:GB-CFS-320631,National Highways,Selective,1,686656.8,686656.8,100.0
ID:GB-CFS-320634,Prince Henry High School,Selective,1,1347174.32,1347174.32,100.0
ID:GB-CFS-320662,NHS Blood and Transplant,Selective,2,2684912.0,1342456.0,100.0
ID:GB-CFS-320666,Bristol City Council,Open,1,7198523.0,7198523.0,100.0
ID:GB-CFS-320689,UK Health Security Agency,Selective,1,400000.0,400000.0,100.0
ID:GB-CFS-320693,New Bridge Multi Academy Trust,Open,1,0.0,0.0,
ID:GB-CFS-320695,NHS Property Services Ltd.,Open,1,378288.92,378288.92,100.0
ID:GB-CFS-320699,Department of Health and Social Care,Selective,1,410513.0,410513.0,100.0
ID:GB-CFS-320701,Ministry of Defence,Limited,1,14612024.0,14612024.0,100.0
ID:GB-CFS-320705,Bath Demolition,Selective,1,33558.0,33558.0,100.0
ID:GB-CFS-320728,West Hertfordshire Teaching Hospitals NHS Trust,Direct,1,80000.0,80000.0,100.0
ID:GB-CFS-320730,NHS Property Services,Selective,1,2954912.0,2954912.0,76.34385988482197
ID:GB-CFS-320730,NHS Property Services,Unknown,2,915618.0,457809.0,23.656140115178022
ID:GB-CFS-320733,NHS PS,Selective,1,5005114.0,5005114.0,100.0
ID:GB-CFS-320755,Berkshire Healthcare NHS Foundation Trust,Selective,1,350000.0,350000.0,100.0
ID:GB-CFS-320760,The Police and Crime Commissioner for Norfolk,Selective,1,74500.0,74500.0,100.0
ID:GB-CFS-320765,Nuclear Restoration Services Limited,Limited,1,30464.37,30464.37,100.0
ID:GB-CFS-320774,Northumbria Healthcare NHS Foundation Trust,Selective,1,223710.0,223710.0,100.0
ID:GB-CFS-320776,Hillingdon Hospital NHS Foundation Trust,Selective,1,388694.08,388694.08,100.0
ID:GB-CFS-320817,Home Office,Selective,1,1607273.0,1607273.0,100.0
ID:GB-CFS-320830,Commissioners of Northern Lighthouses operating as Northern Lighthouse Board.,Unknown,1,6768.0,6768.0,100.0
ID:GB-CFS-320852,Companies House,Selective,1,74800.0,74800.0,100.0
ID:GB-CFS-320861,Oasis Community Learning,Open,1,5000000.0,5000000.0,100.0
ID:GB-CFS-320881,Dorset County Hospital NHS Foundation Trust,Selective,1,30000.0,30000.0,100.0
ID:GB-CFS-320882,Nuclear Waste Services,Selective,1,240000.0,240000.0,100.0
ID:GB-CFS-320890,London Borough of Merton,Open,1,68145.0,68145.0,100.0
ID:GB-CFS-320895,FOOD STANDARDS AGENCY (ENGLAND),Open,1,52200.0,52200.0,100.0
ID:GB-CFS-320914,Noadswood School,Open,1,370098.41,370098.41,100.0
ID:GB-CFS-320916,City of Bradford Metropolitan District Council,Unknown,4,3826233.53,875030.765,100.0
ID:GB-CFS-320919,Airedale NHS Foundation Trust,Selective,1,1500000.0,1500000.0,100.0
ID:GB-CFS-320922,University Hospitals Sussex NHS Foundation Trust,Selective,3,848271.01,346108.01,100.0
ID:GB-CFS-320927,UHSFT,Selective,1,40000.0,40000.0,100.0
ID:GB-CFS-320930,UHSFT,Selective,11,702828.0,48000.0,100.0
ID:GB-CFS-320931,United Lincolnshire Teaching Hospitals NHS Trust,Selective,3,1033147.0,280000.0,100.0
ID:GB-CFS-320937,ACIS Group Limited,Direct,1,400000.0,400000.0,100.0
ID:GB-CFS-320951,East Sussex Healthcare NHS Trust,Selective,1,1263840.0,1263840.0,100.0
ID:GB-CFS-320959,Connect Housing,Open,1,3000000.0,3000000.0,100.0
ID:GB-CFS-320962,Ministry of Defence,Limited,1,11367641.0,11367641.0,100.0
ID:GB-CFS-320970,Bath and North East Somerset Council,Unknown,1,67761.0,67761.0,100.0
ID:GB-CFS-320971,"Department for Environment, Food & Rural Affairs",Selective,1,64272.75,64272.75,100.0
ID:GB-CFS-320977,DgC,Selective,1,67179.0,67179.0,100.0
ID:GB-CFS-320980,East Sussex Healthcare NHS Trust,Selective,2,1048011.03,524005.515,100.0
ID:GB-CFS-320986,DESNZ,Direct,1,88200.0,88200.0,100.0
ID:GB-CFS-321008,DgC,Selective,6,757687.8,130454.925,100.0
ID:GB-CFS-321015,Ministry of Defence,Limited,1,19284450.0,19284450.0,100.0
ID:GB-CFS-321019,Watford Borough Council,Unknown,1,63000000.0,63000000.0,100.0
ID:GB-CFS-321025,Home Office,Selective,1,47148.0,47148.0,100.0
ID:GB-CFS-321028,All Saints Catholic School,Open,1,2253492.98,2253492.98,100.0
ID:GB-CFS-321031,West Hertfordshire Hospitals NHS Trust,Selective,1,63924.0,63924.0,100.0
ID:GB-CFS-321052,Palm Bay Primary School,Open,1,580000.0,580000.0,100.0
ID:GB-CFS-321053,Walsall Healthcare NHS Trust,Selective,1,238140.0,238140.0,100.0
ID:GB-CFS-321057,NHS England,Direct,1,112859.0,112859.0,5.5918481408652045
ID:GB-CFS-321057,NHS England,Selective,1,1770000.0,1770000.0,87.69855491658983
ID:GB-CFS-321057,NHS England,Unknown,1,135418.27,135418.27,6.709596942544965
ID:GB-CFS-321063,Truro and Penwith Academy Trust,Open,1,209311.98,209311.98,100.0
ID:GB-CFS-321067,East Sussex Healthcare NHS Trust,Selective,1,329924.0,329924.0,100.0
ID:GB-CFS-321068,BlueLight Commercial,Open,5,76000000.0,0.0,99.7480050398992
ID:GB-CFS-321068,BlueLight Commercial,Selective,1,192000.0,192000.0,0.251994960100798
ID:GB-CFS-321090,Cambridge University Hospitals NHS Foundation Trust,Selective,1,996000.0,996000.0,100.0
ID:GB-CFS-321094,Leidos Supply Limited,Open,2,56940000.0,28470000.0,92.67578125
ID:GB-CFS-321094,Leidos Supply Limited,Unknown,1,4500000.0,4500000.0,7.32421875
ID:GB-CFS-321101,Ministry of Defence,Selective,1,36549.3,36549.3,100.0
ID:GB-CFS-321103,Nuclear Restoration Services,Selective,1,536000.0,536000.0,100.0
ID:GB-CFS-321109,"Department for Environment, Food & Rural Affairs",Selective,1,14881506.12,14881506.12,100.0
ID:GB-CFS-321114,Northampton General Hospital NHS Trust,Selective,1,2583893.93,2583893.93,100.0
ID:GB-CFS-321132,DVLA - Driver & Vehicle Licensing Agency,Selective,1,464333.0,464333.0,100.0
ID:GB-CFS-321134,British Tourist Authority,Selective,1,104511.0,104511.0,100.0
ID:GB-CFS-321144,Department for Business and Trade,Selective,1,270000.0,270000.0,100.0
ID:GB-CFS-321150,Chichester District Council,Unknown,1,498446.0,498446.0,100.0
ID:GB-CFS-321158,Nuclear Restoration Services,Selective,1,45000.0,45000.0,100.0
ID:GB-CFS-321171,Nuclear Decommissioning Authority,Selective,1,99959.05,99959.05,100.0
ID:GB-CFS-321200,Homes England (the name adopted by the Homes and Communities Agency),Open,1,11500.0,11500.0,48.11715481171548
ID:GB-CFS-321200,Homes England (the name adopted by the Homes and Communities Agency),Unknown,1,12400.0,12400.0,51.88284518828452
ID:GB-CFS-321226,Dorset County Hospital NHS Foundation Trust,Selective,1,104798.0,104798.0,100.0
ID:GB-CFS-321228,National Employment Savings Trust (NEST),Direct,1,65000.0,65000.0,24.079246652984715
ID:GB-CFS-321228,National Employment Savings Trust (NEST),Selective,2,204942.0,102471.0,75.92075334701528
ID:GB-CFS-321231,Yorkshire Ambulance Service,Selective,1,42618.0,42618.0,100.0
ID:GB-CFS-321233,Department for Work and Pensions,Selective,1,255000.0,255000.0,100.0
ID:GB-CFS-321244,East of England Ambulance Service NHS Trust,Open,1,2850000.0,2850000.0,100.0
ID:GB-CFS-321246,NHS Arden and Greater East Midlands Commissioning Support Unit,Open,2,4158510.0,2079255.0,100.0
ID:GB-CFS-321287,NHS London Procurement Partnership (Hosted by Guy's and St Thomas' NHS FT),Open,1,382877289.39,382877289.39,100.0
ID:GB-CFS-321297,Ministry of Defence,Selective,1,1102287.13,1102287.13,100.0
ID:GB-CFS-321318,Department for Business and Trade,Selective,1,100000.0,100000.0,100.0
ID:GB-CFS-321327,Construction Industry Training Board,Unknown,4,900000.0,225000.0,100.0
ID:GB-CFS-321405,Shaw Education Trust,Open,1,4767931.0,4767931.0,100.0
ID:GB-CFS-321408,The Christie NHS Foundation Trust,Selective,1,1075000.0,1075000.0,100.0
ID:GB-CFS-321434,NHS England,Open,1,7885000.0,7885000.0,100.0
ID:GB-CFS-321437,Sellafield Ltd,Direct,1,50000.0,50000.0,100.0
ID:GB-CFS-321440,South Staffordshire Learning Partnership,Open,1,1857262.0,1857262.0,100.0
ID:GB-CFS-321453,Northamptonshire Partnership Homes,Unknown,1,600000.0,600000.0,100.0
ID:GB-CFS-321464,Dorset County Hospital NHS FT,Selective,1,84000.0,84000.0,100.0
ID:GB-CFS-321468,Vico Homes Ltd,Selective,1,1078464.0,1078464.0,100.0
ID:GB-CFS-321471,Sellafield Ltd,Direct,1,60000.0,60000.0,100.0
ID:GB-CFS-321482,DVLA - Driver & Vehicle Licensing Agency,Selective,1,79548.8,79548.8,100.0
ID:GB-CFS-321485,Health Innovation North East and North Cumbria,Selective,1,98750.0,98750.0,100.0
ID:GB-CFS-321492,Ministry of Defence,Selective,1,667162.5,667162.5,100.0
ID:GB-CFS-321500,Nuclear Decommissioning Authority,Selective,3,414994.26,114835.96,100.0
ID:GB-CFS-321510,Sellafield Ltd,Unknown,1,170000.0,170000.0,100.0
ID:GB-CFS-321513,DSIT,Selective,1,72000.0,72000.0,100.0
ID:GB-CFS-321548,Leeds Teaching Hospitals NHS Trust,Direct,1,12327.5,12327.5,0.6326511496999602
ID:GB-CFS-321548,Leeds Teaching Hospitals NHS Trust,Selective,3,1936218.71,928290.0,99.36734885030005
ID:GB-CFS-321555,County Durham and Darlington NHS Foundation Trust,Selective,1,102600.0,102600.0,100.0
ID:GB-CFS-321562,Department for Business and Trade,Selective,1,400000.0,400000.0,100.0
ID:GB-CFS-321643,NRS Ltd,Unknown,1,260604.88,260604.88,100.0
ID:GB-CFS-321646,Nottingham University Hospital NHS Trust,Selective,1,690000.0,690000.0,100.0
ID:GB-CFS-321647,The Northern School of Art,Open,1,45000.0,45000.0,100.0
ID:GB-CFS-321659,DVLA - Driver & Vehicle Licensing Agency,Selective,1,1512570.54,1512570.54,100.0
ID:GB-CFS-321672,Department for Education,Selective,25,177139059.23,90142.5,100.0
ID:GB-CFS-321680,LEO Academy Trust,Open,1,0.0,0.0,
ID:GB-CFS-321684,South Ribble Borough Council,Unknown,1,1208603.0,1208603.0,100.0
ID:GB-CFS-321686,Integrated Decommissioning Solutions,Selective,1,28586.89,28586.89,100.0
ID:GB-CFS-321700,Nottinghamshire Police,Selective,5,567233.49,89023.98,100.0
ID:GB-CFS-321710,ICS on behalf of DSIT and DESNZ,Selective,1,875000.0,875000.0,100.0
ID:GB-CFS-321711,Kirklees Council,Selective,2,229201.85,114600.925,100.0
ID:GB-CFS-321715,Lincolnshire Partnership NHS Foundation Trust,Open,1,60000.0,60000.0,100.0
ID:GB-CFS-321716,United Lincolnshire Teaching Hospital NHS Trust,Selective,2,281617.0,140808.5,100.0
ID:GB-CFS-321724,Sanctuary Housing Assocation,Unknown,1,933000.0,933000.0,100.0
ID:GB-CFS-321732,DfTc - Department for Transport,Selective,1,288800.0,288800.0,100.0
ID:GB-CFS-321734,VCA - Vehicle Certification Agency,Selective,10,681031.39,56646.0,100.0
ID:GB-CFS-321756,East Sussex Healthcare NHS Trust,Selective,1,192000.0,192000.0,100.0
ID:GB-CFS-321767,Department for Business and Trade,Selective,1,149571.01,149571.01,100.0
ID:GB-CFS-321768,Lincolnshire Community Health Services NHS Trust,Open,1,40000.0,40000.0,100.0
ID:GB-CFS-321790,Bristol City Council,Unknown,2,91000.0,45500.0,100.0
ID:GB-CFS-321792,United Lincolnshire Teaching Hospitals NHS Trust,Open,1,40000.0,40000.0,100.0
ID:GB-CFS-321797,University Hospitals Sussex NHS Foundation Trust,Selective,1,68188.0,68188.0,100.0
ID:GB-CFS-321798,ARP,Limited,1,660000.0,660000.0,100.0
ID:GB-CFS-321808,University Hospitals Sussex NHS Foundation Trust,Selective,1,29836.85,29836.85,100.0
ID:GB-CFS-321812,University Hospitals Sussex NHS Foundation Trust,Selective,2,118785.25,59392.625,100.0
ID:GB-CFS-321834,Department for Business and Trade,Selective,1,300499.2,300499.2,100.0
ID:GB-CFS-321835,Orbit Group Limited,Selective,1,3500000.0,3500000.0,100.0
ID:GB-CFS-321841,Ministry of Defence,Selective,1,10989000.0,10989000.0,100.0
ID:GB-CFS-321854,NS&I,Selective,1,0.0,0.0,
ID:GB-CFS-321865,ICS on behalf of DSIT and DESNZ,Selective,1,375000.0,375000.0,100.0
ID:GB-CFS-321870,Amplius Living,Unknown,1,65107.68,65107.68,100.0
ID:GB-CFS-321876,NHS Business Services Authority,Selective,1,6200000.0,6200000.0,100.0
ID:GB-CFS-321879,NECS,Selective,2,72877.2,36438.6,100.0
ID:GB-CFS-321888,Peter Symonds' College,Open,1,991011.59,991011.59,100.0
ID:GB-CFS-321894,Ministry of Defence,Selective,1,12500.0,12500.0,100.0
ID:GB-CFS-321905,The Mayor and Commonalty and Citizens of the City of London,Selective,1,1800000.0,1800000.0,100.0
ID:GB-CFS-321923,Yorkshire Ambulance Service NHS Trust,Limited,1,120000.0,120000.0,71.68025445534595
ID:GB-CFS-321923,Yorkshire Ambulance Service NHS Trust,Selective,1,47410.12,47410.12,28.31974554465405
ID:GB-CFS-321927,"Department for Environment, Food & Rural Affairs",Selective,1,0.0,0.0,
ID:GB-CFS-321931,Department for Work and Pensions,Selective,1,735538.0,735538.0,100.0
ID:GB-CFS-321933,Flagship Housing Group,Selective,1,358204.8,358204.8,100.0
ID:GB-CFS-321941,UK SBS,Selective,2,320219.46,160109.73,100.0
ID:GB-CFS-321964,United Lincolnshire Teaching Hospitals NHS Trust,Selective,1,200000.0,200000.0,100.0
ID:GB-CFS-321968,Ministry of Defence,Selective,1,553000.0,553000.0,100.0
ID:GB-CFS-321987,DSIT,Selective,1,68064.0,68064.0,100.0
ID:GB-CFS-322004,Barnsley NHS foundation Trust,Selective,1,157558.8,157558.8,100.0
ID:GB-CFS-322030,Cleveland Police,Open,1,65446.0,65446.0,100.0
ID:GB-CFS-322058,Home Office,Selective,1,655354.9,655354.9,100.0
ID:GB-CFS-322061,Yorkshire Ambulance Service NHS Trust,Limited,10,1060000.0,120000.0,100.0
ID:GB-CFS-322067,Salford City Council,Selective,1,79718.0,79718.0,100.0
ID:GB-CFS-322072,Salford City Council,Selective,1,122122.18,122122.18,100.0
ID:GB-CFS-322077,Nottingham City Council,Open,1,67000.0,67000.0,100.0
ID:GB-CFS-322085,NHS West Yorkshire Integrated Care Board,Selective,1,163025.0,163025.0,100.0
ID:GB-CFS-322102,Northern Lincolnshire and Goole NHS Foundation Trust,Selective,1,545340.66,545340.66,100.0
ID:GB-CFS-322104,Derbyshire Support & Facilities Services Ltd,Unknown,1,183000.0,183000.0,100.0
ID:GB-CFS-322106,Nottingham City Homes,Selective,1,720000.0,720000.0,100.0
ID:GB-CFS-322116,Dorset County Hospital NHS Foundation Trust,Selective,1,18599.0,18599.0,100.0
ID:GB-CFS-322127,The University of Northumbria at Newcastle,Open,1,500000.0,500000.0,100.0
ID:GB-CFS-322134,York and Scarborough Teaching Hospitals NHS Foundation Trust,Selective,1,105660.0,105660.0,100.0
ID:GB-CFS-322149,Ministry of Defence,Selective,1,533121.0,533121.0,100.0
ID:GB-CFS-322152,NHS Counter Fraud Authority,Selective,1,80000.0,80000.0,100.0
ID:GB-CFS-322153,Animal and Plant Health Agency,Selective,1,29795.0,29795.0,100.0
ID:GB-CFS-322157,Ministry of Defence,Limited,1,12245000.0,12245000.0,100.0
ID:GB-CFS-322181,Royal Borough of Greenwich,Unknown,1,435285.0,435285.0,100.0
ID:GB-CFS-322187,Berneslai Homes Limited,Selective,2,1350000.0,675000.0,100.0
ID:GB-CFS-322191,Ongo Homes Limited,Open,1,22340000.0,22340000.0,100.0
ID:GB-CFS-322233,Ministry of Defence,Open,1,380160.0,380160.0,100.0
ID:GB-CFS-322312,Adur District Council & Worthing Borough Council,Unknown,1,2886139.0,2886139.0,100.0
ID:GB-CFS-322322,London Borough of Ealing Council,Selective,1,3814241.0,3814241.0,100.0
ID:GB-CFS-322325,The House of Commons,Direct,1,13363.63,13363.63,100.0
ID:GB-CFS-322330,Bath & North East Somerset Council,Unknown,1,31296.8,31296.8,100.0
ID:GB-CFS-322334,Rossendale Borough Council,Unknown,1,178245.0,178245.0,100.0
ID:GB-CFS-322335,City of Portsmouth College,Unknown,2,3370000.0,1685000.0,100.0
ID:GB-CFS-322343,Gentoo Group Limited,Unknown,1,134260.0,134260.0,100.0
ID:GB-CFS-322348,Blackburn with Darwen Borough Council,Selective,1,1898133.0,1898133.0,100.0
ID:GB-CFS-322356,Barts NHS Trust,Selective,1,1461485.0,1461485.0,100.0
ID:GB-CFS-322361,NHS Business Services Authority,Selective,2,67323.65,33661.825,100.0
ID:GB-CFS-322367,The Rotherham NHS Foundation Trust,Selective,1,42946.96,42946.96,100.0
ID:GB-CFS-322385,Chelsea and Westminster Hospital,Selective,1,73075.0,73075.0,100.0
ID:GB-CFS-322413,Imperial College Hospital,Selective,1,194500.0,194500.0,100.0
ID:GB-CFS-322414,Guy's and St Thomas' NHS Foundation Trust,Open,1,1415000.0,1415000.0,100.0
ID:GB-CFS-322437,"department for environment, food and rural affairs",Direct,1,136000.0,136000.0,100.0
ID:GB-CFS-322441,Construction Industry Training Board,Unknown,1,300000.0,300000.0,100.0
ID:GB-CFS-322444,Nottingham University Hospitals NHS Trust,Selective,3,1778920.0,439511.0,100.0
ID:GB-CFS-322446,Nottingham University Hospital NHS Trust,Selective,1,317649.6,317649.6,100.0
ID:GB-CFS-322457,Peabody Trust,Unknown,2,242391.06,121195.53,100.0
ID:GB-CFS-322463,Construction Industry Training Board,Unknown,1,300000.0,300000.0,100.0
ID:GB-CFS-322480,Imperial College Hospital,Selective,2,341364.44,170682.22,100.0
ID:GB-CFS-322483,London Borough of Barnet,Unknown,1,567478.8,567478.8,100.0
ID:GB-CFS-322490,Peabody trust,Unknown,1,93505.16,93505.16,100.0
ID:GB-CFS-322492,Cambridgeshire Constabulary,Selective,3,290624.0,100624.0,100.0
ID:GB-CFS-322500,Norfolk Constabulary,Selective,1,20124.8,20124.8,100.0
ID:GB-CFS-322503,Senior Commercial Manager,Direct,1,584795.0,584795.0,100.0
ID:GB-CFS-322504,Essex Police,Selective,5,4203456.07,66000.0,100.0
ID:GB-CFS-322516,Hull University Teaching Hospitals NHS Trust,Selective,1,185314.33,185314.33,100.0
ID:GB-CFS-322521,Lincolnshire Housing Partnership,Selective,1,1386464.69,1386464.69,100.0
ID:GB-CFS-322528,Intellectual Property Office,Direct,1,47025.35,47025.35,2.826338448664333
ID:GB-CFS-322528,Intellectual Property Office,Selective,2,1169374.3,584687.15,70.282252975681
ID:GB-CFS-322528,Intellectual Property Office,Unknown,1,447426.21,447426.21,26.89140857565467
ID:GB-CFS-322530,Bath and North East Somerset Council,Unknown,1,33140.0,33140.0,100.0
ID:GB-CFS-322532,Hyndburn Borough Council,Selective,1,4680.0,4680.0,100.0
ID:GB-CFS-322535,Home Office,Unknown,1,2290000.0,2290000.0,100.0
ID:GB-CFS-322587,St Barts Multi-Academy Trust,Open,1,186363.9,186363.9,100.0
ID:GB-CFS-322588,Cheshire East Council,Unknown,1,60000.0,60000.0,100.0
ID:GB-CFS-322589,"Department for Environment, Food & Rural Affairs",Selective,36,2273406.11,64881.5,100.0
ID:GB-CFS-322593,NRS,Limited,1,202000.0,202000.0,100.0
ID:GB-CFS-322605,Department for Work and Pensions,Selective,1,1000000.0,1000000.0,100.0
ID:GB-CFS-322614,Home Office,Unknown,1,189000.0,189000.0,100.0
ID:GB-CFS-322620,University of Plymouth,Open,1,4580107.85,4580107.85,100.0
ID:GB-CFS-322637,University Hospitals Birmingham NHS Foundation Trust,Selective,1,228675.12,228675.12,100.0
ID:GB-CFS-322649,Sutton Housing Partnership Ltd,Unknown,1,595940.0,595940.0,100.0
ID:GB-CFS-322658,Ministry of Defence,Unknown,1,1564559.0,1564559.0,100.0
ID:GB-CFS-322670,British Tourist Authority,Selective,2,252890.0,126445.0,100.0
ID:GB-CFS-322674,Environment Agency,Selective,45,2742107.27,59279.23,100.0
ID:GB-CFS-322677,Manchester City Council,Selective,1,102482.4,102482.4,100.0
ID:GB-CFS-322680,Manchester City Council,Selective,1,83266.0,83266.0,100.0
ID:GB-CFS-322687,Ministry of Defence,Selective,1,6398750.0,6398750.0,100.0
ID:GB-CFS-322688,Leeds and York Partnership NHS Foundation Trust,Selective,1,10500.0,10500.0,100.0
ID:GB-CFS-322705,Dorset County Hospital NHS Foundation Trust,Direct,1,13650.0,13650.0,100.0
ID:GB-CFS-322746,Kirklees College,Direct,1,10000.0,10000.0,100.0
ID:GB-CFS-322760,NHS Property Services,Selective,1,3263337.3,3263337.3,100.0
ID:GB-CFS-322762,Department for Work and Pensions,Selective,1,110000.0,110000.0,100.0
ID:GB-CFS-322772,Peabody trust,Unknown,1,90680.0,90680.0,100.0
ID:GB-CFS-322779,Home Office,Selective,2,4459738.83,2229869.415,100.0
ID:GB-CFS-322788,Home Office,Selective,1,3000000.0,3000000.0,100.0
ID:GB-CFS-322799,Hull City Council,Selective,1,32700.0,32700.0,100.0
ID:GB-CFS-322801,Northern Lincolnshire and Goole NHS Foundation Trust,Direct,1,80786.0,80786.0,67.8725770625875
ID:GB-CFS-322801,Northern Lincolnshire and Goole NHS Foundation Trust,Selective,1,38239.98,38239.98,32.12742293741249
ID:GB-CFS-322812,Kent Community NHS Foundation Trust,Selective,1,80437.92,80437.92,100.0
ID:GB-CFS-322817,Leeds Teaching Hospitals NHS Trust,Selective,1,1500000.0,1500000.0,100.0
ID:GB-CFS-322824,NHS Property Services,Selective,3,27500000.0,9500000.0,100.0
ID:GB-CFS-322827,Department for Business and Trade,Open,1,520000.0,520000.0,100.0
ID:GB-CFS-322830,Natural England,Selective,1,40100.0,40100.0,100.0
ID:GB-CFS-322834,Leeds Teaching Hospitals NHS Trust,Selective,1,200000.0,200000.0,61.46530647631353
ID:GB-CFS-322834,Leeds Teaching Hospitals NHS Trust,Unknown,1,125386.81,125386.81,38.53469352368647
ID:GB-CFS-322840,Department of Health and Social Care,Selective,1,65000.0,65000.0,100.0
ID:GB-CFS-322845,Medicines and Healthcare Products Regulatory Agency,Selective,2,373055.0,186527.5,100.0
ID:GB-CFS-322847,Ministry of Defence,Selective,1,117412.0,117412.0,100.0
ID:GB-CFS-322852,The Princess Alexandra NHS Trust,Selective,1,442000.0,442000.0,100.0
ID:GB-CFS-322854,Kent and Medway NHS & Social Care Partnership Trust,Selective,1,255959.0,255959.0,100.0
ID:GB-CFS-322880,NHS Midlands and Lancashire Commissioning Support Unit (hosted by NHS England),Direct,1,10000.0,10000.0,100.0
ID:GB-CFS-322885,Homes England (the name adopted by the Homes and Communities Agency),Unknown,2,172524.84,86262.42,100.0
ID:GB-CFS-322896,NHS Business Service Authority,Selective,1,975399.86,975399.86,100.0
ID:GB-CFS-322911,Hull University Teaching Hospitals NHS Trust,Selective,1,2750000.0,2750000.0,100.0
ID:GB-CFS-322914,National Highways,Selective,29,17753592.17,99197.6,100.0
ID:GB-CFS-322925,Intellectual Property Office,Selective,1,14024.68,14024.68,100.0
ID:GB-CFS-322939,"Department for Environment, Food & Rural Affairs",Open,1,8000000.0,8000000.0,100.0
ID:GB-CFS-322949,Notting Hill Genesis,Open,1,1500000000.0,1500000000.0,100.0
ID:GB-CFS-322956,Surrey and Borders Partnership NHS Foundation Trust,Selective,1,229680.0,229680.0,100.0
ID:GB-CFS-322957,NHS England,Selective,2,522860.0,261430.0,46.61480755210521
ID:GB-CFS-322957,NHS England,Unknown,1,598800.75,598800.75,53.38519244789478
ID:GB-CFS-322961,Natural England,Selective,1,66900.0,66900.0,100.0
ID:GB-CFS-322967,Home Office,Selective,1,765000.0,765000.0,100.0
ID:GB-CFS-322968,National Highways,Selective,1,79720.89,79720.89,100.0
ID:GB-CFS-323019,Telford College,Open,1,26400.0,26400.0,100.0
ID:GB-CFS-323036,UKHSA,Selective,3,58099900.0,18000000.0,100.0
ID:GB-CFS-323043,NHS England,Open,1,459652576.0,459652576.0,100.0
ID:GB-CFS-323046,Adur District Council & Worthing Borough Council,Unknown,1,71016.63,71016.63,100.0
ID:GB-CFS-323049,"The Police, Fire and Crime Commissioner for Essex",Selective,1,194553.0,194553.0,100.0
ID:GB-CFS-323052,NHS Midlands and Lancashire Commissioning Support Unit (hosted by NHS England),Selective,1,177141.22,177141.22,100.0
ID:GB-CFS-323053,Department for Business and Trade,Unknown,1,18235.0,18235.0,100.0
ID:GB-CFS-323087,Department for Work and Pensions,Selective,1,19961865.16,19961865.16,100.0
ID:GB-CFS-323098,Ministry of Defence,Selective,1,520000.0,520000.0,100.0
ID:GB-CFS-323110,Ministry of Defence,Selective,1,63431815.5,63431815.5,100.0
ID:GB-CFS-323114,Westminster City Council,Selective,1,195407.85,195407.85,100.0
ID:GB-CFS-323118,Nuclear Decommissioning Authority,Selective,1,8000000.0,8000000.0,100.0
ID:GB-CFS-323122,Yorkshire Ambulance Service NHS Trust,Limited,3,150000.0,50000.0,100.0
ID:GB-CFS-323140,Wigan Council,Direct,1,70072.0,70072.0,100.0
ID:GB-CFS-323143,Nuclear Restoration Services Limited (Dounreay),Selective,1,960000.0,960000.0,100.0
ID:GB-CFS-323145,Home Office,Selective,1,11300000.0,11300000.0,100.0
ID:GB-CFS-323167,DEFRA,Direct,1,14500.0,14500.0,100.0
ID:GB-CFS-323169,Nuclear Restoration Services,Selective,1,44011.0,44011.0,100.0
ID:GB-CFS-323170,Ministry of Defence,Selective,1,1000000.0,1000000.0,100.0
ID:GB-CFS-323193,DfTc - Department for Transport,Selective,1,263239.0,263239.0,100.0
ID:GB-CFS-323218,NHS Counter Fraud Authority,Selective,1,80846.75,80846.75,100.0
ID:GB-CFS-323220,Ministry of Defence,Selective,1,28225.8,28225.8,100.0
ID:GB-CFS-323233,Halton Borough Council,Open,1,34631.36,34631.36,16.497869081139555
ID:GB-CFS-323233,Halton Borough Council,Selective,1,175282.78,175282.78,83.50213091886044
ID:GB-CFS-323238,"Department for Environment, Food & Rural Affairs",Selective,7,3436610.0,23750.0,100.0
ID:GB-CFS-323246,Ministry of Defence,Selective,1,19000000.0,19000000.0,100.0
ID:GB-CFS-323247,National Highways,Selective,9,1695524.93,68107.88,100.0
ID:GB-CFS-323258,"NHS Bedfordshire, Luton & Milton Keynes ICB",Open,1,39375.0,39375.0,100.0
ID:GB-CFS-323262,NHS Business Services Authority,Selective,1,72705.0,72705.0,100.0
ID:GB-CFS-323279,Ministry of Defence,Selective,2,2691670.0,1345835.0,100.0
ID:GB-CFS-323282,University of Northumbria at Newcastle,Unknown,1,88661.0,88661.0,100.0
ID:GB-CFS-323290,United Lincolnshire Teaching Hospitals NHS Trust,Selective,1,1000000.0,1000000.0,100.0
ID:GB-CFS-323303,Natural England,Selective,22,924526.86,43948.0,100.0
ID:GB-CFS-323305,Defra Commercial,Direct,1,50000.0,50000.0,100.0
ID:GB-CFS-323337,Imperial College Healthcare NHS Trust,Selective,1,0.0,0.0,
ID:GB-CFS-323367,Division,Selective,1,5000000.0,5000000.0,100.0
ID:GB-CFS-323379,The Police and Crime Commissioner for Suffolk,Open,1,2650000.0,2650000.0,100.0
ID:GB-CFS-323388,United Lincolnshire Teaching Hospital NHS Trust,Selective,1,60000.0,60000.0,100.0
ID:GB-CFS-323412,University of Bristol,Selective,3,261518.0,50000.0,100.0
ID:GB-CFS-323417,United Lincolnshire Teaching Hospital NHS Trust,Selective,1,8600000.0,8600000.0,100.0
ID:GB-CFS-323421,Airedale NHS Foundation Trust,Selective,1,80000.0,80000.0,100.0
ID:GB-CFS-323429,"The Police, Fire, and Crime Commissioner for Essex, The Police and Crime Commissioners for Kent, Norfolk and Suffolk",Selective,1,3750000.0,3750000.0,100.0
ID:GB-CFS-323445,Home Office,Selective,1,237786.0,237786.0,100.0
ID:GB-CFS-323451,Tyne Housing Association,Selective,1,20708.99,20708.99,100.0
ID:GB-CFS-323459,NHS Norfolk & Waveney Integrated Care Board,Selective,1,85210.0,85210.0,100.0
ID:GB-CFS-323477,NHS England,Selective,1,85000.0,85000.0,100.0
ID:GB-CFS-323528,Acis Group Limited,Direct,1,550000.0,550000.0,100.0
ID:GB-CFS-323533,Acis Group Limited,Direct,1,200000.0,200000.0,100.0
ID:GB-CFS-323553,West Midlands Combined Authority,Selective,1,94527.5,94527.5,100.0
ID:GB-CFS-323572,ENVIRONMENT AGENCY,Selective,1,75579.17,75579.17,100.0
ID:GB-CFS-323576,Ministry of Defence,Selective,1,24819.76,24819.76,100.0
ID:GB-CFS-323585,SUSSEX PARTNERSHIP NHS FOUNDATION TRUST,Selective,1,37520.77,37520.77,100.0
ID:GB-CFS-323614,Leeds Jewish Housing Association,Selective,1,311630.0,311630.0,100.0
ID:GB-CFS-323620,Nuclear Restoration Services Limited,Selective,1,110000.0,110000.0,100.0
ID:GB-CFS-323623,Nuclear Restoration Services Limited (Dounreay),Open,1,257359.77,257359.77,100.0
ID:GB-CFS-323647,JV North Limited,Open,1,475000000.0,475000000.0,100.0
ID:GB-CFS-323711,Homes England (the name adopted by the Homes and Communities Agency),Unknown,1,21080.0,21080.0,100.0
ID:GB-CFS-323728,EA,Selective,1,94962.3,94962.3,100.0
ID:GB-CFS-323752,Kent Community NHs Foundation Trust,Selective,1,158703.08,158703.08,100.0
ID:GB-CFS-323767,London Borough of Enfield,Selective,1,5592835.0,5592835.0,100.0
ID:GB-CFS-323769,Gloucestershire Hospitals NHS Foundation Trust,Selective,1,762060.0,762060.0,100.0
ID:GB-CFS-323771,Sheffield Teaching Hospital NHS Foundation Trust,Selective,1,53587.0,53587.0,100.0
ID:GB-CFS-323772,Clearsprings ready homes,Unknown,3,31600000.0,2400000.0,100.0
ID:GB-CFS-323780,Ministry of Defence,Selective,1,388615.0,388615.0,100.0
ID:GB-CFS-323787,Environment Agency,Selective,2,267791.26,133895.63,100.0
ID:GB-CFS-323788,DSIT,Selective,1,49860.0,49860.0,100.0
ID:GB-CFS-323793,Home Office,Open,1,780000.0,780000.0,100.0
ID:GB-CFS-323799,Surrey and Borders Partnership NHS FT,Selective,1,34958.88,34958.88,100.0
ID:GB-CFS-323803,DEFRA,Selective,1,173743.98,173743.98,100.0
ID:GB-CFS-323806,NTW Solutions Limited,Unknown,1,36650.0,36650.0,100.0
ID:GB-CFS-323807,"Cumbria, Northumberland Tyne and Wear NHS Foundation Trust",Selective,1,250000.0,250000.0,50.0
ID:GB-CFS-323807,"Cumbria, Northumberland Tyne and Wear NHS Foundation Trust",Unknown,1,250000.0,250000.0,50.0
ID:GB-CFS-323816,CPS,Selective,1,81000.0,81000.0,100.0
ID:GB-CFS-323818,National Highways,Open,1,45013.63,45013.63,0.2354895571403717
ID:GB-CFS-323818,National Highways,Selective,27,19069901.93,167882.45,99.76451044285965
ID:GB-CFS-323841,C/O Elfs Shared Services,Limited,1,21844.68,21844.68,100.0
ID:GB-CFS-323848,Nuclear Decommissioning Authority,Selective,1,120000.0,120000.0,100.0
ID:GB-CFS-323850,Nuclear Decommissioning Authroity,Unknown,1,160000.0,160000.0,100.0
ID:GB-CFS-323852,Walsall Healthcare NHS Trust/UHMN NHS Foundation Trust,Selective,2,6000039.0,3000019.5,100.0
ID:GB-CFS-323858,The Mayor's Office for Policing and Crime (MOPAC),Open,1,250000.0,250000.0,79.3809681588648
ID:GB-CFS-323858,The Mayor's Office for Policing and Crime (MOPAC),Unknown,3,64936.95,24961.95,20.619031841135183
ID:GB-CFS-323866,Incommunities Ltd,Selective,1,1666666.67,1666666.67,100.0
ID:GB-CFS-323867,West Midlands Combined Authority,Selective,1,150000.0,150000.0,100.0
ID:GB-CFS-323873,Ministry of Defence,Unknown,1,138927.0,138927.0,100.0
ID:GB-CFS-323882,Equality and Human Rights Commission,Open,1,4200.0,4200.0,100.0
ID:GB-CFS-323885,The Pensions Regulator,Selective,1,317533.18,317533.18,100.0
ID:GB-CFS-323892,Broadland Housing Group,Unknown,1,1700000.0,1700000.0,100.0
ID:GB-CFS-323893,Midland Heart Limited,Unknown,2,1757439.6,878719.8,100.0
ID:GB-CFS-323896,West Berkshire Council,Selective,1,63700.0,63700.0,100.0
ID:GB-CFS-323917,NHS Midlands and Lancashire Commissioning Support Unit (hosted by NHS England),Selective,3,159550.0,65000.0,100.0
ID:GB-CFS-323935,The Mayor and Commonalty and Citizens of the City of London,Open,1,30000000.0,30000000.0,98.19967266775778
ID:GB-CFS-323935,The Mayor and Commonalty and Citizens of the City of London,Selective,1,550000.0,550000.0,1.800327332242226
ID:GB-CFS-323943,Co-op Academy Swinton,Open,1,221842.77,221842.77,100.0
ID:GB-CFS-323944,Calico Homes,Selective,1,52186.72,52186.72,100.0
ID:GB-CFS-323961,Tameside Metropolitan Borough Council,Unknown,2,1167290.0,583645.0,100.0
ID:GB-CFS-323969,Worcestershire Acute Hospitals NHS Trust,Selective,1,76275.0,76275.0,100.0
ID:GB-CFS-323981,DSIT,Selective,1,49948.0,49948.0,100.0
ID:GB-CFS-324004,National Highways,Selective,1,0.0,0.0,
ID:GB-CFS-324005,Compass - Services to Improve Health and Wellbeing,Open,1,2790495.79,2790495.79,100.0
ID:GB-CFS-324008,UK Health Security Agency,Selective,2,84053.78,42026.89,100.0
ID:GB-CFS-324009,University Hospitals of North Midlands NHS Trust,Limited,1,729052.0,729052.0,68.11463377859562
ID:GB-CFS-324009,University Hospitals of North Midlands NHS Trust,Selective,1,341278.94,341278.94,31.885366221404382
ID:GB-CFS-324011,DEFRA,Selective,1,52311.0,52311.0,100.0
ID:GB-CFS-324017,DSIT,Unknown,1,18577.0,18577.0,100.0
ID:GB-CFS-324020,Sussex Partnership Foundation Trust,Selective,1,250000.0,250000.0,100.0
ID:GB-CFS-324030,City of Lincoln Council,Direct,2,1200000.0,600000.0,100.0
ID:GB-CFS-324051,Worcestershire Acute Hospitals NHS Trust,Selective,5,332328.62,39860.51,100.0
ID:GB-CFS-324058,Natural England,Selective,1,18951.5,18951.5,100.0
ID:GB-CFS-324059,Nottingham University Hospital NHS Trust,Selective,1,49600.0,49600.0,100.0
ID:GB-CFS-324064,Natural England,Selective,2,126752.1,63376.05,100.0
ID:GB-CFS-324067,Worcestershire Acute Hospitals NHS Trust,Selective,2,2225345.0,1112672.5,100.0
ID:GB-CFS-324069,NHS England,Selective,1,512762.4,512762.4,100.0
ID:GB-CFS-324090,Bath and North East Somerset Council,Direct,1,46000.0,46000.0,100.0
ID:GB-CFS-324095,Sellafield Ltd,Selective,1,2400000.0,2400000.0,100.0
ID:GB-CFS-324135,River Learning Trust,Open,1,0.0,0.0,
ID:GB-CFS-324152,West Midlands Combined Authority,Selective,2,113708.4,56854.2,100.0
ID:GB-CFS-324153,DEFRA,Selective,1,313794.53,313794.53,100.0
ID:GB-CFS-324159,Department of Health and Social Care (DHSC),Selective,2,64000.0,32000.0,100.0
ID:GB-CFS-324162,Ministry of Defence,Selective,1,4502015.0,4502015.0,100.0
ID:GB-CFS-324182,National Highways,Selective,1,119567.81,119567.81,100.0
ID:GB-CFS-324183,Ministry of Defence,Selective,1,8099784.0,8099784.0,100.0
ID:GB-CFS-324184,The Police and Crime Commissioner for Cambridgeshire,Open,1,37800.0,37800.0,8.07190400840503
ID:GB-CFS-324184,The Police and Crime Commissioner for Cambridgeshire,Selective,1,430491.0,430491.0,91.92809599159496
ID:GB-CFS-324186,The Police and Crime Commissioner for Hertfordshire,Open,1,76500.0,76500.0,100.0
ID:GB-CFS-324188,National Highways,Selective,5,1471687.84,312025.81,100.0
ID:GB-CFS-324192,UK SBS,Open,1,9140000.0,9140000.0,100.0
ID:GB-CFS-324195,Nottingham University Hospitals NHS Trust,Selective,1,120000.0,120000.0,100.0
ID:GB-CFS-324204,Plus Dane Housing Limited,Direct,1,1000000.0,1000000.0,100.0
ID:GB-CFS-324211,DVLA - Driver & Vehicle Licensing Agency,Selective,1,305000.0,305000.0,100.0
ID:GB-CFS-324221,The Police and Crime Commissioner for Bedfordshire,Open,1,64900.0,64900.0,100.0
ID:GB-CFS-324233,National Highways,Selective,1,150000.0,150000.0,100.0
ID:GB-CFS-324234,Kent and Medway NHS & Social Care Partnership Trust,Selective,2,99998.34,49999.17,100.0
ID:GB-CFS-324235,Kent Police,Selective,1,17609.2,17609.2,100.0
ID:GB-CFS-324236,Royal Papworth Hospital,Direct,1,47998.8,47998.8,100.0
ID:GB-CFS-324242,Leicester City Council,Unknown,1,27483.0,27483.0,100.0
ID:GB-CFS-324248,National Highways,Selective,1,183413.12,183413.12,100.0
ID:GB-CFS-324252,Pool Re Services Limited,Unknown,3,219755.28,41055.28,100.0
ID:GB-CFS-324255,"NHS England, Leeds",Open,1,2880000.0,2880000.0,82.26994196255518
ID:GB-CFS-324255,"NHS England, Leeds",Unknown,3,620671.0,200000.0,17.73005803744482
ID:GB-CFS-324257,Sport England,Selective,1,179000.0,179000.0,100.0
ID:GB-CFS-324276,Northumbria Healthcare NHS Foundation Trust,Unknown,1,81941.0,81941.0,100.0
ID:GB-CFS-324284,Ministry of Defence,Selective,1,80000.0,80000.0,100.0
ID:GB-CFS-324314,ANIMAL AND PLANT HEALTH AGENCY,Selective,1,34970.69,34970.69,100.0
ID:GB-CFS-324320,Oak Academy Trust,Open,1,5000000.0,5000000.0,100.0
ID:GB-CFS-324343,Chichester District Council,Unknown,1,1441824.0,1441824.0,100.0
ID:GB-CFS-324345,Alliance Environmental Services Ltd,Unknown,1,58900.0,58900.0,100.0
ID:GB-CFS-324353,Orbitas,Unknown,1,49490.0,49490.0,100.0
ID:GB-CFS-324358,Financial Conduct Authority (FCA),Selective,4,8969040.0,2204520.0,100.0
ID:GB-CFS-324368,DHSC,Selective,1,102913.0,102913.0,100.0
ID:GB-CFS-324376,Ministry of Defence,Selective,1,756885.0,756885.0,100.0
ID:GB-CFS-324386,Oldham Metropolitan Borough Council,Unknown,1,224990.0,224990.0,100.0
ID:GB-CFS-324389,The David Ross Education Trust,Unknown,1,634927.0,634927.0,100.0
ID:GB-CFS-324391,University Hospitals of Leicester NHS Trust,Limited,1,1213200.0,1213200.0,27.94781554027088
ID:GB-CFS-324391,University Hospitals of Leicester NHS Trust,Selective,2,3127747.5,1563873.75,72.05218445972913
ID:GB-CFS-324395,Construction Industry Training Board,Unknown,1,40000.0,40000.0,100.0
ID:GB-CFS-324417,London North West University Healthcare NHS Trust,Selective,1,1191668.0,1191668.0,100.0
ID:GB-CFS-324433,Nuclear Restoration Services Ltd (Dounreay),Selective,1,349765.42,349765.42,100.0
ID:GB-CFS-324435,nuclear restoration services,Direct,1,26000.0,26000.0,100.0
ID:GB-CFS-324439,DESNZ,Selective,1,52800.0,52800.0,100.0
ID:GB-CFS-324456,Pickering and Ferens Homes,Direct,1,93746.49,93746.49,100.0
ID:GB-CFS-324477,The Princess Alexandra Hospital NHS Trust,Unknown,1,36000.0,36000.0,100.0
ID:GB-CFS-324482,Leeds Teaching Hospitals NHS Trust,Selective,1,240000.0,240000.0,100.0
ID:GB-CFS-324484,UK Research and Innovation,Open,1,75100.0,75100.0,10.225939756034132
ID:GB-CFS-324484,UK Research and Innovation,Selective,4,659306.83,176910.0,89.77406024396586
ID:GB-CFS-324493,University of Suffolk,Unknown,1,2500000.0,2500000.0,100.0
ID:GB-CFS-324498,National Highways,Selective,1,81221.67,81221.67,100.0
ID:GB-CFS-324507,Midlothian Council,Unknown,1,241110.0,241110.0,100.0
ID:GB-CFS-324550,Ministry of Defence,Limited,1,24000000.0,24000000.0,100.0
ID:GB-CFS-324569,London Ambulance Service NHS Trust,Direct,1,62144.5,62144.5,100.0
ID:GB-CFS-324572,West Midlands Combined Authority,Selective,6,774437.06,96256.5,100.0
ID:GB-CFS-324573,DSIT,Selective,1,118800.0,118800.0,100.0
ID:GB-CFS-324575,DVLA - Driver & Vehicle Licensing Agency,Selective,1,100000.0,100000.0,100.0
ID:GB-CFS-324608,Sport England,Selective,1,95732.0,95732.0,100.0
ID:GB-CFS-324610,British Business Bank plc,Unknown,1,4900000.0,4900000.0,100.0
ID:GB-CFS-324623,OFCOM,Direct,2,131028.0,65514.0,9.344372074713329
ID:GB-CFS-324623,OFCOM,Limited,2,122500.0,61250.0,8.736190578749447
ID:GB-CFS-324623,OFCOM,Selective,1,21000.0,21000.0,1.4976326706427627
ID:GB-CFS-324623,OFCOM,Unknown,2,1127685.0,563842.5,80.42180467589446
ID:GB-CFS-324630,"Department for Environment, Food & Rural Affairs",Selective,1,266463.0,266463.0,100.0
ID:GB-CFS-324631,Mersey and West Lancashire NHS Teaching Hospitals,Unknown,1,106350.0,106350.0,100.0
ID:GB-CFS-324633,The Pensions Regulator,Selective,1,71100.0,71100.0,100.0
ID:GB-CFS-324635,"Centre for Environment, Fisheries and Aquaculture Science",Selective,3,249696.56,82716.56,100.0
ID:GB-CFS-324659,Esri (UK) Ltd,Selective,1,73895.0,73895.0,100.0
ID:GB-CFS-324686,Torfaen County Borough Council,Unknown,1,132176.8,132176.8,100.0
ID:GB-CFS-324700,University Centre Somerset College Group,Open,1,194038.57,194038.57,100.0
ID:GB-CFS-324706,Department for Environment Food and Rural Affairs,Selective,1,75000.0,75000.0,100.0
ID:GB-CFS-324714,Nuclear Waste Services,Open,1,26000000.0,26000000.0,100.0
ID:GB-CFS-324738,National Highways,Selective,1,2145727.92,2145727.92,100.0
ID:GB-CFS-324749,Department for Education,Selective,1,179500.0,179500.0,100.0
ID:GB-CFS-324784,West Berkshire Council,Selective,1,57907.0,57907.0,100.0
ID:GB-CFS-324800,SUSSEX PARTNERSHIP NHS FOUNDATION TRUST,Selective,1,49500.0,49500.0,100.0
ID:GB-CFS-324802,TAWD Valley Developments Limited,Direct,1,275379.64,275379.64,100.0
ID:GB-CFS-324826,Royal Papworth Hospital NHS Foundation Trust,Selective,1,52200.0,52200.0,100.0
ID:GB-CFS-324836,East and North Hertfordshire Teaching Hospital NHS Trust,Selective,2,474000.0,237000.0,100.0
ID:GB-CFS-324845,NHS Business Services Authority,Selective,3,48000.0,14000.0,100.0
ID:GB-CFS-324868,National Highways,Open,1,10681.27,10681.27,100.0
ID:GB-CFS-324912,Ministry of Defence,Direct,1,42944.24,42944.24,100.0
ID:GB-CFS-324916,Nuclear Restoration Services Limited,Selective,3,186796.84,74331.84,100.0
ID:GB-CFS-324918,DSIT,Selective,1,235620.0,235620.0,100.0
ID:GB-CFS-324919,"Department for Environment , Food & Rural affairs",Selective,1,16125.1,16125.1,100.0
ID:GB-CFS-324925,Amery Hill School,Open,1,394710.83,394710.83,100.0
ID:GB-CFS-324937,The University of Exeter,Unknown,1,388126.0,388126.0,100.0
ID:GB-CFS-324939,DSIT,Selective,4,1803274.0,471837.0,100.0
ID:GB-CFS-324958,The Princess Alexandra Hospital NHS Trust,Limited,1,32000.0,32000.0,16.08040201005025
ID:GB-CFS-324958,The Princess Alexandra Hospital NHS Trust,Selective,1,167000.0,167000.0,83.91959798994975
ID:GB-CFS-324968,UK SBS,Selective,1,580000.0,580000.0,100.0
ID:GB-CFS-324973,NHS Blood and Transplant,Selective,1,980893.49,980893.49,100.0
ID:GB-CFS-324981,National Highways,Selective,1,119597.5,119597.5,100.0
ID:GB-CFS-324989,"DHSC, London",Selective,2,423212.0,211606.0,100.0
ID:GB-CFS-324996,Dorset County Hospital NHS Trust,Selective,1,197539.0,197539.0,100.0
ID:GB-CFS-324997,NHS England,Selective,1,293500.0,293500.0,100.0
ID:GB-CFS-325007,Royal Borough of Kensington & Chelsea,Unknown,1,150000.0,150000.0,100.0
ID:GB-CFS-325010,NS&I,Selective,1,41150.0,41150.0,100.0
ID:GB-CFS-325013,Royal Borough of Kensington & Chelsea,Unknown,1,420000.0,420000.0,100.0
ID:GB-CFS-325022,NRS,Open,1,1800000.0,1800000.0,100.0
ID:GB-CFS-325030,Ministry of Defence,Selective,1,153425.68,153425.68,100.0
ID:GB-CFS-325031,NHS England,Direct,1,34239.06,34239.06,1.6582111557997723
ID:GB-CFS-325031,NHS England,Selective,1,2030580.0,2030580.0,98.34178884420022
ID:GB-CFS-325040,Generations Educational Trust,Open,1,91500.79,91500.79,100.0
ID:GB-CFS-325041,Lydiate Learning Trust,Open,1,1540597.61,1540597.61,100.0
ID:GB-CFS-325045,Kent Community Health NHS Foundation Trust,Selective,1,250000.0,250000.0,100.0
ID:GB-CFS-325054,Kirklees College,Direct,1,26000.73,26000.73,100.0
ID:GB-CFS-325056,DVSA - Driver and Vehicle Standards Agency,Selective,1,1500000.0,1500000.0,100.0
ID:GB-CFS-325079,NRS,Selective,1,526550.0,526550.0,100.0
ID:GB-CFS-325107,Norfolk & Suffolk NHS Foundation Trust,Selective,1,2378556.38,2378556.38,100.0
ID:GB-CFS-325135,DEFRA,Selective,1,1.0,1.0,100.0
ID:GB-CFS-325138,DEFRA,Selective,1,2088478.8,2088478.8,100.0
ID:GB-CFS-325143,Department for Education,Selective,1,119341.0,119341.0,100.0
ID:GB-CFS-325147,Defra,Selective,2,51739.67,25869.835,100.0
ID:GB-CFS-325160,Leeds Jewish Housing Association,Selective,1,609653.0,609653.0,100.0
ID:GB-CFS-325164,Royal Borough of Kensington and Chelsea,Unknown,1,150000.0,150000.0,100.0
ID:GB-CFS-325169,Royal Borough of Kensington and Chelsea,Unknown,1,47218.46,47218.46,100.0
ID:GB-CFS-325171,Nuclear Restoration Services Limited,Selective,1,44554.25,44554.25,100.0
ID:GB-CFS-325176,Nuclear Restoration Services Ltd,Selective,1,269885.18,269885.18,100.0
ID:GB-CFS-325178,DEFRA,Selective,2,394770.82,197385.41,100.0
ID:GB-CFS-325180,Wandsworth Borough Council,Unknown,1,6510076.0,6510076.0,100.0
ID:GB-CFS-325202,University of Bedfordshire,Open,1,21297.0,21297.0,100.0
ID:GB-CFS-325207,Nuclear Waste Services,Open,1,44000000.0,44000000.0,100.0
ID:GB-CFS-325215,Adur District Council & Worthing Borough Council,Unknown,1,1019344.0,1019344.0,100.0
ID:GB-CFS-325217,Magna Housing Group Limited,Unknown,1,102640.0,102640.0,100.0
ID:GB-CFS-325220,Perth & Kinross Council,Unknown,1,171126.0,171126.0,100.0
ID:GB-CFS-325243,Rushcliffe Borough Council,Unknown,1,40855.55,40855.55,100.0
ID:GB-CFS-325246,Scarborough Sixth Form College,Open,1,21750.0,21750.0,100.0
ID:GB-CFS-325248,Amplius Living,Unknown,7,4795798.72,300000.0,100.0
ID:GB-CFS-325251,Amplius Living,Unknown,4,722164.8,173432.4,100.0
ID:GB-CFS-325255,Oxleas NHS Foundation Trust,Selective,1,42000.0,42000.0,100.0
ID:GB-CFS-325271,DVSA - Driver and Vehicle Standards Agency,Direct,1,278663.97,278663.97,100.0
ID:GB-CFS-325274,Police and Crime Commissioner for Norfolk,Selective,1,1513044.0,1513044.0,100.0
ID:GB-CFS-325356,Leicester City Council,Open,1,24.0,24.0,100.0
ID:GB-CFS-325368,Ministry of Defence,Selective,1,19656.0,19656.0,100.0
ID:GB-CFS-325369,CDW Limited,Selective,1,305505.75,305505.75,100.0
ID:GB-CFS-325371,Leicester City Council,Open,1,27300.0,27300.0,100.0
ID:GB-CFS-325397,Local Government Association,Unknown,1,34000.0,34000.0,100.0
ID:GB-CFS-325406,Marine Management Organisation,Direct,1,24784.7,24784.7,100.0
ID:GB-CFS-325422,Department for Work and Pensions,Selective,2,6879394.0,3439697.0,100.0
ID:GB-CFS-325427,Central and North West London NHS Foundation Trust,Unknown,1,593635.0,593635.0,100.0
ID:GB-CFS-325429,UK Research & Innovation,Selective,4,2258149.19,581551.135,100.0
ID:GB-CFS-325443,Depart for Work and Pensions,Selective,1,9000000.0,9000000.0,100.0
ID:GB-CFS-325450,North East London NHS Foundation Trust,Selective,1,1472727.0,1472727.0,100.0
ID:GB-CFS-325460,Enfield Council,Selective,2,416668.0,208334.0,100.0
ID:GB-CFS-325498,Sussex and Partnership NHS Foundation Trust,Selective,1,941208.0,941208.0,100.0
ID:GB-CFS-325499,Surrey and Borders NHS Foundation Trust,Selective,1,105922.0,105922.0,100.0
ID:GB-CFS-325500,Department for Education,Selective,1,19980000.0,19980000.0,100.0
ID:GB-CFS-325506,London Borough of Haringey,Selective,1,100000.0,100000.0,100.0
ID:GB-CFS-325508,Bishop Burton College,Open,2,4818572.0,2409286.0,100.0
ID:GB-CFS-325514,Incommunities Ltd,Direct,1,1600000.0,1600000.0,100.0
ID:GB-CFS-325517,United Lincolnshire Teaching Hospitals NHS Trust,Selective,1,1600000.0,1600000.0,100.0
ID:GB-CFS-325533,Somerset NHS Foundation Trust,Direct,1,33765.0,33765.0,100.0
ID:GB-CFS-325535,Nuclear Restoration Services,Selective,3,4529063.0,243333.0,100.0
ID:GB-CFS-325546,NHS Blood and Transplant,Selective,1,500000.0,500000.0,100.0
ID:GB-CFS-325556,London Borough of Enfield,Selective,3,342622.99,62809.21,100.0
ID:GB-CFS-325557,National Highways,Selective,1,25455.39,25455.39,100.0
ID:GB-CFS-325562,DSIT,Selective,1,100000.0,100000.0,100.0
ID:GB-CFS-325563,DSIT,Selective,1,200000.0,200000.0,100.0
ID:GB-CFS-325573,Environment Agency,Selective,1,58727.0,58727.0,100.0
ID:GB-CFS-325575,ICS on behalf of DSIT and DESNZ,Selective,1,24000.0,24000.0,100.0
ID:GB-CFS-325657,"NHS Bedfordshire, Luton & Milton Keynes Integrated Care Board",Selective,1,600000.0,600000.0,100.0
ID:GB-CFS-325662,Department for Business and Trade,Selective,1,512500.0,512500.0,100.0
ID:GB-CFS-325677,City of Bradford Metropolitan District Council,Direct,1,122800.0,122800.0,100.0
ID:GB-CFS-325679,Department for Work and Pensions,Selective,1,6000000.0,6000000.0,100.0
ID:GB-CFS-325687,DWP,Selective,1,6468315.0,6468315.0,100.0
ID:GB-CFS-325696,Sevenoaks District Council,Unknown,1,256589.0,256589.0,100.0
ID:GB-CFS-325698,Kettering General Hospital NHS Foundation Trust,Selective,1,17700000.0,17700000.0,100.0
ID:GB-CFS-325702,Central Bedfordshire Council,Unknown,2,778000.0,389000.0,100.0
ID:GB-CFS-325706,South Kesteven District Council,Selective,1,2000000.0,2000000.0,100.0
ID:GB-CFS-325709,United Lincolnshire Teaching Hospitals NHS Trust,Selective,1,159950.0,159950.0,100.0
ID:GB-CFS-325723,Home Office,Selective,1,85000.0,85000.0,100.0
ID:GB-CFS-325727,Home Office,Selective,1,157762.5,157762.5,100.0
ID:GB-CFS-325729,DSIT,Selective,1,94580.0,94580.0,100.0
ID:GB-CFS-325731,DSIT,Selective,1,498100.0,498100.0,100.0
ID:GB-CFS-325735,DSIT,Selective,1,100000.0,100000.0,100.0
ID:GB-CFS-325738,Mid Cheshire Hospitals NHS Foundation Trust,Selective,1,2289010.22,2289010.22,100.0
ID:GB-CFS-325750,Department for Work and Pensions,Selective,1,50000.0,50000.0,100.0
ID:GB-CFS-325752,Ministry of Defence,Selective,1,400000.0,400000.0,100.0
ID:GB-CFS-325753,Stanley Primary School,Open,1,269456.61,269456.61,100.0
ID:GB-CFS-325754,British Business Finance Ltd,Unknown,1,30000.0,30000.0,100.0
ID:GB-CFS-325771,Greener Ealing Ltd,Direct,1,210000.0,210000.0,1.8607123870281763
ID:GB-CFS-325771,Greener Ealing Ltd,Selective,16,11076000.0,210000.0,98.13928761297184
ID:GB-CFS-325774,Ministry of Justice,Selective,1,894536.0,894536.0,100.0
ID:GB-CFS-325786,NHS England,Selective,1,9500000.0,9500000.0,100.0
ID:GB-CFS-325789,East & North Hertfordshire Teaching Hospital NHS Trust,Selective,5,905700.0,89000.0,100.0
ID:GB-CFS-325792,Ministry of Defence,Limited,1,552655.0,552655.0,100.0
ID:GB-CFS-325799,Ministry of Defence,Limited,1,424000.0,424000.0,100.0
ID:GB-CFS-325809,Pension Protection Fund,Selective,1,74025496.0,74025496.0,100.0
ID:GB-CFS-325815,The Newcastle Upon Tyne Hospitals NHS Foundation Trust,Selective,1,103600.8,103600.8,100.0
ID:GB-CFS-325843,Islington council,Open,1,1151664.0,1151664.0,100.0
ID:GB-CFS-325845,National Highways,Selective,1,97000.0,97000.0,100.0
ID:GB-CFS-325863,DESNZ,Selective,1,81500.0,81500.0,100.0
ID:GB-CFS-325874,Nuclear Restoration Services Ltd,Selective,1,71813292.0,71813292.0,100.0
ID:GB-CFS-325877,NHS England,Selective,1,752231.0,752231.0,100.0
ID:GB-CFS-325885,DSIT,Selective,1,700000.0,700000.0,100.0
ID:GB-CFS-325891,university hospitals sussex NHS FT,Selective,1,249328.0,249328.0,100.0
ID:GB-CFS-325892,Yorkshire Housing Limited,Direct,1,126000.0,126000.0,19.28029416220236
ID:GB-CFS-325892,Yorkshire Housing Limited,Unknown,2,527517.0,263758.5,80.71970583779763
ID:GB-CFS-325922,Department for Work and Pensions,Selective,2,15030000.0,7515000.0,100.0
ID:GB-CFS-325928,Barnsley Hospital NHSFT,Selective,1,105000.0,105000.0,100.0
ID:GB-CFS-325930,Berkshire Healthcare NHS Foundation Trust,Open,1,158261.0,158261.0,100.0
ID:GB-CFS-325935,Environment Agency,Selective,2,796674.0700000001,398337.035,100.0
ID:GB-CFS-325937,"Cumbria, Northumberland, Tyne and Wear NHS Foundation Trust",Selective,1,2360929.45,2360929.45,100.0
ID:GB-CFS-325939,Defra,Unknown,1,242000.0,242000.0,100.0
ID:GB-CFS-325943,South West Yorkshire Partnership Teaching NH,Selective,1,35000.0,35000.0,100.0
ID:GB-CFS-325956,Places for People Group Limited,Selective,6,13775275.6,914200.0,100.0
ID:GB-CFS-325961,Liverpool City Council,Direct,3,301300.05,96035.05,84.48650760792042
ID:GB-CFS-325961,Liverpool City Council,Unknown,1,55325.0,55325.0,15.51349239207958
ID:GB-CFS-325966,London Borough of Southwark,Unknown,2,257650.0,128825.0,100.0
ID:GB-CFS-325973,DSIT,Selective,1,10500.0,10500.0,100.0
ID:GB-CFS-325978,DVLA - Driver & Vehicle Licensing Agency,Selective,1,13557.6,13557.6,100.0
ID:GB-CFS-326008,Sellafield Ltd,Selective,3,293818.39,39119.26,100.0
ID:GB-CFS-326013,Norfolk Community Health and Care NHS Trust,Selective,1,568343.07,568343.07,100.0
ID:GB-CFS-326016,"The East and North Hertfordshire NHS Trust (""ENHT"")",Selective,1,186000.0,186000.0,100.0
ID:GB-CFS-326021,NRS Ltd,Selective,1,349753.66,349753.66,100.0
ID:GB-CFS-326041,"Police, Fire & Crime Commissioner for Staffordshire",Selective,1,1700000.0,1700000.0,100.0
ID:GB-CFS-326044,Construction Industry Training Board,Open,1,210000.0,210000.0,26.86280780300608
ID:GB-CFS-326044,Construction Industry Training Board,Unknown,3,571750.0,120000.0,73.13719219699392
ID:GB-CFS-326058,DESNZ,Selective,1,82794.0,82794.0,100.0
ID:GB-CFS-326062,Sheffield Teaching Hospitals NHS Foundation Trust,Selective,1,101280.0,101280.0,100.0
ID:GB-CFS-326070,UK Health Security Agency,Selective,1,1.0,1.0,100.0
ID:GB-CFS-326076,DSIT,Direct,1,38945.75,38945.75,100.0
ID:GB-CFS-326102,Department of Works & Pensions,Selective,1,256149.0,256149.0,100.0
ID:GB-CFS-326104,Halton Borough Council,Unknown,1,29898.0,29898.0,100.0
ID:GB-CFS-326106,Ministry of Defence,Selective,1,168522.7,168522.7,100.0
ID:GB-CFS-326112,National Employment Savings Trust (NEST),Selective,1,780000.0,780000.0,100.0
ID:GB-CFS-326125,HM Land Registry,Selective,1,180000.0,180000.0,100.0
ID:GB-CFS-326133,People for Research Ltd,Selective,1,80000.0,80000.0,100.0
ID:GB-CFS-326147,Kings College Hospital Trust,Selective,1,107075.52,107075.52,100.0
ID:GB-CFS-326160,"Synergy Programme, Department for Work and Pensions",Open,2,30300000.0,15150000.0,100.0
ID:GB-CFS-326170,Environment Agency (Defra Group),Selective,1,9800000.0,9800000.0,100.0
ID:GB-CFS-326175,L&Q Housing Trust,Selective,3,40864660.0,600000.0,99.89992200945116
ID:GB-CFS-326175,L&Q Housing Trust,Unknown,1,40937.5,40937.5,0.1000779905488484
ID:GB-CFS-326185,Marine Management Organisation,Selective,1,1007960.74,1007960.74,100.0
ID:GB-CFS-326200,National Highways,Selective,2,795021.0,397510.5,100.0
ID:GB-CFS-326205,East and North Hertfordshire Hospitals NHS Trust,Selective,5,730000.0,80000.0,100.0
ID:GB-CFS-326208,NECS,Selective,1,55224.0,55224.0,100.0
ID:GB-CFS-326210,Department for Work and Pensions,Selective,1,3225342.04,3225342.04,100.0
ID:GB-CFS-326212,The Princess Alexandra Hospitals NHS Trust,Selective,5,725000.0,115000.0,100.0
ID:GB-CFS-326215,Leicester City Council,Open,1,198010.0,198010.0,100.0
ID:GB-CFS-326218,Sellafield Limited,Direct,1,59500.0,59500.0,100.0
ID:GB-CFS-326245,Civil Nuclear Police Authority (CNPA) / Civil Nuclear Constabulary (CNC),Direct,7,716819.0,48000.0,100.0
ID:GB-CFS-326257,Manchester City Council,Unknown,1,354250.0,354250.0,100.0
ID:GB-CFS-326260,Sellafield Ltd,Direct,1,183000.0,183000.0,58.46645367412141
ID:GB-CFS-326260,Sellafield Ltd,Unknown,1,130000.0,130000.0,41.5335463258786
ID:GB-CFS-326267,Sellafield Limited,Unknown,1,238542.0,238542.0,100.0
ID:GB-CFS-326275,Environment Agency,Selective,1,186500.0,186500.0,100.0
ID:GB-CFS-326277,Environment Agency,Selective,1,164700.0,164700.0,100.0
ID:GB-CFS-326281,"Department for Environment, Food & Rural Affairs",Selective,1,2500000.0,2500000.0,100.0
ID:GB-CFS-326285,Defra,Selective,1,851826.77,851826.77,100.0
ID:GB-CFS-326291,Defra group Commercial,Open,1,8650000.0,8650000.0,100.0
ID:GB-CFS-326293,Leicester City Council,Open,1,35568.0,35568.0,100.0
ID:GB-CFS-326303,DSIT,Selective,1,62820.0,62820.0,100.0
ID:GB-CFS-326366,Leicester City Council,Open,1,23.6,23.6,100.0
ID:GB-CFS-326378,The West Hertfordshire Teaching Hospitals NHS Trust,Selective,1,215000.0,215000.0,100.0
ID:GB-CFS-326381,Wandle Learning Trust,Open,1,0.0,0.0,
ID:GB-CFS-326384,Ministry of Defence,Selective,1,555452.85,555452.85,100.0
ID:GB-CFS-326385,The East and North Hertfordshire NHS Trust,Selective,1,280000.0,280000.0,100.0
ID:GB-CFS-326386,Homes England (the name adopted by the Homes and Communities Agency),Unknown,1,35000.0,35000.0,100.0
ID:GB-CFS-326388,North East Derbyshire District Council - e-Tendering System,Open,9,486269.62,56025.0,100.0
ID:GB-CFS-326391,"Department of Environment, Food and Rural Affairs",Selective,1,650000.0,650000.0,100.0
ID:GB-CFS-326395,Somerset NHS Foundation Trust,Direct,1,76623.97,76623.97,57.23311996141035
ID:GB-CFS-326395,Somerset NHS Foundation Trust,Selective,1,57256.5,57256.5,42.76688003858965
ID:GB-CFS-326397,Defra,Selective,1,480000.0,480000.0,100.0
ID:GB-CFS-326402,The Police and Crime Commissioner for Bedfordshire; The Police and Crime Commissioner for Cambridgeshire; The Police and Crime Commissioner for Hertfordshire;,Selective,1,1343057.83,1343057.83,100.0
ID:GB-CFS-326417,Lincolnshire Partnership Foundation NHS Trust,Selective,1,49988.0,49988.0,100.0
ID:GB-CFS-326420,"Department for Environment, Food and Rural Affairs (Defra)",Direct,1,14184518.0,14184518.0,100.0
ID:GB-CFS-326438,"Barking, Havering and Redbridge University Hospitals NHS Trust",Selective,2,68938612.0,34469306.0,100.0
ID:GB-CFS-326440,DESNZ,Selective,1,229993.1,229993.1,100.0
ID:GB-CFS-326443,National Employment Savings Trust (NEST),Selective,1,172687.0,172687.0,100.0
ID:GB-CFS-326445,"Essex Police, Fire & Crime Commissioner Fire & Rescue Authority",Unknown,1,81000.0,81000.0,100.0
ID:GB-CFS-326450,Sellafield Ltd,Selective,1,2945000000.0,2945000000.0,100.0
ID:GB-CFS-326456,Leeds Teaching Hospitals NHS Trust,Selective,1,805684.0,805684.0,100.0
ID:GB-CFS-326478,Ministry of Defence,Selective,1,35804451.0,35804451.0,100.0
ID:GB-CFS-326482,The Pensions Regulator,Selective,1,1060117.0,1060117.0,100.0
ID:GB-CFS-326503,DSIT,Selective,1,95000.0,95000.0,100.0
ID:GB-CFS-326518,United Lincolnshire Teaching Hospitals NHS Trust,Direct,1,47270.0,47270.0,100.0
ID:GB-CFS-326519,Lincolnshire Housing Partnersip,Selective,1,3686685.15,3686685.15,100.0
ID:GB-CFS-326524,Homes England (the name adopted by the Homes and Communities Agency),Unknown,1,591593.5,591593.5,100.0
ID:GB-CFS-326526,Department for Work and Pensions,Selective,1,5000.0,5000.0,100.0
ID:GB-CFS-326528,Kent County Council,Selective,1,21464912.35,21464912.35,100.0
ID:GB-CFS-326532,Nottinghamshire Police,Selective,2,699266.93,349633.465,100.0
ID:GB-CFS-326541,DSIT,Selective,1,149425.0,149425.0,100.0
ID:GB-CFS-326542,DESNZ,Selective,1,53410.0,53410.0,100.0
ID:GB-CFS-326543,Department for Business and Trade,Selective,1,18900.0,18900.0,100.0
ID:GB-CFS-326548,Department for Business and Trade,Selective,1,188370.0,188370.0,100.0
ID:GB-CFS-326554,DSIT,Direct,1,45000.0,45000.0,100.0
ID:GB-CFS-326559,Buckinghamshire New University,Selective,1,47840.0,47840.0,100.0
ID:GB-CFS-326561,UK Research and Innovation (UKRI),Selective,1,238000.0,238000.0,100.0
ID:GB-CFS-326563,National Employment Savings Trust (NEST),Open,1,390000.0,390000.0,100.0
ID:GB-CFS-326567,Home Office,Selective,1,4272048.0,4272048.0,100.0
ID:GB-CFS-326570,Environment Agency,Selective,1,759774.54,759774.54,100.0
ID:GB-CFS-326574,NRS Ltd,Selective,1,1450939.0,1450939.0,100.0
ID:GB-CFS-326576,National Highways,Selective,4,708291.48,113607.605,100.0
ID:GB-CFS-326592,Ministry of Defence,Selective,1,218816.61,218816.61,100.0
ID:GB-CFS-326594,Nuclear Restoration Services,Selective,1,235000.0,235000.0,100.0
ID:GB-CFS-326599,Nuclear Restoration Services,Selective,1,238375.0,238375.0,100.0
ID:GB-CFS-326608,Nuclear Waste Services,Selective,1,0.0,0.0,
ID:GB-CFS-326630,Leicestershire Partnership NHS Trust,Selective,5,1682291.98,443880.0,100.0
ID:GB-CFS-326636,The Maplesden Noakes School,Selective,1,988668.6,988668.6,100.0
ID:GB-CFS-326641,Department for Work and Pensions,Selective,2,19574313.75,9787156.875,100.0
ID:GB-CFS-326643,University Hospitals Sussex NHS Foundation Trust,Selective,2,631148.1799999999,315574.09,100.0
ID:GB-CFS-326645,Nuclear Decommissioning Authority,Selective,3,27279081.92,10157916.92,100.0
ID:GB-CFS-326659,East and North Hertfordshire NHS Trust,Selective,1,400000.0,400000.0,100.0
ID:GB-CFS-326676,Leicester City Council,Open,1,9750.0,9750.0,100.0
ID:GB-CFS-326679,Leicester City Council,Open,1,23166.0,23166.0,100.0
ID:GB-CFS-326696,Gloucestershire County Council,Direct,1,3950000.0,3950000.0,100.0
ID:GB-CFS-326700,London Ambulance Services NHS Trust,Selective,3,3204987.25,177080.8,100.0
ID:GB-CFS-326710,NHS England,Selective,2,245000.0,122500.0,100.0
ID:GB-CFS-326717,Medicines and Healthcare Products Regulatory Agency,Limited,1,2770000.0,2770000.0,100.0
ID:GB-CFS-326725,United Lincolnshire Teaching Hospitals NHS Trust,Selective,1,65718.94,65718.94,100.0
ID:GB-CFS-326735,Department for Work and Pensions,Selective,2,31510000.0,15755000.0,100.0
ID:GB-CFS-326738,Sheffield Teaching Hospitals NHS Foundation Trust,Selective,1,77717.9,77717.9,100.0
ID:GB-CFS-326739,Leicester City Council,Unknown,2,44920.0,22460.0,100.0
ID:GB-CFS-326745,Leeds Teaching Hospital NHS Trust,Selective,1,191700.0,191700.0,100.0
ID:GB-CFS-326747,NHS Property Services,Selective,1,7650196.0,7650196.0,100.0
ID:GB-CFS-326756,Environment Agency,Selective,1,2185833.0,2185833.0,100.0
ID:GB-CFS-326771,La Sainte Union Catholic School,Open,1,873050.05,873050.05,100.0
ID:GB-CFS-326772,Leicester City Council,Open,1,24960.0,24960.0,100.0
ID:GB-CFS-326780,Nottinghamshire Police,Selective,2,56165.0,28082.5,100.0
ID:GB-CFS-326789,Department for Work and Pensions,Selective,5,16880000.0,600000.0,100.0
ID:GB-CFS-326794,UK Health Security Agency,Selective,2,1085074.9,542537.45,100.0
ID:GB-CFS-326813,Ministry of Defence,Selective,1,10641.66,10641.66,100.0
ID:GB-CFS-326814,Home Office,Selective,1,426872.56,426872.56,100.0
ID:GB-CFS-326816,Natural England,Selective,1,389380.0,389380.0,100.0
ID:GB-CFS-326834,Environment Agency,Selective,1,53004.25,53004.25,100.0
ID:GB-CFS-326838,Environment Agency,Selective,1,82887.37,82887.37,100.0
ID:GB-CFS-326843,Environment Agency,Selective,1,75993.0,75993.0,100.0
ID:GB-CFS-326848,The David Ross Education Trust,Open,1,904000.0,904000.0,100.0
ID:GB-CFS-326850,Ministry of Justice,Selective,1,450000.0,450000.0,100.0
ID:GB-CFS-326853,Leicestershire Partnership NHS Trust,Selective,1,251155.29,251155.29,100.0
ID:GB-CFS-326872,Sheffield Teaching Hospital NHS Foundation Trust,Selective,1,11156.11,11156.11,100.0
ID:GB-CFS-326874,Homes England (the name adopted by the Homes and Communities Agency),Unknown,1,19850.0,19850.0,100.0
ID:GB-CFS-326882,Ministry of Defence,Selective,1,2783829.27,2783829.27,100.0
ID:GB-CFS-326883,Red Kite Community Housing,Open,3,1613564.0,558000.0,12.79229248767438
ID:GB-CFS-326883,Red Kite Community Housing,Selective,2,11000000.0,5500000.0,87.20770751232561
ID:GB-CFS-326894,Construction Industry Training Board,Unknown,3,1405916.5,73125.0,100.0
ID:GB-CFS-326907,Lincolnshire Housing Partnership,Selective,1,463151.15,463151.15,100.0
ID:GB-CFS-326911,National Highways,Selective,1,360000.0,360000.0,100.0
ID:GB-CFS-326924,DVSA - Driver and Vehicle Standards Agency,Selective,1,400000.0,400000.0,100.0
ID:GB-CFS-326946,Defra Group Commercial,Selective,1,24523.0,24523.0,100.0
ID:GB-CFS-326967,Ministry of Justice,Selective,1,2887529.31,2887529.31,100.0
ID:GB-CFS-326974,Hertfordshire Partnership University NHS Foundation Trust,Selective,2,150000.0,75000.0,100.0
ID:GB-CFS-326983,First Federation Trust,Open,1,1000000.0,1000000.0,100.0
ID:GB-CFS-326991,NS&I,Selective,1,12000.0,12000.0,100.0
ID:GB-CFS-326992,Ministry of Defence,Selective,1,183790.0,183790.0,100.0
ID:GB-CFS-326993,ACHIEVING FOR CHILDREN COMMUNITY INTEREST COMPANY,Direct,1,1300000.0,1300000.0,100.0
ID:GB-CFS-326996,Broxtowe Borough Council,Unknown,1,82000.0,82000.0,100.0
ID:GB-CFS-327005,Slough Borough Council,Unknown,1,322168.0,322168.0,100.0
ID:GB-CFS-327010,Hyde Housing Association Limited,Open,1,200000000.0,200000000.0,100.0
ID:GB-CFS-327028,DHSC Ambulance Radio Programme,Selective,1,3800000.0,3800000.0,100.0
ID:GB-CFS-327040,South Derbyshire District Council,Direct,1,70000.0,70000.0,100.0
ID:GB-CFS-327042,The Pensions Regulator,Selective,1,30000.0,30000.0,100.0
ID:GB-CFS-327044,CEFAS,Selective,1,250000.0,250000.0,100.0
ID:GB-CFS-327048,Foreign Commonwealth and Development Office,Open,1,1037610.0,1037610.0,54.12534884327482
ID:GB-CFS-327048,Foreign Commonwealth and Development Office,Selective,1,879440.0,879440.0,45.87465115672518
ID:GB-CFS-327050,Environment Agency,Direct,1,14925560.0,14925560.0,100.0
ID:GB-CFS-327051,Foreign Commonwealth and Development Office,Selective,1,547008.0,547008.0,100.0
ID:GB-CFS-327070,Ministry of Defence,Selective,1,3104037.4,3104037.4,100.0
ID:GB-CFS-327103,Department for Work and Pensions,Selective,1,3361864.0,3361864.0,100.0
ID:GB-CFS-327125,Halton Borough Council,Selective,2,205067.15,102533.575,100.0
ID:GB-CFS-327133,Home Office,Direct,1,69347.6,69347.6,100.0
ID:GB-CFS-327135,Ministry of Defence,Selective,1,479616.0,479616.0,100.0
ID:GB-CFS-327140,National Highways,Selective,1,1080000.0,1080000.0,100.0
ID:GB-CFS-327145,Dartmoor Multi Academy Trust (Secondary Acct: PHP Law),Open,3,11050000.0,300000.0,100.0
ID:GB-CFS-327157,BARNET HOMES LIMITED,Direct,1,41108.0,41108.0,100.0
ID:GB-CFS-327160,VICO HOMES LIMITED,Direct,1,129468.0,129468.0,100.0
ID:GB-CFS-327164,"The Police and Crime Commissioners for Hertfordshire; Bedfordshire; Cambridgeshire; Norfolk; Suffolk. The Police, Fire and Crime Commissioner for Essex",Selective,1,42000.0,42000.0,100.0
ID:GB-CFS-327169,Harmony Works Trust CIC,Direct,1,144600.0,144600.0,100.0
ID:GB-CFS-327172,CITY of LINCOLN COUNCIL,Direct,1,320000.0,320000.0,100.0
ID:GB-CFS-327179,Leicester City Council,Open,1,76.0,76.0,100.0
ID:GB-CFS-327181,DESNZ,Selective,1,245000.0,245000.0,100.0
ID:GB-CFS-327185,United Lincolnshire Teaching Hospitals NHS Trust,Selective,4,616996.85,120050.0,100.0
ID:GB-CFS-327186,Lincolnshire Community Health Services NHS Trust,Selective,1,358911.0,358911.0,100.0
ID:GB-CFS-327233,Dorset County Hospital,Selective,1,124300.0,124300.0,100.0
ID:GB-CFS-327235,Leicester City Council,Open,1,56160.0,56160.0,60.68268015170671
ID:GB-CFS-327235,Leicester City Council,Unknown,1,36387.0,36387.0,39.317319848293295
ID:GB-CFS-327238,DfTc - Department for Transport,Direct,1,14674.0,14674.0,100.0
ID:GB-CFS-327240,VICO HOMES LIMITED,Direct,2,302125.0,151062.5,100.0
ID:GB-CFS-327254,Hyde Housing Association Ltd.,Open,1,200000000.0,200000000.0,100.0
ID:GB-CFS-327290,Department For Work and Pensions,Selective,1,2765264.61,2765264.61,100.0
ID:GB-CFS-327292,Home Office,Selective,1,2000000.0,2000000.0,100.0
ID:GB-CFS-327294,DSIT,Selective,2,146606.0,73303.0,100.0
ID:GB-CFS-327304,DVLA - Driver & Vehicle Licensing Agency,Selective,1,3600.0,3600.0,100.0
ID:GB-CFS-327313,DWP,Selective,2,6405210.0,3202605.0,100.0
ID:GB-CFS-327333,Lincolnshire Partnership NHS Foundation Trust,Selective,1,130000.0,130000.0,100.0
ID:GB-CFS-327337,East West Rail,Selective,1,668430.0,668430.0,100.0
ID:GB-CFS-327356,Sheffield Teaching Hospital NHS Trust,Direct,1,12857.5,12857.5,100.0
ID:GB-CFS-327357,Aspire Housing,Selective,1,1300000.0,1300000.0,100.0
ID:GB-CFS-327362,DWP,Selective,1,128850.0,128850.0,100.0
ID:GB-CFS-327375,Leicester City Council,Open,12,145542.8,9555.0,100.0
ID:GB-CFS-327378,Ministry of Defence,Selective,1,1900000.0,1900000.0,100.0
ID:GB-CFS-327383,Department for Work and Pensions,Selective,1,3200300.0,3200300.0,100.0
ID:GB-CFS-327395,South Tees Hospitals NHS Foundation Trust,Limited,1,55543.04,55543.04,3.911031590998169
ID:GB-CFS-327395,South Tees Hospitals NHS Foundation Trust,Unknown,1,1364620.38,1364620.38,96.08896840900184
ID:GB-CFS-327413,Leicestershire Partnership NHS Trust,Selective,2,235847.52,117923.76,100.0
ID:GB-CFS-327420,995892,Selective,1,52490.33,52490.33,100.0
ID:GB-CFS-327428,NHS Property Services,Selective,1,720000.0,720000.0,100.0
ID:GB-CFS-327431,The London Borough of Enfield,Selective,1,100000.0,100000.0,100.0
ID:GB-CFS-327437,Leeds Teaching Hospitals NHS Trust,Open,1,19000000.0,19000000.0,100.0
ID:GB-CFS-327442,East Riding of Yorkshire Council,Selective,1,5170.23,5170.23,100.0
ID:GB-CFS-327453,North West Ambulance Service NHS Trust,Selective,1,400000.0,400000.0,100.0
ID:GB-CFS-327456,"Metropolitan Housing Trust Limited,",Open,1,600000.0,600000.0,100.0
ID:GB-CFS-327459,Police and Crime Commissioner for Kent,Selective,1,171007.08,171007.08,100.0
ID:GB-CFS-327461,Natural England,Selective,1,184474.28,184474.28,100.0
ID:GB-CFS-327488,Milton Keynes University Hospital NHS Foundation Trust,Open,1,27410592.0,27410592.0,100.0
ID:GB-CFS-327499,Home Office,Selective,1,14246433.64,14246433.64,100.0
ID:GB-CFS-327502,SWYT 347092329,Selective,1,12561.6,12561.6,100.0
ID:GB-CFS-327504,Surrey and Borders Partnership NHS FT,Selective,4,1245980.11,69609.94,100.0
ID:GB-CFS-327507,DWP,Selective,2,671250.0,335625.0,100.0
ID:GB-CFS-327509,London Ambulance Service NHS Trust,Selective,1,4900000.0,4900000.0,100.0
ID:GB-CFS-327513,Thames Freeport Limited,Selective,1,833333.0,833333.0,100.0
ID:GB-CFS-327520,Nuclear Decommissioning Authority,Selective,1,68620.0,68620.0,100.0
ID:GB-CFS-327522,The Royal Marsden,Selective,1,390000.0,390000.0,100.0
ID:GB-CFS-327525,Mandeville School,Open,1,386235.96,386235.96,100.0
ID:GB-CFS-327529,Ministry of Justice,Selective,1,2914914.0,2914914.0,100.0
ID:GB-CFS-327537,National Highways,Selective,1,2415000.0,2415000.0,100.0
ID:GB-CFS-327540,Waste & Resources Action Programme,Unknown,1,600000.0,600000.0,100.0
ID:GB-CFS-327542,Environment Agency,Selective,1,224473.34,224473.34,100.0
ID:GB-CFS-327552,NHS England,Selective,1,55900.0,55900.0,100.0
ID:GB-CFS-327567,Trinity House,Unknown,2,185718.92,92859.46,100.0
ID:GB-CFS-327572,Sport England,Direct,1,935000.0,935000.0,100.0
ID:GB-CFS-327575,Sport England,Selective,1,79375.0,79375.0,100.0
ID:GB-CFS-327577,Totally Local Company Limited,Unknown,1,85312.0,85312.0,100.0
ID:GB-CFS-327579,Sport England,Selective,1,90500.0,90500.0,100.0
ID:GB-CFS-327589,DVLA - Driver & Vehicle Licensing Agency,Selective,1,1247982.0,1247982.0,100.0
ID:GB-CFS-327613,defra,Direct,2,246509.46,123254.73,51.60907248907996
ID:GB-CFS-327613,defra,Open,1,72873.78,72873.78,15.256810811939086
ID:GB-CFS-327613,defra,Selective,1,158264.29,158264.29,33.13411669898094
ID:GB-CFS-327614,Nottingham University Hospital NHS Trust,Selective,1,114694.0,114694.0,100.0
ID:GB-CFS-327615,Department for Work and Pensions,Selective,1,19280000.0,19280000.0,100.0
ID:GB-CFS-327621,Supply Chain Coordination Limited,Open,1,100000000.0,100000000.0,100.0
ID:GB-CFS-327630,Yorkshire Ambulance Service NHS Trust,Selective,1,233457.61,233457.61,100.0
ID:GB-CFS-327643,Nuclear Restoration Services Ltd,Selective,1,1528754.0,1528754.0,100.0
ID:GB-CFS-327646,Airedale NHS Foundation Trust,Selective,2,3063168.0,1531584.0,100.0
ID:GB-CFS-327648,Nuclear Restoration Services,Selective,1,16500000.0,16500000.0,100.0
ID:GB-CFS-327650,NHS Blood and Transplant,Selective,4,2396200.0,707600.0,100.0
ID:GB-CFS-327658,Nuclear Restoration Services,Selective,1,139449.2,139449.2,100.0
ID:GB-CFS-327667,Sport England,Selective,1,776720.84,776720.84,100.0
ID:GB-CFS-327674,Surrey and Borders Partnership NHS Foundation Trust,Selective,1,138180.0,138180.0,100.0
ID:GB-CFS-327680,"The Police and Crime Commissioners for Hertfordshire; Bedfordshire; Cambridgeshire; Kent; Norfolk; Suffolk. The Police, Fire and Crime Commissioner for Essex",Selective,1,985000.0,985000.0,100.0
ID:GB-CFS-327688,Sellafield Ltd,Selective,2,32813847.08,16406923.54,100.0
ID:GB-CFS-327691,Department for Work and Pensions,Selective,2,773297.25,386648.625,100.0
ID:GB-CFS-327694,Department for Education,Selective,1,104772.63,104772.63,100.0
ID:GB-CFS-327697,National Highways,Selective,1,1323206.59,1323206.59,100.0
ID:GB-CFS-327699,City of Lincoln Council,Selective,1,960000.0,960000.0,100.0
ID:GB-CFS-327709,GLOUCESTERSHIRE HOSPITALS SUBSIDIARY COMPANY LIMITED,Selective,1,11000000.0,11000000.0,100.0
ID:GB-CFS-327722,GLOUCESTERSHIRE HOSPITALS SUBSIDIARY COMPANY LIMITED,Selective,2,364821.4,182410.7,100.0
ID:GB-CFS-327727,NHS Business Services Authority,Unknown,1,500000.0,500000.0,100.0
ID:GB-CFS-327731,"Department for Environment, Food & Rural Affairs",Selective,1,48600.0,48600.0,100.0
ID:GB-CFS-327732,Central North West London NHS Foundation Trust,Open,1,975000.0,975000.0,100.0
ID:GB-CFS-327734,British Tourist Authority,Selective,1,378969.8,378969.8,100.0
ID:GB-CFS-327739,Perth & Kinross Council,Unknown,1,153125.5,153125.5,100.0
ID:GB-CFS-327742,Salford City Council,Unknown,1,45345.0,45345.0,100.0
ID:GB-CFS-327745,DESNZ,Selective,1,4500000.0,4500000.0,100.0
ID:GB-CFS-327749,NHS England,Selective,1,178237.32,178237.32,100.0
ID:GB-CFS-327750,Burnham Grammar School,Selective,1,482932.0,482932.0,100.0
ID:GB-CFS-327768,Nottingham University Hospitals NHS Trust,Selective,1,168542.83,168542.83,100.0
ID:GB-CFS-327778,United Kingdom Health Security Agency,Selective,1,498470.0,498470.0,100.0
ID:GB-CFS-327781,NRS Ltd,Selective,1,236676.0,236676.0,100.0
ID:GB-CFS-327793,Defra,Selective,1,262060.06,262060.06,100.0
ID:GB-CFS-327795,Middlesbrough Council,Unknown,2,3877845.82,1938922.91,100.0
ID:GB-CFS-327800,The White Hills Park Trust,Open,1,140618.07,140618.07,100.0
ID:GB-CFS-327813,Leicester City Council,Unknown,1,10409.0,10409.0,100.0
ID:GB-CFS-327822,Environment Agency,Selective,1,114473.12,114473.12,100.0
ID:GB-CFS-327835,Department for Education,Selective,1,199869.22,199869.22,100.0
ID:GB-CFS-327837,University Hospitals Sussex NHS Foundation Trust,Selective,11,2643410.36,64512.1,100.0
ID:GB-CFS-327839,The Princess Alexandra Hospitals NHS Trust,Selective,1,30000.0,30000.0,100.0
ID:GB-CFS-327840,Chelsea and Westminster hospital,Selective,1,2754876.66,2754876.66,100.0
ID:GB-CFS-327842,DEFRA,Selective,1,38867.0,38867.0,100.0
ID:GB-CFS-327845,Birmingham and Solihull Mental Health NHS Foundation Trust,Open,2,756293.92,378146.96,33.74632479801616
ID:GB-CFS-327845,Birmingham and Solihull Mental Health NHS Foundation Trust,Selective,1,1484821.0,1484821.0,66.25367520198384
ID:GB-CFS-327852,Cheshire West & Chester Council,Unknown,1,705174.64,705174.64,100.0
ID:GB-CFS-327858,Central London Community Healthcare,Selective,1,28236402.3,28236402.3,100.0
ID:GB-CFS-327862,Newcastle-under-Lyme Borough Council,Unknown,1,22036.0,22036.0,100.0
ID:GB-CFS-327874,"DHSC, London",Direct,1,81694.0,81694.0,100.0
ID:GB-CFS-327877,National Highways,Selective,1,104918.19,104918.19,100.0
ID:GB-CFS-327885,National Highways,Selective,2,77460000.0,38730000.0,100.0
ID:GB-CFS-327893,Department of Health and Social Care,Selective,1,66300.0,66300.0,100.0
ID:GB-CFS-327894,Natural England,Selective,1,36910.52,36910.52,100.0
ID:GB-CFS-327901,"Department for Environment, Food and Rural Affairs",Selective,1,3100000.0,3100000.0,100.0
ID:GB-CFS-327904,National Highways,Selective,1,358402.04,358402.04,100.0
ID:GB-CFS-327910,KMPT,Selective,1,0.0,0.0,
ID:GB-CFS-327911,Kent and Medway Mental Health NHS Trust,Selective,1,35680.02,35680.02,100.0
ID:GB-CFS-327915,Nuclear Restoration Services Ltd,Selective,1,1800.0,1800.0,100.0
ID:GB-CFS-327921,"The Police, Fire and Crime Commissioner for Essex",Unknown,1,1149505.34,1149505.34,100.0
ID:GB-CFS-327925,Walsall NHS Foundation Trust,Selective,1,1719250.0,1719250.0,100.0
ID:GB-CFS-327927,Home Office,Direct,1,65731.2,65731.2,30.462817827333065
ID:GB-CFS-327927,Home Office,Selective,1,150043.98,150043.98,69.53718217266695
ID:GB-CFS-327930,Kent County Council,Unknown,1,141373906.0,141373906.0,100.0
ID:GB-CFS-327932,South & City College Birmingham,Selective,1,423953.0,423953.0,100.0
ID:GB-CFS-327943,Kent Community Health NHS Foundation Trust,Selective,1,56250.0,56250.0,100.0
ID:GB-CFS-327946,Ministry of Defence,Selective,1,1200000.0,1200000.0,100.0
ID:GB-CFS-327955,Ministry of Defence,Selective,1,79875000.0,79875000.0,100.0
ID:GB-CFS-327963,"Department for Environment, Food & Rural Affairs",Selective,1,386798.85,386798.85,100.0
ID:GB-CFS-327966,The Princess Alexandra Health Trust,Selective,1,80000.0,80000.0,100.0
ID:GB-CFS-327967,East and North Hertfordshire NHS Trust,Selective,2,1900000.0,950000.0,100.0
ID:GB-CFS-327968,NHS England,Unknown,9,6927736.890000001,255060.7,100.0
ID:GB-CFS-327974,North West Anglia NHS Foundation Trust,Selective,1,2012000.0,2012000.0,100.0
ID:GB-CFS-327995,OneAdvanced Limited,Selective,1,23688.0,23688.0,100.0
ID:GB-CFS-328004,Medicines and Healthcare Products Regulatory Agency,Selective,2,3653978.0,1826989.0,100.0
ID:GB-CFS-328021,Restoration & Renewal Delivery Authority Ltd,Selective,2,67887.53,33943.765,100.0
ID:GB-CFS-328025,Stoke on Trent City Council,Selective,1,2879994.0,2879994.0,100.0
ID:GB-CFS-328047,United Lincolnshire Hospitals NHS Trust,Selective,1,150000.0,150000.0,100.0
ID:GB-CFS-328052,NHS England,Open,1,3000000.0,3000000.0,100.0
ID:GB-CFS-328054,North West Anglia NHS Foundation Trust,Selective,2,146733.59,73366.795,100.0
ID:GB-CFS-328060,Home Office,Direct,2,353191.63,176595.815,45.34337592232532
ID:GB-CFS-328060,Home Office,Selective,1,425735.0,425735.0,54.656624077674685
ID:GB-CFS-328066,Ministry of Defence,Selective,1,37718714.0,37718714.0,100.0
ID:GB-CFS-328067,NHS Hertfordshire and West Essex ICB,Selective,1,500000.0,500000.0,100.0
ID:GB-CFS-328069,NHS Hertfordshire and West Essex Integrated Care Board,Selective,1,750000.0,750000.0,100.0
ID:GB-CFS-328074,Brentwood Borough Council,Unknown,1,220320.0,220320.0,100.0
ID:GB-CFS-328086,Home Office,Limited,1,67680.0,67680.0,100.0
ID:GB-CFS-328088,Nations and Regions Investments Limited,Unknown,1,25000.0,25000.0,100.0
ID:GB-CFS-328097,Department for Work & Pensions,Selective,1,1100000.0,1100000.0,100.0
ID:GB-CFS-328105,DSIT,Selective,1,398000.0,398000.0,100.0
ID:GB-CFS-328109,University Hospitals Birmingham NHS Foundation Trust,Selective,2,7334649.96,3667324.98,100.0
ID:GB-CFS-328121,HM Land Registry,Selective,1,40000000.0,40000000.0,100.0
ID:GB-CFS-328136,The Police and Crime Commissioner for Cambridgeshire,Selective,1,290616.0,290616.0,100.0
ID:GB-CFS-328139,The Police and Crime Commissioner for Kent,Selective,1,81014.82,81014.82,100.0
ID:GB-CFS-328141,Corporate Officer of the House of Commons and Corporate Officer of the House of Lords,Selective,1,850000.0,850000.0,100.0
ID:GB-CFS-328146,United Lincolnshire Teaching Hospitals NHS Trust,Selective,3,2300000.0,200000.0,100.0
ID:GB-CFS-328147,DSIT,Selective,2,99937.0,49968.5,100.0
ID:GB-CFS-328150,DESNZ,Selective,1,239000.0,239000.0,100.0
ID:GB-CFS-328178,UKRI,Open,1,274850.0,274850.0,100.0
ID:GB-CFS-328189,North West Leicestershire District Council,Direct,1,1000000.0,1000000.0,100.0
ID:GB-CFS-328191,DEFRA,Selective,1,96782.0,96782.0,100.0
ID:GB-CFS-328204,UK Health Security Agency,Selective,1,50000.0,50000.0,100.0
ID:GB-CFS-328206,National Highways Limited,Selective,3,275534.96,120541.91,100.0
ID:GB-CFS-328207,Dorset County Hospital,Limited,1,103055.0,103055.0,100.0
ID:GB-CFS-328211,National Highways Limited,Selective,4,435886.95,74647.06,100.0
ID:GB-CFS-328217,Norfolk and Norwich University Hospitals NHS Foundation Trust,Open,1,111354.0,111354.0,100.0
ID:GB-CFS-328239,National Highways Limited,Selective,16,9662441.3,139069.76499999998,100.0
ID:GB-CFS-328242,Ministry of Defence,Selective,1,7963989.0,7963989.0,100.0
ID:GB-CFS-328245,National Highways Limited,Selective,1,76800.0,76800.0,100.0
ID:GB-CFS-328254,The Princess Alexandra Health Trust,Selective,1,25000.0,25000.0,100.0
ID:GB-CFS-328256,North London NHS Foundation Trust,Unknown,1,3542826.0,3542826.0,100.0
ID:GB-CFS-328262,St. Paul's Catholic School,Open,1,1369677.0,1369677.0,100.0
ID:GB-CFS-328269,Leicester City Council,Open,1,38.89,38.89,100.0
ID:GB-CFS-328277,The Police and Crime Commissioner for Cambridge,Limited,1,36150.0,36150.0,100.0
ID:GB-CFS-328286,Sellafield Ltd,Unknown,1,34999.0,34999.0,100.0
ID:GB-CFS-328288,Home Office,Selective,1,239610.0,239610.0,100.0
ID:GB-CFS-328294,DSIT,Selective,1,36720.0,36720.0,100.0
ID:GB-CFS-328303,Nuclear Restoration Services,Direct,1,53859.5,53859.5,100.0
ID:GB-CFS-328308,Homes England (the name adopted by the Homes and Communities Agency),Unknown,1,47500.0,47500.0,100.0
ID:GB-CFS-328311,Department for Work and Pensions,Selective,1,24513623.0,24513623.0,100.0
ID:GB-CFS-328313,Department for Work and Pensions,Selective,1,3605200.0,3605200.0,100.0
ID:GB-CFS-328315,Department for Work and Pensions,Selective,2,8800000.0,4400000.0,100.0
ID:GB-CFS-328328,University of Bristol,Open,1,220000.0,220000.0,51.88690870887565
ID:GB-CFS-328328,University of Bristol,Selective,1,203999.05,203999.05,48.11309129112436
ID:GB-CFS-328335,UK SBS,Open,1,481063.0,481063.0,100.0
ID:GB-CFS-328338,Amplius Living,Unknown,4,868272.0,196136.0,100.0
ID:GB-CFS-328344,Leicester City Council,Open,2,138.0,69.0,100.0
ID:GB-CFS-328360,National Highways Limited,Open,1,600000000.0,600000000.0,82.49426353246369
ID:GB-CFS-328360,National Highways Limited,Selective,7,127323300.2,494916.19,17.50573646753631
ID:GB-CFS-328368,NHS England,Direct,1,49800.0,49800.0,100.0
ID:GB-CFS-328372,National Highways Limited,Open,2,298047.84,149023.91999999998,9.588625674568563
ID:GB-CFS-328372,National Highways Limited,Selective,13,2810300.01,150278.59,90.41137432543144
ID:GB-CFS-328379,National Highways Limited,Selective,2,428000.0,214000.0,100.0
ID:GB-CFS-328386,UKRI,Selective,1,1253050.34,1253050.34,100.0
ID:GB-CFS-328388,Defra,Selective,1,939821.25,939821.25,100.0
ID:GB-CFS-328389,North West Anglia NHS Foundation Trust,Selective,1,144000.0,144000.0,100.0
ID:GB-CFS-328400,DVLA - Driver & Vehicle Licensing Agency,Selective,1,206532.66,206532.66,100.0
ID:GB-CFS-328402,British Business Bank Plc,Unknown,7,317798.7,48258.7,100.0
ID:GB-CFS-328406,DVLA - Driver & Vehicle Licensing Agency,Selective,2,1160264.04,580132.02,100.0
ID:GB-CFS-328410,Nuclear Waste Services,Selective,6,2518596.77,518323.92,100.0
ID:GB-CFS-328433,NHS Blood and Transplantation,Open,1,310287.0,310287.0,100.0
ID:GB-CFS-328439,National Employment Savings Trust (NEST),Selective,1,200000.0,200000.0,100.0
ID:GB-CFS-328440,KMPT,Selective,1,49999.17,49999.17,100.0
ID:GB-CFS-328441,Sellafield Ltd,Selective,1,247800.0,247800.0,100.0
ID:GB-CFS-328444,DSIT,Selective,1,162290.0,162290.0,100.0
ID:GB-CFS-328457,Department of Work and Pensions,Selective,1,1044692.0,1044692.0,100.0
ID:GB-CFS-328468,Animal Plan and Health Agency (APHA),Selective,1,120000.0,120000.0,100.0
ID:GB-CFS-328471,UK Research and Innovation,Selective,1,346617.0,346617.0,100.0
ID:GB-CFS-328480,London,Selective,1,52051.62,52051.62,100.0
ID:GB-CFS-328488,Leicester City Council,Unknown,1,29133.0,29133.0,100.0
ID:GB-CFS-328496,National Highways Limited,Selective,1,489990.87,489990.87,100.0
ID:GB-CFS-328502,SABP - Digital - Digital Consultancies,Selective,1,37703.88,37703.88,100.0
ID:GB-CFS-328510,South East Coast Ambulance Service NHS Foundation Trust,Selective,1,50000.0,50000.0,100.0
ID:GB-CFS-328522,Northumbria Healthcare NHS Foundation Trust,Selective,1,160000.0,160000.0,100.0
ID:GB-CFS-328533,Leicester City Council,Open,1,50.0,50.0,100.0
ID:GB-CFS-328564,Department for Work and Pensions,Selective,1,64800.0,64800.0,100.0
ID:GB-CFS-328574,Home Office,Open,1,18500000.0,18500000.0,100.0
ID:GB-CFS-328578,Thirteen Housing Group Ltd,Selective,2,2271982.7,1135991.35,100.0
ID:GB-CFS-328600,Department for Work and Pensions,Selective,1,5535404.0,5535404.0,100.0
ID:GB-CFS-328622,Ministry of Defence,Selective,1,1972436.0,1972436.0,100.0
ID:GB-CFS-328623,"Police, Fire & Crime Commissioner for Essex",Selective,1,478860.56,478860.56,100.0
ID:GB-CFS-328628,University Hospitals Sussex NHS Foundation Trust,Open,1,25000.0,25000.0,100.0
ID:GB-CFS-328640,North West Anglia NHS Foundation Trust,Selective,1,7401551.42,7401551.42,100.0
ID:GB-CFS-328644,Leicester City Council,Unknown,1,40014.0,40014.0,100.0
ID:GB-CFS-328652,Kent County Council (T/A Procurement Services),Open,1,1.0,1.0,100.0
ID:GB-CFS-328689,Leicester City Council,Unknown,1,40014.0,40014.0,100.0
ID:GB-CFS-328692,University Hospitals Sussex NHS Foundati,Selective,1,221970.0,221970.0,100.0
ID:GB-CFS-328694,Leicester City Council,Open,1,10140.0,10140.0,100.0
ID:GB-CFS-328698,One LSC Procurement,Selective,2,37000000.0,18500000.0,100.0
ID:GB-CFS-328722,Nuclear Restoration Services,Selective,1,179528.0,179528.0,100.0
ID:GB-CFS-328731,Ministry of Defence,Selective,1,384984.25,384984.25,100.0
ID:GB-CFS-328734,Notre Dame Sixth Form College,Open,1,132300.0,132300.0,100.0
ID:GB-CFS-328738,NHS Blood and Transplant,Selective,1,600000.0,600000.0,100.0
ID:GB-CFS-328743,Leeds Teaching Hospitals NHS Trust,Selective,1,17523.97,17523.97,100.0
ID:GB-CFS-328747,Care Quality Commission,Selective,1,44100.0,44100.0,100.0
ID:GB-CFS-328749,Siemens Healthcare Limited,Selective,1,134621.7061,134621.7061,100.0
ID:GB-CFS-328750,East of England Ambulance Service NHS Trust,Limited,1,57600.0,57600.0,100.0
ID:GB-CFS-328754,Department for Work and Pensions,Selective,2,1645000.0,822500.0,100.0
ID:GB-CFS-328762,DESNZ,Selective,1,365000.0,365000.0,100.0
ID:GB-CFS-328763,Worcestershire Acute Hospitals NHS Trust,Selective,2,341775.55,170887.775,100.0
ID:GB-CFS-328767,Department for Work and Pensions,Selective,1,2153760.0,2153760.0,100.0
ID:GB-CFS-328774,Lincolnshire Partnership NHS Foundation Trust,Direct,1,20197.42,20197.42,100.0
ID:GB-CFS-328785,National Highways Limited,Selective,1,893162.48,893162.48,100.0
ID:GB-CFS-328787,Somerset NHS Foundation Trust,Selective,1,19300.0,19300.0,100.0
ID:GB-CFS-328791,Somerset NHS Foundation Trust,Direct,1,79499.42,79499.42,100.0
ID:GB-CFS-328793,ICS on behalf of DSIT and DESNZ,Selective,1,207294.0,207294.0,100.0
ID:GB-CFS-328794,Environment Agency,Selective,1,60713.42,60713.42,100.0
ID:GB-CFS-328795,Ministry of Defence,Direct,1,19000.0,19000.0,35.18518518518518
ID:GB-CFS-328795,Ministry of Defence,Unknown,1,35000.0,35000.0,64.81481481481481
ID:GB-CFS-328797,Nuclear restoration services,Selective,1,534728.12,534728.12,100.0
ID:GB-CFS-328804,National Highways Limited,Selective,1,2501857.66,2501857.66,100.0
ID:GB-CFS-328808,London Ambulance Service,Selective,1,120000.0,120000.0,100.0
ID:GB-CFS-328822,Croydon Health Services NHS Trust,Open,1,6825000.0,6825000.0,100.0
ID:GB-CFS-328825,Environment Agency,Selective,1,425760.0,425760.0,100.0
ID:GB-CFS-328833,university hospitals sussex nhs foundation trust,Selective,1,59301.36,59301.36,100.0
ID:GB-CFS-328837,Department for Work and Pensions,Selective,2,469108.0,234554.0,100.0
ID:GB-CFS-328849,Homes England (the name adopted by the Homes and Communities Agency),Unknown,1,691132.0,691132.0,100.0
ID:GB-CFS-328851,UK Health Security Agency,Selective,1,9384183.46,9384183.46,100.0
ID:GB-CFS-328854,Environment Agency,Selective,1,14445.0,14445.0,100.0
ID:GB-CFS-328873,DSIT,Selective,1,22791.02,22791.02,100.0
ID:GB-CFS-328875,UK Research & Innovation,Selective,1,241248.0,241248.0,100.0
ID:GB-CFS-328878,ICS on behalf of DSIT and DESNZ,Selective,1,56550.0,56550.0,100.0
ID:GB-CFS-328944,Nexus Multi Academy Trust,Open,1,580000.0,580000.0,100.0
ID:GB-CFS-328985,Ministry of Defence,Direct,1,14000.0,14000.0,100.0
ID:GB-CFS-328990,Ministry of Defence,Limited,1,2177123.0,2177123.0,100.0
ID:GB-CFS-328994,Ministry of Defence,Selective,1,176607132.26,176607132.26,100.0
ID:GB-CFS-328997,Torus 62 Limited,Unknown,1,60000.0,60000.0,100.0
ID:GB-CFS-329007,Derbyshire Support and Facilities Services,Selective,1,220000.0,220000.0,100.0
ID:GB-CFS-329012,YORKSHIRE AMBULANCE SERVICE NHS TRUST,Selective,1,175108.15,175108.15,100.0
ID:GB-CFS-329013,Sellafield Ltd,Selective,1,2776864.12,2776864.12,100.0
ID:GB-CFS-329014,ACIS Group Limited,Selective,1,400000.0,400000.0,100.0
ID:GB-CFS-329018,The Police & Crime Commissioner for Kent,Selective,1,469096.08,469096.08,100.0
ID:GB-CFS-329024,NHS Blood and Transplant,Open,1,65556.0,65556.0,100.0
ID:GB-CFS-329074,UK Industrial Fusion Solutions Ltd,Unknown,3,8115579.800000001,1875359.15,100.0
ID:GB-CFS-329078,DSIT,Selective,1,30000.0,30000.0,100.0
ID:GB-CFS-329079,Crofty Education Trust,Open,1,175592.0,175592.0,100.0
ID:GB-CFS-329109,North Kesteven District Council,Direct,1,752000.0,752000.0,100.0
ID:GB-CFS-329112,Leicester City Council,Unknown,2,83889.0,41944.5,100.0
ID:GB-CFS-329114,Leicester City Council,Unknown,1,45630.0,45630.0,100.0
ID:GB-CFS-329117,UBDS IT Consulting,Selective,1,239700.0,239700.0,100.0
ID:GB-CFS-329120,Natural England,Selective,1,77250.0,77250.0,100.0
ID:GB-CFS-329124,The Environment Agency,Selective,1,325763.1,325763.1,100.0
ID:GB-CFS-329125,YORKSHIRE AMBULANCE SERVICE NHS TRUST,Selective,1,51422.26,51422.26,100.0
ID:GB-CFS-329130,Department for Work and Pensions,Selective,1,80350.0,80350.0,100.0
ID:GB-CFS-329135,The Pensions Regulator,Selective,1,264737.98,264737.98,100.0
ID:GB-CFS-329150,"Essex Police, Fire and Crime Commissioner Fire and Rescue Authority",Unknown,4,2730750.95,384423.97,100.0
ID:GB-CFS-329166,ICS on behalf of DSIT and DESNZ,Selective,1,340000.0,340000.0,100.0
ID:GB-CFS-329180,Nuclear Restoration Services Limited (Dounreay),Selective,1,588092.52,588092.52,100.0
ID:GB-CFS-329190,Ministry of Defence,Selective,1,14400000.0,14400000.0,100.0
ID:GB-CFS-329194,Ministry of Justice,Selective,1,7955000.0,7955000.0,100.0
ID:GB-CFS-329198,Isle of Anglesey County Council,Unknown,1,235427.5,235427.5,100.0
ID:GB-CFS-329203,Conwy County Borough Council,Unknown,1,129575.0,129575.0,100.0
ID:GB-CFS-329205,nuclear decommissioning authority,Selective,1,19159140.0,19159140.0,100.0
ID:GB-CFS-329206,Gentoo Group Limited,Unknown,1,9622862.4,9622862.4,100.0
ID:GB-CFS-329209,Cherwell District Council,Unknown,1,246361.6,246361.6,100.0
ID:GB-CFS-329215,Saxon Weald Homes Limited,Unknown,1,249558.0,249558.0,100.0
ID:GB-CFS-329218,York Teaching Hospital Facilities Management LLP,Selective,1,49793.6,49793.6,100.0
ID:GB-CFS-329220,Bournemouth Christchurch and Poole Council,Unknown,1,746510.0,746510.0,100.0
ID:GB-CFS-329222,Lincolnshire County Council,Unknown,1,1563480.0,1563480.0,100.0
ID:GB-CFS-329233,"Arran House, St Nicholas Hospital, Jubilee Road, Gosforth",Selective,1,153353.03,153353.03,100.0
ID:GB-CFS-329236,Department for Works and Pensions,Selective,1,11747515.24,11747515.24,100.0
ID:GB-CFS-329238,JBA Consulting,Selective,1,39402.0,39402.0,100.0
ID:GB-CFS-329240,University Hospitals Sussex NHS Foundation Trust,Selective,1,92850.0,92850.0,100.0
ID:GB-CFS-329243,University Hospitals Sussex NHS Foundation Trust,Selective,3,376057.98,101988.0,100.0
ID:GB-CFS-329248,"Wrightington, Wigan and Leigh Teaching Hospitals NHS Foundation Trust",Unknown,1,262000.0,262000.0,100.0
ID:GB-CFS-329263,Leeds Teaching Hospitals NHS Trust,Unknown,2,30551.42,15275.71,100.0
ID:GB-CFS-329265,Companies House,Selective,1,1019400.0,1019400.0,100.0
ID:GB-CFS-329274,220 Waterloo Road,Selective,2,6800000.0,3400000.0,100.0
ID:GB-CFS-329276,East of England Collaborative Procurement Hub,Open,1,30000000.0,30000000.0,100.0
ID:GB-CFS-329286,Doncaster & Bassetlaw Teaching Hospitals,Selective,1,603000.0,603000.0,100.0
ID:GB-CFS-329289,Wrightington Wigan and Leigh Teaching Hospitals NHS Foundation Trust,Unknown,2,256000.0,128000.0,100.0
ID:GB-CFS-329291,Department of Health and Social Care (DHSC),Selective,1,18500.0,18500.0,100.0
ID:GB-CFS-329298,DESNZ,Selective,1,79332.5,79332.5,100.0
ID:GB-CFS-329299,DfTc - Department for Transport,Selective,1,3000000.0,3000000.0,100.0
ID:GB-CFS-329300,DfTc - Department for Transport,Selective,2,454087.3,227043.65,100.0
ID:GB-CFS-329301,yorkshire ambulance service nhs trust,Selective,1,21870.0,21870.0,100.0
ID:GB-CFS-329313,University Hospitals Sussex NHS Foundation Trust,Selective,1,427200.0,427200.0,100.0
ID:GB-CFS-329315,Gloucestershire Hospitals NHS Foundation Trust,Selective,1,200040.0,200040.0,100.0
ID:GB-CFS-329318,UK Research and Innovation,Selective,1,196813.68,196813.68,100.0
ID:GB-CFS-329320,Secretary of State for Work and Pensions,Selective,1,369917.0,369917.0,100.0
ID:GB-CFS-329333,UK Health Security Agency,Selective,1,39198.02,39198.02,100.0
ID:GB-CFS-329356,Gloucestershire Hospitals NHS Foundation Trust,Selective,1,49000.0,49000.0,100.0
ID:GB-CFS-33149,University of Portsmouth e-Tendering,Open,1,0.0,0.0,
ID:GB-CFS-33149,University of Portsmouth e-Tendering,Unknown,1,0.0,0.0,
ID:GB-CFS-33429,University of Portsmouth e-Tendering,Open,1,0.0,0.0,
ID:GB-CFS-34237,Trinity House,Selective,4,691287.49,80250.0,57.11859555349673
ID:GB-CFS-34237,Trinity House,Unknown,6,518979.47,38752.8,42.88140444650328
ID:GB-CFS-3467,Cornwall College e-Tendering,Open,1,1012642.36,1012642.36,100.0
ID:GB-CFS-35593,Norse Commercial Services Limited,Open,7,33145433.41,1860990.0,88.75364504706656
ID:GB-CFS-35593,Norse Commercial Services Limited,Unknown,1,4200000.0,4200000.0,11.246354952933457
ID:GB-CFS-3629,Portsmouth City Council,Open,1,0.0,0.0,0.0
ID:GB-CFS-3629,Portsmouth City Council,Selective,3,24880.0,4900.0,100.0
ID:GB-CFS-3655,Sandwell Metropolitan Borough Council,Open,5,99990.0,0.0,100.0
ID:GB-CFS-36635,YPO,Open,6,937422000.0,40750000.0,100.0
ID:GB-CFS-36659,Natural History Museum,Open,12,8239236.54,860000.0,23.322725333493537
ID:GB-CFS-36659,Natural History Museum,Selective,2,26680000.0,13340000.0,75.5228119591779
ID:GB-CFS-36659,Natural History Museum,Unknown,1,407837.9,407837.9,1.154462707328561
ID:GB-CFS-38862,Curo Group,Open,4,0.0,0.0,
ID:GB-CFS-3938,Cheshire East Borough Council,Open,1,175000.0,175000.0,0.6186368778280543
ID:GB-CFS-3938,Cheshire East Borough Council,Selective,1,28113000.0,28113000.0,99.38136312217196
ID:GB-CFS-3944,Sandwell Metropolitan Borough Council,Selective,1,750.0,750.0,100.0
ID:GB-CFS-39747,capitalEsourcing,Limited,1,1027277.0,1027277.0,68.51815908601279
ID:GB-CFS-39747,capitalEsourcing,Open,1,377000.0,377000.0,25.145453441892325
ID:GB-CFS-39747,capitalEsourcing,Unknown,1,95000.0,95000.0,6.3363874720948825
ID:GB-CFS-3997,Tamworth Borough Council,Open,2,71700.0,35850.0,100.0
ID:GB-CFS-40432,West Suffolk NHS Foundation Trust,Open,10,2667374.51,31820.815,100.0
ID:GB-CFS-40984,Norfolk County Council,Open,4,285869.72,0.0,67.7357458374712
ID:GB-CFS-40984,Norfolk County Council,Unknown,5,136167.0,0.0,32.2642541625288
ID:GB-CFS-41043,University of East Anglia,Selective,1,0.0,0.0,
ID:GB-CFS-41043,University of East Anglia,Unknown,2,0.0,0.0,
ID:GB-CFS-41047,University Of Sheffield,Open,2,144446.0,72223.0,100.0
ID:GB-CFS-41069,Chelmsford City Council,Open,3,87450000.0,850000.0,95.0457523841322
ID:GB-CFS-41069,Chelmsford City Council,Unknown,5,4558320.0,377000.0,4.954247615867782
ID:GB-CFS-41085,The British Broadcasting Corporation (BBC),Open,2,2060000.0,1030000.0,4.828879512423816
ID:GB-CFS-41085,The British Broadcasting Corporation (BBC),Selective,1,40600000.0,40600000.0,95.1711204875762
ID:GB-CFS-41105,Birmingham City Council,Open,11,5187684.49,91400.0,81.31931046078594
ID:GB-CFS-41105,Birmingham City Council,Selective,1,1191716.0,1191716.0,18.68068953921405
ID:GB-CFS-41126,University Of Worcester,Open,6,960000.0,140000.0,62.3790204383301
ID:GB-CFS-41126,University Of Worcester,Selective,4,578978.96,121989.48,37.6209795616699
ID:GB-CFS-41127,Colchester Borough Council,Open,5,1195245.0,50000.0,62.58312719474159
ID:GB-CFS-41127,Colchester Borough Council,Unknown,2,714606.83,357303.415,37.4168728052584
ID:GB-CFS-41130,Epping Forest District Council,Open,3,940059.03,297359.03,100.0
ID:GB-CFS-41147,Central Bedfordshire Council,Open,4,1946411.21,497559.6,97.05795999813922
ID:GB-CFS-41147,Central Bedfordshire Council,Unknown,2,59000.0,29500.0,2.9420400018607658
ID:GB-CFS-41163,Brentwood Borough Council,Unknown,1,685257.0,685257.0,100.0
ID:GB-CFS-41279,Braintree District Council,Unknown,6,8160783.59,434195.875,100.0
ID:GB-CFS-41357,Central Bedfordshire Council,Open,10,2263352.12,84922.38,72.01757770081932
ID:GB-CFS-41357,Central Bedfordshire Council,Selective,3,57000.0,0.0,1.8136824105595644
ID:GB-CFS-41357,Central Bedfordshire Council,Unknown,16,822425.23,20848.385,26.16873988862112
ID:GB-CFS-41367,Hampshire County Council,Open,1,237500.0,237500.0,100.0
ID:GB-CFS-41369,Hampshire County Council,Open,4,70100000.0,9750000.0,43.08918707491623
ID:GB-CFS-41369,Hampshire County Council,Unknown,332,92585826.21,37152.59,56.910812925083775
ID:GB-CFS-41371,Hampshire County Council,Open,1,765000.0,765000.0,100.0
ID:GB-CFS-41372,Hampshire County Council,Open,5,871330.98,174511.98,100.0
ID:GB-CFS-41401,Pension Protection Fund,Direct,6,389287.44,41896.0,0.7609708601583729
ID:GB-CFS-41401,Pension Protection Fund,Limited,1,44060.0,44060.0,0.0861275567960217
ID:GB-CFS-41401,Pension Protection Fund,Open,2,45600000.0,22800000.0,89.13791624826581
ID:GB-CFS-41401,Pension Protection Fund,Selective,15,4704789.16,122400.0,9.19682241468923
ID:GB-CFS-41401,Pension Protection Fund,Unknown,1,418545.0,418545.0,0.8181629200905793
ID:GB-CFS-41411,Department for Work and Pensions,Direct,2,216577.92,108288.96,4.194700491015151
ID:GB-CFS-41411,Department for Work and Pensions,Selective,7,4946554.0,400000.0,95.80529950898486
ID:GB-CFS-41418,Sheffield Teaching Hospitals NHS Foundation Trust,Unknown,1,34599.9,34599.9,100.0
ID:GB-CFS-41592,Northern Lighthouse Board,Open,11,3125953.28,61130.0,80.60832811741606
ID:GB-CFS-41592,Northern Lighthouse Board,Unknown,3,751999.97,80924.01,19.391671882583932
ID:GB-CFS-41680,capitalEsourcing,Open,2,3180596.75,1590298.375,100.0
ID:GB-CFS-41853,Darlington College,Direct,1,341000.0,341000.0,38.00021092903005
ID:GB-CFS-41853,Darlington College,Open,2,556363.44,278181.72,61.999789070969946
ID:GB-CFS-41856,Central Bedfordshire Council,Open,4,3061864.07,810507.5349999999,97.48797796808886
ID:GB-CFS-41856,Central Bedfordshire Council,Selective,2,57452.6,28726.3,1.8292574964013415
ID:GB-CFS-41856,Central Bedfordshire Council,Unknown,4,21444.0,6277.0,0.6827645355098005
ID:GB-CFS-41857,Office for National Statistics,Selective,2,162851.69,81425.845,100.0
ID:GB-CFS-41970,University of Lincoln,Open,1,500000.0,500000.0,25.0
ID:GB-CFS-41970,University of Lincoln,Unknown,1,1500000.0,1500000.0,75.0
ID:GB-CFS-42181,University Hospitals of North Midlands NHS Trust,Open,3,2778394.0,1340944.0,100.0
ID:GB-CFS-42185,South Devon College,Open,4,432200.0,78600.0,100.0
ID:GB-CFS-42310,OFCOM,Direct,7,819432.6699999999,81056.0,7.866354861169518
ID:GB-CFS-42310,OFCOM,Limited,3,241612.0,77732.0,2.319416591868237
ID:GB-CFS-42310,OFCOM,Open,1,3750000.0,3750000.0,35.999090357705285
ID:GB-CFS-42310,OFCOM,Selective,8,5157166.94,382545.0,49.50755164342146
ID:GB-CFS-42310,OFCOM,Unknown,7,448718.27,60126.0,4.30758654583552
ID:GB-CFS-42543,National Maritime Museum,Open,1,48900.0,48900.0,12.055556738923087
ID:GB-CFS-42543,National Maritime Museum,Selective,1,356722.08,356722.08,87.94444326107691
ID:GB-CFS-42860,Alliance Homes,Open,6,3686311.86,366223.37,80.75623440921491
ID:GB-CFS-42860,Alliance Homes,Selective,1,673666.8,673666.8,14.758055227184633
ID:GB-CFS-42860,Alliance Homes,Unknown,2,204761.0,102380.5,4.485710363600451
ID:GB-CFS-43251,HS2,Selective,7,2988978412.6,179430310.53,99.9854687181988
ID:GB-CFS-43251,HS2,Unknown,1,434400.0,434400.0,0.0145312818011971
ID:GB-CFS-4337,Progress Housing Group,Open,6,19425000.0,262500.0,99.81373241698248
ID:GB-CFS-4337,Progress Housing Group,Unknown,1,36250.0,36250.0,0.1862675830175348
ID:GB-CFS-43412,Worcestershire County Council,Open,6,743149.9,77781.285,100.0
ID:GB-CFS-43571,Department for Work and Pensions,Selective,8,9877908.81,315017.0,100.0
ID:GB-CFS-43899,Birmingham City Council,Open,1,26185.0,26185.0,100.0
ID:GB-CFS-43939,Central Bedfordshire Council,Open,3,150687.39,63687.39,72.765121043826
ID:GB-CFS-43939,Central Bedfordshire Council,Unknown,6,56400.0,9800.0,27.234878956174008
ID:GB-CFS-43941,Nottinghamshire Fire and Rescue Service,Open,1,0.0,0.0,
ID:GB-CFS-43941,Nottinghamshire Fire and Rescue Service,Selective,1,0.0,0.0,
ID:GB-CFS-44290,University Of Worcester,Open,16,2529455.56,60000.0,39.01879971910783
ID:GB-CFS-44290,University Of Worcester,Selective,19,3953203.0,60000.0,60.98120028089215
ID:GB-CFS-44625,Forestry Commission,Open,2,4300000.0,2150000.0,100.0
ID:GB-CFS-44818,Forestry Commission,Open,1,400000.0,400000.0,100.0
ID:GB-CFS-44970,Milton Keynes College,Open,5,257989.31,37650.0,100.0
ID:GB-CFS-45106,Birmingham City Council,Open,3,1951280.0,822280.0,100.0
ID:GB-CFS-45349,Keele University,Selective,1,526996.8,526996.8,100.0
ID:GB-CFS-45673,University of East Anglia,Selective,1,400000.0,400000.0,100.0
ID:GB-CFS-45845,Nottingham University Hospitals NHS Trust,Selective,1,42700.0,42700.0,100.0
ID:GB-CFS-47389,The City of Liverpool College,Open,1,162962.0,162962.0,54.70047026520809
ID:GB-CFS-47389,The City of Liverpool College,Selective,1,134955.0,134955.0,45.2995297347919
ID:GB-CFS-47400,British Transport Police,Open,1,4850685.0,4850685.0,100.0
ID:GB-CFS-47731,The University of Warwick,Open,1,0.0,0.0,
ID:GB-CFS-4819,Walsall Council e-Tendering,Open,8,1919904.0,235000.0,19.355949000573148
ID:GB-CFS-4819,Walsall Council e-Tendering,Unknown,11,7999031.0,494000.0,80.64405099942685
ID:GB-CFS-48787,Sir John Deane's College,Open,1,193916.68,193916.68,100.0
ID:GB-CFS-48821,London Borough of Barking and Dagenham,Open,2,118800000.0,59400000.0,100.0
ID:GB-CFS-48831,Liverpool School of Tropical Medicine,Open,3,304000.0,70000.0,91.01796407185628
ID:GB-CFS-48831,Liverpool School of Tropical Medicine,Unknown,1,30000.0,30000.0,8.982035928143713
ID:GB-CFS-4891,BFI,Open,3,320932.5,84000.0,43.16901668947752
ID:GB-CFS-4891,BFI,Selective,1,400000.0,400000.0,53.80448124073134
ID:GB-CFS-4891,BFI,Unknown,1,22500.0,22500.0,3.026502069791138
ID:GB-CFS-48924,City of London Corporation,Direct,11,777273.12,71108.0,72.52474100130263
ID:GB-CFS-48924,City of London Corporation,Limited,1,108580.0,108580.0,10.131234665520712
ID:GB-CFS-48924,City of London Corporation,Open,2,134982.0,67491.0,12.594716500472616
ID:GB-CFS-48924,City of London Corporation,Selective,1,50900.0,50900.0,4.7493078327040354
ID:GB-CFS-49206,Nottingham City Council,Direct,9,1320419.84,85255.0,1.691047370461444
ID:GB-CFS-49206,Nottingham City Council,Limited,1,65000.0,65000.0,0.0832447951403046
ID:GB-CFS-49206,Nottingham City Council,Open,14,50092857.29,164583.0,64.15337912459333
ID:GB-CFS-49206,Nottingham City Council,Selective,2,891084.5,445542.25,1.1412022562338584
ID:GB-CFS-49206,Nottingham City Council,Unknown,185,25713598.2601,80000.0,32.93112645357106
ID:GB-CFS-49240,Wakefield and District Housing Limited,Direct,1,2750000.0,2750000.0,51.73776621009123
ID:GB-CFS-49240,Wakefield and District Housing Limited,Open,3,268301.0,95000.0,5.04774342252134
ID:GB-CFS-49240,Wakefield and District Housing Limited,Selective,3,252923.2,93745.92,4.758429596621143
ID:GB-CFS-49240,Wakefield and District Housing Limited,Unknown,3,2044042.0,600000.0,38.456060770766285
ID:GB-CFS-49253,North Kesteven District Council,Open,2,2705470.0,1352735.0,100.0
ID:GB-CFS-49287,Devon County Council,Direct,6,940140.0,160000.0,0.7070360481227376
ID:GB-CFS-49287,Devon County Council,Open,22,19075160.7,171248.66999999998,14.345550916495576
ID:GB-CFS-49287,Devon County Council,Selective,15,12235280.0,529131.0,9.201591272443649
ID:GB-CFS-49287,Devon County Council,Unknown,21,100718594.28,80000.0,75.74582176293804
ID:GB-CFS-49305,Isle of Wight Council,Direct,9,1855141.0,92295.0,65.87344028520499
ID:GB-CFS-49305,Isle of Wight Council,Open,2,893775.0,446887.5,31.736689605215503
ID:GB-CFS-49305,Isle of Wight Council,Unknown,2,67304.0,33652.0,2.389870109579507
ID:GB-CFS-49319,Isle of Wight Council,Direct,23,2493485.04,70000.0,30.31416732605797
ID:GB-CFS-49319,Isle of Wight Council,Open,12,2270031.25,137696.29,27.59756166328574
ID:GB-CFS-49319,Isle of Wight Council,Unknown,12,3461961.3,153512.28,42.08827101065629
ID:GB-CFS-49324,Liverpool City Council,Direct,13,4558211.97,138736.0,3.085402860208782
ID:GB-CFS-49324,Liverpool City Council,Open,9,136155775.33,211494.0,92.162326237129
ID:GB-CFS-49324,Liverpool City Council,Selective,2,173250.0,86625.0,0.1172709933301262
ID:GB-CFS-49324,Liverpool City Council,Unknown,7,6847505.180000001,96143.43,4.634999909332092
ID:GB-CFS-49436,Leicester City Council,Direct,20,10138303.5,134777.215,64.46387868843651
ID:GB-CFS-49436,Leicester City Council,Open,10,1372787.02,75910.375,8.728795298181817
ID:GB-CFS-49436,Leicester City Council,Unknown,18,4216016.98,99830.5,26.80732601338168
ID:GB-CFS-49453,Stockton Borough Council,Direct,1,323431.2,323431.2,93.0948370450623
ID:GB-CFS-49453,Stockton Borough Council,Selective,1,23990.0,23990.0,6.905162954937695
ID:GB-CFS-49477,Bolton at Home,Open,3,1904118.0,440000.0,100.0
ID:GB-CFS-4950,Surrey Heath Borough Council,Open,5,730998.74,87407.85,100.0
ID:GB-CFS-49530,London Borough of Southwark,Open,8,14245608.6,741366.8,48.28113377118658
ID:GB-CFS-49530,London Borough of Southwark,Selective,1,447754.08,447754.08,1.517525522431845
ID:GB-CFS-49530,London Borough of Southwark,Unknown,5,14812176.0,2174820.0,50.20134070638157
ID:GB-CFS-49569,London Borough of Sutton,Open,1,98650.0,98650.0,100.0
ID:GB-CFS-49575,Bath and North East Somerset Council,Direct,3,1047750.0,100000.0,67.09792879788733
ID:GB-CFS-49575,Bath and North East Somerset Council,Open,3,350000.0,133000.0,22.414006279418345
ID:GB-CFS-49575,Bath and North East Somerset Council,Unknown,2,163773.61,81886.805,10.488064922694315
ID:GB-CFS-49629,London Borough of Sutton,Direct,4,692755.0,117157.5,3.653024960918044
ID:GB-CFS-49629,London Borough of Sutton,Open,6,15934259.41,386022.5,84.02429049010576
ID:GB-CFS-49629,London Borough of Sutton,Unknown,4,2336858.2,111775.71,12.322684548976204
ID:GB-CFS-49652,Durham County Council,Open,3,1065000.0,65000.0,15.27540917299078
ID:GB-CFS-49652,Durham County Council,Selective,5,5606990.0,138000.0,80.42165866560337
ID:GB-CFS-49652,Durham County Council,Unknown,1,300000.0,300000.0,4.302932161405854
ID:GB-CFS-49729,Humberside Fire & Rescue Service,Unknown,17,3401820.91,70000.0,100.0
ID:GB-CFS-49923,Northampton General Hospital NHS Trust,Unknown,1,441926.0,441926.0,100.0
ID:GB-CFS-50018,University of Cumbria,Open,1,0.0,0.0,
ID:GB-CFS-50036,Northumberland County Council,Direct,4,1533507.49,43124.26,32.04569859386209
ID:GB-CFS-50036,Northumberland County Council,Open,12,3142027.51,146700.69,65.65893366395167
ID:GB-CFS-50036,Northumberland County Council,Unknown,1,109842.0,109842.0,2.295367742186248
ID:GB-CFS-50098,Merseytravel,Open,1,50000.0,50000.0,3.652782508536992
ID:GB-CFS-50098,Merseytravel,Selective,2,519695.68,259847.84,37.96670579332474
ID:GB-CFS-50098,Merseytravel,Unknown,5,799123.84,56774.88,58.38051169813826
ID:GB-CFS-50123,Darlington Borough Council,Direct,56,17069399.69,96361.605,92.84719641558227
ID:GB-CFS-50123,Darlington Borough Council,Open,2,1315000.0,657500.0,7.152803584417719
ID:GB-CFS-50127,Plymouth City Council,Open,20,1004761.33,44338.0,80.77363881714382
ID:GB-CFS-50127,Plymouth City Council,Unknown,3,239161.0,60000.0,19.226361182856166
ID:GB-CFS-50175,Darlington Borough Council,Direct,2,9334560.0,4667280.0,3.0169769920016445
ID:GB-CFS-50175,Darlington Borough Council,Limited,1,300000000.0,300000000.0,96.96151694354027
ID:GB-CFS-50175,Darlington Borough Council,Open,1,30345.0,30345.0,0.0098076574388391
ID:GB-CFS-50175,Darlington Borough Council,Selective,1,36195.0,36195.0,0.0116984070192381
ID:GB-CFS-50180,London Borough of Redbridge,Selective,1,121675.0,121675.0,100.0
ID:GB-CFS-50288,London Borough of Hackney,Direct,9,37725703.6,191141.6,21.82445918625257
ID:GB-CFS-50288,London Borough of Hackney,Open,17,105655669.0,151964.0,61.12219563445628
ID:GB-CFS-50288,London Borough of Hackney,Selective,11,23406864.69,805845.0,13.540957871095651
ID:GB-CFS-50288,London Borough of Hackney,Unknown,18,6071503.600000001,234176.99,3.512387308195508
ID:GB-CFS-50290,London Borough of Hackney,Direct,6,2076538.0,216369.0,1.7000735308340431
ID:GB-CFS-50290,London Borough of Hackney,Open,13,13466122.91,454165.8,11.02479180359276
ID:GB-CFS-50290,London Borough of Hackney,Selective,6,104733296.81,10253841.905,85.74574879133758
ID:GB-CFS-50290,London Borough of Hackney,Unknown,11,1868053.25,73996.9,1.5293858742356314
ID:GB-CFS-50460,City of London Corporation,Direct,1,47000.0,47000.0,9.52087705509144
ID:GB-CFS-50460,City of London Corporation,Selective,1,446652.0,446652.0,90.47912294490855
ID:GB-CFS-50475,Oxfordshire County Council,Selective,1,825500.0,825500.0,7.242672513203431
ID:GB-CFS-50475,Oxfordshire County Council,Unknown,2,10572226.44,5286113.22,92.75732748679656
ID:GB-CFS-50482,University of Hertfordshire,Open,5,700000.0,0.0,100.0
ID:GB-CFS-50488,Durham County Council,Unknown,7,1313703.85,163808.6,100.0
ID:GB-CFS-50507,Wakefield and District Housing Limited,Direct,1,500000.0,500000.0,3.271463070427399
ID:GB-CFS-50507,Wakefield and District Housing Limited,Open,2,11935230.75,5967615.375,78.09133327130901
ID:GB-CFS-50507,Wakefield and District Housing Limited,Unknown,2,2848450.87,1424225.435,18.63720365826359
ID:GB-CFS-50508,Cornwall Council,Open,9,21498473.82,2639659.86,75.82140765373939
ID:GB-CFS-50508,Cornwall Council,Unknown,7,6855621.0,331502.0,24.178592346260626
ID:GB-CFS-50580,Plymouth City Council,Direct,3,7406233.689999999,2756718.69,32.615743314367606
ID:GB-CFS-50580,Plymouth City Council,Open,8,981517.68,73068.34,4.322430272841364
ID:GB-CFS-50580,Plymouth City Council,Unknown,23,14319790.87,50798.0,63.06182641279104
ID:GB-CFS-50606,YPO,Open,15,1340590000.0,7000000.0,100.0
ID:GB-CFS-50611,London Borough of Merton,Direct,6,2836105.0,115362.5,1.3233960868372108
ID:GB-CFS-50611,London Borough of Merton,Open,22,211468971.78,82500.0,98.67660391316278
ID:GB-CFS-50636,Mid Devon District Council,Direct,1,150000.0,150000.0,35.62108991748612
ID:GB-CFS-50636,Mid Devon District Council,Open,3,271098.85000000003,82195.6,64.37891008251388
ID:GB-CFS-50691,Leicester City Council,Direct,21,6093462.46,64286.64,5.897163359171064
ID:GB-CFS-50691,Leicester City Council,Open,40,59258256.24,43863.5,57.3492689453441
ID:GB-CFS-50691,Leicester City Council,Selective,5,1281072.28,255318.64,1.2398029133120705
ID:GB-CFS-50691,Leicester City Council,Unknown,32,36695912.82,11928.0,35.51376478217275
ID:GB-CFS-50692,Redditch Borough & Bromsgrove District Councils,Direct,5,1319985.51,200000.0,6.589583712412242
ID:GB-CFS-50692,Redditch Borough & Bromsgrove District Councils,Open,2,1243204.0,621602.0,6.206277847402848
ID:GB-CFS-50692,Redditch Borough & Bromsgrove District Councils,Unknown,12,17468205.0,61925.0,87.20413844018492
ID:GB-CFS-50695,North Somerset Council,Open,3,1512540.0,406000.0,81.42542677907834
ID:GB-CFS-50695,North Somerset Council,Selective,3,273833.0,108000.0,14.741407758601662
ID:GB-CFS-50695,North Somerset Council,Unknown,1,71204.0,71204.0,3.8331654623200007
ID:GB-CFS-50870,Blackpool Council,Open,7,4718500.0,350000.0,83.71329725893727
ID:GB-CFS-50870,Blackpool Council,Unknown,4,918000.0,265000.0,16.286702741062715
ID:GB-CFS-50894,Wolverhampton City Council,Direct,44,7681990.189999999,76513.07500000001,17.4149427543815
ID:GB-CFS-50894,Wolverhampton City Council,Open,17,23314790.05,57500.0,52.85423750992494
ID:GB-CFS-50894,Wolverhampton City Council,Unknown,31,13114706.65,74597.0,29.730819735693565
ID:GB-CFS-50956,Welland Procurement,Unknown,1,990000.0,990000.0,100.0
ID:GB-CFS-50970,Tamworth Borough Council,Open,2,39875.0,19937.5,100.0
ID:GB-CFS-50987,Westward Housing Group,Open,3,424180.0,128180.0,100.0
ID:GB-CFS-51030,The Royal Borough of Kingston upon Thames,Direct,1,65000.0,65000.0,6.878306878306878
ID:GB-CFS-51030,The Royal Borough of Kingston upon Thames,Open,1,880000.0,880000.0,93.12169312169311
ID:GB-CFS-51066,Nottingham City Council,Limited,1,95000.0,95000.0,0.1254687840005608
ID:GB-CFS-51066,Nottingham City Council,Open,14,58544430.059,320814.875,77.32103631061698
ID:GB-CFS-51066,Nottingham City Council,Selective,1,325000.0,325000.0,0.4292353136861292
ID:GB-CFS-51066,Nottingham City Council,Unknown,57,16751614.18,54561.24,22.12425959169634
ID:GB-CFS-51104,Torridge District Council,Direct,1,36000.0,36000.0,4.38358299462037
ID:GB-CFS-51104,Torridge District Council,Open,1,48000.0,48000.0,5.844777326160493
ID:GB-CFS-51104,Torridge District Council,Selective,2,571246.0,285623.0,69.55845142624743
ID:GB-CFS-51104,Torridge District Council,Unknown,1,166000.0,166000.0,20.213188252971705
ID:GB-CFS-51108,Wigan Council,Open,4,2534875.77,576137.885,36.872682778329406
ID:GB-CFS-51108,Wigan Council,Unknown,3,4339795.609999999,1641705.13,63.127317221670594
ID:GB-CFS-51116,North Tyneside Council,Open,5,11400000.0,1500000.0,100.0
ID:GB-CFS-51118,Leicester City Council,Direct,7,5686648.41,333333.33,16.676496393137764
ID:GB-CFS-51118,Leicester City Council,Open,5,27784093.8,420600.8,81.47880906924249
ID:GB-CFS-51118,Leicester City Council,Unknown,7,629036.76,76725.0,1.8446945376197552
ID:GB-CFS-51197,Lincolnshire County Council,Direct,10,3053199.81,202287.5,5.601131478968167
ID:GB-CFS-51197,Lincolnshire County Council,Open,11,18927826.42,553556.42,34.72332339412381
ID:GB-CFS-51197,Lincolnshire County Council,Selective,23,6452512.92,167367.2,11.83721193624102
ID:GB-CFS-51197,Lincolnshire County Council,Unknown,20,26076872.21,495343.655,47.83833319066701
ID:GB-CFS-51222,Lincolnshire County Council,Direct,4,932389.01,157270.005,0.3164350018627349
ID:GB-CFS-51222,Lincolnshire County Council,Open,57,285861770.93,98039.0,97.0160191149392
ID:GB-CFS-51222,Lincolnshire County Council,Selective,8,3617950.7,445012.1,1.2278632890511902
ID:GB-CFS-51222,Lincolnshire County Council,Unknown,9,4242085.17,443921.76,1.4396825941468678
ID:GB-CFS-51313,Cheshire East Borough Council,Open,11,26514438.5,554024.8,100.0
ID:GB-CFS-51374,Middlesex University,Open,1,0.0,0.0,
ID:GB-CFS-51377,Basildon Borough Council,Open,3,6733330.47,242680.0,100.0
ID:GB-CFS-51523,Wigan Council,Direct,3,596170.0700000001,177848.07,8.633567864011974
ID:GB-CFS-51523,Wigan Council,Open,4,610802.0,55401.0,8.84546337335291
ID:GB-CFS-51523,Wigan Council,Selective,1,1194787.69,1194787.69,17.302580461144416
ID:GB-CFS-51523,Wigan Council,Unknown,21,4503497.48,78660.0,65.2183883014907
ID:GB-CFS-51658,South Gloucestershire Council,Direct,5,13602263.63,80000.0,41.96522924262006
ID:GB-CFS-51658,South Gloucestershire Council,Open,8,4114425.0,200000.0,12.693680480192771
ID:GB-CFS-51658,South Gloucestershire Council,Selective,2,140616.0,70308.0,0.433823577876079
ID:GB-CFS-51658,South Gloucestershire Council,Unknown,14,14555871.41,67705.0,44.90726669931108
ID:GB-CFS-51660,Nottinghamshire County Council,Open,1,25000000.0,25000000.0,100.0
ID:GB-CFS-51697,The Royal Borough of Kingston upon Thames,Direct,1,88200.0,88200.0,100.0
ID:GB-CFS-51705,South Gloucestershire Council,Open,2,30074814.0,15037407.0,99.78584481508052
ID:GB-CFS-51705,South Gloucestershire Council,Unknown,1,64545.0,64545.0,0.2141551849194934
ID:GB-CFS-51805,Derbyshire County Council,Direct,2,467956.99,233978.495,100.0
ID:GB-CFS-51843,Norse Commercial Services Ltd,Open,2,3308173.26,1654086.63,100.0
ID:GB-CFS-51922,Bristol City Council,Direct,8,1265609.17,80000.0,6.339690101452364
ID:GB-CFS-51922,Bristol City Council,Open,2,18147265.0,9073632.5,90.90328911644416
ID:GB-CFS-51922,Bristol City Council,Selective,2,92362.38,46181.19,0.4626616811196002
ID:GB-CFS-51922,Bristol City Council,Unknown,2,458029.0,229014.5,2.294359100983857
ID:GB-CFS-52107,Bath and North East Somerset Council,Direct,6,1927346.69,70051.785,8.011614045740865
ID:GB-CFS-52107,Bath and North East Somerset Council,Open,25,5496775.38,65000.0,22.8490510135935
ID:GB-CFS-52107,Bath and North East Somerset Council,Selective,2,11568490.0,5784245.0,48.088015224709125
ID:GB-CFS-52107,Bath and North East Somerset Council,Unknown,3,5064296.8,33000.0,21.051319715956502
ID:GB-CFS-52114,Mid Devon District Council,Direct,8,2987875.0,175000.0,74.1415179597227
ID:GB-CFS-52114,Mid Devon District Council,Open,8,1042087.0,71000.0,25.858482040277305
ID:GB-CFS-52200,West Lindsey District Council,Direct,6,841217.0,103680.0,18.663035550518387
ID:GB-CFS-52200,West Lindsey District Council,Open,2,460000.0,230000.0,10.205448003592958
ID:GB-CFS-52200,West Lindsey District Council,Unknown,9,3206179.44,200000.0,71.13151644588866
ID:GB-CFS-52238,The Royal Borough of Kingston upon Thames,Direct,5,7954520.0,412600.0,98.246123675558
ID:GB-CFS-52238,The Royal Borough of Kingston upon Thames,Open,1,142003.0,142003.0,1.7538763244419855
ID:GB-CFS-52302,Derbyshire County Council,Direct,2,326997.09,163498.54499999998,70.02122647059748
ID:GB-CFS-52302,Derbyshire County Council,Open,1,140000.0,140000.0,29.97877352940251
ID:GB-CFS-52379,Torbay Council,Direct,1,1193585.0,1193585.0,58.40642791956292
ID:GB-CFS-52379,Torbay Council,Open,1,850000.0,850000.0,41.59357208043708
ID:GB-CFS-52395,Leicester City Council,Direct,9,1947489.95,169958.6,20.721108401481924
ID:GB-CFS-52395,Leicester City Council,Open,5,2747593.55,55107.0,29.23413483739033
ID:GB-CFS-52395,Leicester City Council,Unknown,48,4703496.5,28431.0,50.04475676112774
ID:GB-CFS-52427,Leicestershire County Council,Direct,45,5711313.58,30000.0,3.577736549542605
ID:GB-CFS-52427,Leicestershire County Council,Open,35,12470976.11,90000.0,7.812190035137181
ID:GB-CFS-52427,Leicestershire County Council,Selective,3,50100928.0,100860.0,31.384710147819007
ID:GB-CFS-52427,Leicestershire County Council,Unknown,57,91351610.11,149756.0,57.2253632675012
ID:GB-CFS-52436,University of Exeter,Open,8,2478894.0,70447.0,73.9891718678692
ID:GB-CFS-52436,University of Exeter,Unknown,1,871453.0,871453.0,26.010828132130797
ID:GB-CFS-5251,Sandwell Metropolitan Borough Council,Open,1,68470.0,68470.0,100.0
ID:GB-CFS-52713,Teignbridge District Council,Direct,1,27000.0,27000.0,15.838616929733384
ID:GB-CFS-52713,Teignbridge District Council,Unknown,1,143469.43,143469.43,84.16138307026661
ID:GB-CFS-52882,Lancaster City Council,Direct,2,26474.0,13237.0,100.0
ID:GB-CFS-52945,Halton Borough Council,Direct,2,518683.44,259341.72,1.047449980427024
ID:GB-CFS-52945,Halton Borough Council,Open,1,49000000.0,49000000.0,98.95255001957298
ID:GB-CFS-53006,Herefordshire Council,Direct,2,601728.1499999999,300864.07499999995,6.782087083852846
ID:GB-CFS-53006,Herefordshire Council,Open,10,5331664.18,175925.625,60.09326765021527
ID:GB-CFS-53006,Herefordshire Council,Selective,1,8000.0,8000.0,0.0901681210540387
ID:GB-CFS-53006,Herefordshire Council,Unknown,9,2930922.97,52275.0,33.03447714487784
ID:GB-CFS-53257,Bristol City Council,Direct,4,1530546.91,146576.45500000002,9.095537854127196
ID:GB-CFS-53257,Bristol City Council,Open,3,8184438.0,106896.0,48.63742833191378
ID:GB-CFS-53257,Bristol City Council,Unknown,29,7112463.17,151457.15,42.26703381395904
ID:GB-CFS-53429,Gloucestershire County Council,Selective,1,98713.0,98713.0,18.250679919315623
ID:GB-CFS-53429,Gloucestershire County Council,Unknown,1,442160.0,442160.0,81.74932008068437
ID:GB-CFS-53475,Bedford Borough Council,Open,15,106450.5,3312.0,6.0141739147762285
ID:GB-CFS-53475,Bedford Borough Council,Selective,5,268768.17,62489.0,15.18469633431635
ID:GB-CFS-53475,Bedford Borough Council,Unknown,4,1394775.04,344.0,78.80112975090742
ID:GB-CFS-53560,Merseytravel,Selective,1,105000.0,105000.0,16.827300612513742
ID:GB-CFS-53560,Merseytravel,Unknown,2,518986.0,259493.0,83.17269938748626
ID:GB-CFS-53669,Bolton Council,Open,5,2105092.56,413520.0,100.0
ID:GB-CFS-53761,HS2,Direct,1,22700.0,22700.0,100.0
ID:GB-CFS-53790,North Somerset Council,Open,1,2100000.0,2100000.0,86.68777169908445
ID:GB-CFS-53790,North Somerset Council,Selective,2,322487.0,161243.5,13.312228300915546
ID:GB-CFS-53886,Central Bedfordshire Council,Unknown,3,115848.0,41548.0,100.0
ID:GB-CFS-54206,The Guinness Partnership Ltd,Selective,1,9500000.0,9500000.0,100.0
ID:GB-CFS-54216,Stockton Borough Council,Direct,1,240000.0,240000.0,87.56823024606672
ID:GB-CFS-54216,Stockton Borough Council,Selective,1,34072.0,34072.0,12.431769753933274
ID:GB-CFS-54258,Bristol City Council,Direct,9,1115782.35,92000.0,2.6114085789618384
ID:GB-CFS-54258,Bristol City Council,Open,5,40836000.0,1200000.0,95.57372970677088
ID:GB-CFS-54258,Bristol City Council,Selective,5,559536.0,54780.0,1.3095538844452872
ID:GB-CFS-54258,Bristol City Council,Unknown,1,215904.0,215904.0,0.505307829821987
ID:GB-CFS-54464,RSSB,Open,1,128302.0,128302.0,100.0
ID:GB-CFS-5456,Three Rivers District Council,Unknown,3,1108025.0,100771.0,100.0
ID:GB-CFS-54579,Blackburn with Darwen,Open,1,158900.0,158900.0,98.49132854822912
ID:GB-CFS-54579,Blackburn with Darwen,Unknown,1,2434.0,2434.0,1.5086714517708604
ID:GB-CFS-54905,Salford City Council,Open,4,629957.5,97500.0,64.28416538472331
ID:GB-CFS-54905,Salford City Council,Selective,1,350000.0,350000.0,35.715834615276684
ID:GB-CFS-54994,Blackburn with Darwen,Open,2,120600.0,60300.0,100.0
ID:GB-CFS-55220,Department for Work and Pensions,Limited,1,95680.0,95680.0,0.3840033630475133
ID:GB-CFS-55220,Department for Work and Pensions,Selective,10,24820768.45,319034.18,99.61599663695247
ID:GB-CFS-55221,Worcester City Council,Open,2,443487.38,221743.69,76.06140537384061
ID:GB-CFS-55221,Worcester City Council,Unknown,3,139577.55,34579.24,23.93859462615939
ID:GB-CFS-55333,Preston City Council,Direct,2,120448.06,60224.03,60.0732551405854
ID:GB-CFS-55333,Preston City Council,Open,1,26711.91,26711.91,13.322517479504068
ID:GB-CFS-55333,Preston City Council,Unknown,1,53342.0,53342.0,26.604227379910533
ID:GB-CFS-55458,Liverpool School of Tropical Medicine,Unknown,2,541792.0,270896.0,100.0
ID:GB-CFS-55467,Bury Council,Open,1,800000.0,800000.0,100.0
ID:GB-CFS-55515,Keele University,Open,2,2905926.34,1452963.17,64.49120826063037
ID:GB-CFS-55515,Keele University,Selective,1,1600000.0,1600000.0,35.50879173936962
ID:GB-CFS-55641,London Borough of Lewisham,Direct,2,90000.0,45000.0,3.129346314325452
ID:GB-CFS-55641,London Borough of Lewisham,Open,1,1070000.0,1070000.0,37.20445062586926
ID:GB-CFS-55641,London Borough of Lewisham,Unknown,2,1716000.0,858000.0,59.66620305980529
ID:GB-CFS-55679,Bristol City Council,Direct,1,4000000.0,4000000.0,60.84864960523876
ID:GB-CFS-55679,Bristol City Council,Open,22,2573687.38,52396.06,39.151350394761245
ID:GB-CFS-55740,North Somerset Council,Open,1,165255.0,165255.0,0.2303654972245944
ID:GB-CFS-55740,North Somerset Council,Unknown,12,71570748.0,219228.5,99.7696345027754
ID:GB-CFS-55981,Wychavon District Council,Unknown,3,1929153.59,662473.0,100.0
ID:GB-CFS-56352,Wolverhampton City Council,Direct,13,16488606.53,104476.0,94.81725002716178
ID:GB-CFS-56352,Wolverhampton City Council,Open,4,821885.03,208254.55,4.726225848212496
ID:GB-CFS-56352,Wolverhampton City Council,Unknown,1,79389.0,79389.0,0.4565241246257299
ID:GB-CFS-56372,Wyre Forest District Council,Unknown,1,40000.0,40000.0,100.0
ID:GB-CFS-56471,York College,Direct,1,325272.24,325272.24,28.70274813838895
ID:GB-CFS-56471,York College,Open,5,807972.0,100000.0,71.29725186161106
ID:GB-CFS-56689,Blackburn with Darwen,Open,1,13575.0,13575.0,75.68155209901322
ID:GB-CFS-56689,Blackburn with Darwen,Unknown,1,4362.0,4362.0,24.318447900986783
ID:GB-CFS-56692,Durham County Council,Open,4,426448.17,88224.08499999999,73.17943683492679
ID:GB-CFS-56692,Durham County Council,Unknown,1,156295.0,156295.0,26.820563165073217
ID:GB-CFS-56836,Eastleigh Borough Council,Open,2,908845.78,454422.89,100.0
ID:GB-CFS-56915,City of Lincoln,Selective,1,10000000.0,10000000.0,100.0
ID:GB-CFS-57228,West Lindsey District Council,Direct,1,91800.0,91800.0,100.0
ID:GB-CFS-57380,Tunbridge Wells Borough Council,Open,1,178850.0,178850.0,100.0
ID:GB-CFS-57412,South Gloucestershire Council,Direct,2,654983.0,327491.5,32.93388372862713
ID:GB-CFS-57412,South Gloucestershire Council,Open,3,419431.0,119379.0,21.08984780701454
ID:GB-CFS-57412,South Gloucestershire Council,Unknown,6,914367.54,84231.77,45.976268464358334
ID:GB-CFS-57933,Peabody Trust,Open,2,8000000.0,4000000.0,0.3395185094319889
ID:GB-CFS-57933,Peabody Trust,Selective,3,2147154360.0,1023577180.0,91.1248309784495
ID:GB-CFS-57933,Peabody Trust,Unknown,60,201123656.59,101460.0,8.535650512118501
ID:GB-CFS-58010,Leicestershire County Council,Direct,11,657232.37,41460.0,1.0743096480047043
ID:GB-CFS-58010,Leicestershire County Council,Open,199,9982041.51,10636.2,16.31660884410859
ID:GB-CFS-58010,Leicestershire County Council,Selective,2,35090000.0,17545000.0,57.3579867170649
ID:GB-CFS-58010,Leicestershire County Council,Unknown,28,15447908.25,175000.0,25.25109479082181
ID:GB-CFS-58064,Bristol City Council,Direct,28,14727544.29,53170.0,3.589173541147144
ID:GB-CFS-58064,Bristol City Council,Open,17,305929164.08,130499.13,74.5564120915096
ID:GB-CFS-58064,Bristol City Council,Selective,3,143119.0,48400.0,0.0348787902396074
ID:GB-CFS-58064,Bristol City Council,Unknown,26,89532638.34,599999.01,21.819535577103625
ID:GB-CFS-58180,London Borough of Southwark,Open,1,99985.15,99985.15,0.3828987690298866
ID:GB-CFS-58180,London Borough of Southwark,Selective,1,26012700.0,26012700.0,99.61710123097012
ID:GB-CFS-58244,Tunbridge Wells Borough Council,Open,2,194678.08,97339.04,100.0
ID:GB-CFS-58502,London Borough of Hackney,Open,1,33740.4,33740.4,100.0
ID:GB-CFS-58603,North York Moors National Park Authority,Open,4,319721.0,28412.5,100.0
ID:GB-CFS-58634,Phoenix Community Housing,Open,1,158667.36,158667.36,100.0
ID:GB-CFS-58900,Cornwall Council,Direct,1,325000.0,325000.0,4.866788795312254
ID:GB-CFS-58900,Cornwall Council,Open,8,3470911.2,71750.0,51.97597457748865
ID:GB-CFS-58900,Cornwall Council,Selective,1,204066.0,204066.0,3.055834222474432
ID:GB-CFS-58900,Cornwall Council,Unknown,8,2677937.41,263500.0,40.101402404724666
ID:GB-CFS-59163,Greater Manchester Combined Authority - Greater Manchester Police,Direct,1,102500.0,102500.0,0.496587017984783
ID:GB-CFS-59163,Greater Manchester Combined Authority - Greater Manchester Police,Open,1,15000000.0,15000000.0,72.6712709246024
ID:GB-CFS-59163,Greater Manchester Combined Authority - Greater Manchester Police,Unknown,5,5538394.0,400000.0,26.832142057412824
ID:GB-CFS-59199,whg,Direct,1,496936.0,496936.0,1.6736406070255168
ID:GB-CFS-59199,whg,Open,5,26946065.200000003,330000.0,90.7521872399608
ID:GB-CFS-59199,whg,Unknown,9,2248917.0,196000.0,7.574172153013676
ID:GB-CFS-59287,Kent County Council,Open,3,12511141.2,580000.0,98.04092756218384
ID:GB-CFS-59287,Kent County Council,Selective,1,250000.0,250000.0,1.9590724378161413
ID:GB-CFS-59448,Bolton at Home,Open,2,800000.0,400000.0,100.0
ID:GB-CFS-59460,Hampshire County Council,Open,1,1200000.0,1200000.0,100.0
ID:GB-CFS-59540,Department for Work and Pensions,Direct,1,20000.0,20000.0,0.0021934399166984
ID:GB-CFS-59540,Department for Work and Pensions,Selective,13,911777794.64,1080000.0,99.99649049613328
ID:GB-CFS-59540,Department for Work and Pensions,Unknown,1,12000.0,12000.0,0.001316063950019
ID:GB-CFS-59655,Dover District Council,Open,2,234746.04,117373.02,100.0
ID:GB-CFS-59659,Dover District Council,Open,2,227595.0,113797.5,100.0
ID:GB-CFS-59747,De Montfort University,Unknown,1,329525.55,329525.55,100.0
ID:GB-CFS-59812,Torridge District Council,Unknown,2,333026.0,166513.0,100.0
ID:GB-CFS-59863,Bracknell Forest Borough Council,Unknown,1,48000000.0,48000000.0,100.0
ID:GB-CFS-59870,Department for Work and Pensions,Direct,3,169302.0,20350.0,32.690354040075505
ID:GB-CFS-59870,Department for Work and Pensions,Selective,3,348593.89,95407.0,67.3096459599245
ID:GB-CFS-59937,London Borough of Waltham Forest,Open,1,7844492.24,7844492.24,100.0
ID:GB-CFS-60013,Lincolnshire County Council,Open,4,1696381.45,394698.725,9.89032694516987
ID:GB-CFS-60013,Lincolnshire County Council,Selective,22,15455543.45,307990.0,90.10967305483013
ID:GB-CFS-60313,Kent Fire and Rescue Service,Direct,1,177000.0,177000.0,100.0
ID:GB-CFS-60326,Derby Homes Ltd,Open,1,1670000.0,1670000.0,100.0
ID:GB-CFS-60507,Herefordshire Council,Open,14,125661420.61,410128.225,99.71231837516773
ID:GB-CFS-60507,Herefordshire Council,Selective,3,139081.8,34835.0,0.1103613874049088
ID:GB-CFS-60507,Herefordshire Council,Unknown,2,223466.0,111733.0,0.1773202374273654
ID:GB-CFS-60576,South Gloucestershire Council,Direct,2,585558.0,292779.0,23.14563101638356
ID:GB-CFS-60576,South Gloucestershire Council,Open,1,1800000.0,1800000.0,71.14946056494901
ID:GB-CFS-60576,South Gloucestershire Council,Unknown,4,144327.66,32517.175,5.704908418667427
ID:GB-CFS-6063,Castle Point Borough Council,Open,1,29925.0,29925.0,55.493741307371344
ID:GB-CFS-6063,Castle Point Borough Council,Unknown,1,24000.0,24000.0,44.506258692628656
ID:GB-CFS-60867,Water Services Regulation Authority (Ofwat),Open,3,18400000.0,2000000.0,100.0
ID:GB-CFS-60983,Paradigm Housing Group,Direct,8,2633651.0,119000.0,8.813724974363353
ID:GB-CFS-60983,Paradigm Housing Group,Open,3,27025000.0,2000000.0,90.44133692435696
ID:GB-CFS-60983,Paradigm Housing Group,Selective,2,60200.0,30100.0,0.2014641436760883
ID:GB-CFS-60983,Paradigm Housing Group,Unknown,2,162396.8,81198.4,0.5434739576036044
ID:GB-CFS-61121,Department for Work and Pensions,Selective,3,649820.0,274720.0,100.0
ID:GB-CFS-61148,Bedford Borough Council,Open,1,0.0,0.0,
ID:GB-CFS-61157,Department for Work and Pensions,Selective,4,16350950.0,2725475.0,100.0
ID:GB-CFS-6170,The University of Warwick,Open,2,0.0,0.0,
ID:GB-CFS-6170,The University of Warwick,Selective,1,0.0,0.0,
ID:GB-CFS-62082,University of Leeds,Open,1,0.0,0.0,
ID:GB-CFS-62406,West Thames College,Open,2,1166258.0,583129.0,100.0
ID:GB-CFS-62670,UK Biobank Ltd,Selective,1,5938026.0,5938026.0,100.0
ID:GB-CFS-63173,Cafcass,Direct,2,518412.0,259206.0,100.0
ID:GB-CFS-63252,South Kesteven District Council,Direct,1,195000.0,195000.0,43.82022471910113
ID:GB-CFS-63252,South Kesteven District Council,Unknown,1,250000.0,250000.0,56.17977528089888
ID:GB-CFS-63389,Kent County Council,Open,2,764000.0,382000.0,100.0
ID:GB-CFS-63800,whg,Direct,1,54515.36,54515.36,1.1325477519614686
ID:GB-CFS-63800,whg,Unknown,4,4759000.0,1058500.0,98.86745224803852
ID:GB-CFS-64189,Bury Council,Open,2,972463.42,486231.71,100.0
ID:GB-CFS-64840,Durham County Council,Direct,1,70000.0,70000.0,4.058533327226207
ID:GB-CFS-64840,Durham County Council,Open,4,1396228.0,258114.0,80.95196957723418
ID:GB-CFS-64840,Durham County Council,Selective,1,86461.0,86461.0,5.012926428647215
ID:GB-CFS-64840,Durham County Council,Unknown,2,172072.0,86036.0,9.976570666892398
ID:GB-CFS-64879,Flagship Housing Group,Open,6,4928692.4,683497.75,31.65725651708074
ID:GB-CFS-64879,Flagship Housing Group,Selective,4,4955451.33,425479.0,31.82913056447161
ID:GB-CFS-64879,Flagship Housing Group,Unknown,7,5684774.56,127689.0,36.513612918447656
ID:GB-CFS-65446,University of East Anglia,Open,1,0.0,0.0,
ID:GB-CFS-66017,Malvern Hills District Council,Open,2,164855.45,82427.725,47.46932232691907
ID:GB-CFS-66017,Malvern Hills District Council,Selective,3,153387.95,43562.65,44.16731166373539
ID:GB-CFS-66017,Malvern Hills District Council,Unknown,1,29045.0,29045.0,8.363366009345546
ID:GB-CFS-66311,The Royal Borough of Kingston upon Thames,Open,1,47500.0,47500.0,100.0
ID:GB-CFS-66340,London Borough of Brent,Open,1,1794930.0,1794930.0,100.0
ID:GB-CFS-66347,Nottinghamshire County Council,Direct,22,8259118.37,65417.0,3.3507456207784605
ID:GB-CFS-66347,Nottinghamshire County Council,Open,12,142535551.04,290762.0,57.827040618201565
ID:GB-CFS-66347,Nottinghamshire County Council,Selective,207,54132254.21,179088.0,21.961595125682148
ID:GB-CFS-66347,Nottinghamshire County Council,Unknown,35,41559062.03,132000.0,16.86061863533782
ID:GB-CFS-66504,Offshore Renewable Energy Catapult,Direct,1,67500.0,67500.0,0.1035372074366443
ID:GB-CFS-66504,Offshore Renewable Energy Catapult,Open,7,64977254.59,194750.0,99.6676072170145
ID:GB-CFS-66504,Offshore Renewable Energy Catapult,Unknown,2,149200.0,74600.0,0.2288555755488493
ID:GB-CFS-66796,Swale Borough Council,Open,2,124926.65,62463.325,100.0
ID:GB-CFS-67010,Bolton Council,Open,10,164961518.42000002,1266858.0,99.39888636908576
ID:GB-CFS-67010,Bolton Council,Selective,2,997602.9,498801.45,0.6011136309142275
ID:GB-CFS-67082,Westward Housing Group,Open,1,49911.0,49911.0,100.0
ID:GB-CFS-6712,BFI,Open,5,399781.1,84338.0,18.05059199755678
ID:GB-CFS-6712,BFI,Selective,2,1815000.0,907500.0,81.94940800244322
ID:GB-CFS-67123,Oxfordshire County Council,Open,2,8590000.0,4295000.0,1.0121341726015876
ID:GB-CFS-67123,Oxfordshire County Council,Selective,3,840111707.0,73932.0,98.9878658273984
ID:GB-CFS-67270,Lincolnshire County Council,Open,3,126490000.0,26000000.0,99.84456563647475
ID:GB-CFS-67270,Lincolnshire County Council,Selective,2,69980.0,34990.0,0.0552385382499842
ID:GB-CFS-67270,Lincolnshire County Council,Unknown,1,126935.0,126935.0,0.1001958252752464
ID:GB-CFS-67504,Hartlepool Borough Council,Open,7,9073057.21,63330.0,100.0
ID:GB-CFS-6766,Sandwell Metropolitan Borough Council,Open,2,0.0,0.0,
ID:GB-CFS-67701,City of London Corporation,Direct,14,799482.7,49192.0,100.0
ID:GB-CFS-68457,West Midlands Combined Authority,Limited,1,64330.0,64330.0,0.1153824878677977
ID:GB-CFS-68457,West Midlands Combined Authority,Open,2,47189918.0,23594959.0,84.63998353983166
ID:GB-CFS-68457,West Midlands Combined Authority,Selective,40,8499446.68,125541.12,15.244633972300544
ID:GB-CFS-68462,Nottinghamshire County Council,Direct,25,7477587.98,98067.78,13.962322096782849
ID:GB-CFS-68462,Nottinghamshire County Council,Open,8,20253722.67,146559.57,37.81821094366485
ID:GB-CFS-68462,Nottinghamshire County Council,Selective,4,710011.36,169544.0,1.325749336177632
ID:GB-CFS-68462,Nottinghamshire County Council,Unknown,23,25114153.42,169378.56,46.89371762337466
ID:GB-CFS-68597,Wiltshire Council,Open,4,108775293.35,14338735.675,100.0
ID:GB-CFS-68997,Peabody Trust,Unknown,1,301445.38,301445.38,100.0
ID:GB-CFS-69003,Lancaster City Council,Direct,6,940893.0,79700.0,85.01028642056959
ID:GB-CFS-69003,Lancaster City Council,Limited,1,120000.0,120000.0,10.842077016694088
ID:GB-CFS-69003,Lancaster City Council,Open,1,45906.0,45906.0,4.147636562736324
ID:GB-CFS-69240,Yeovil College,Open,5,1214048.5,75000.0,100.0
ID:GB-CFS-69744,Department for Work and Pensions,Direct,1,169774.74,169774.74,4.029566073444959
ID:GB-CFS-69744,Department for Work and Pensions,Selective,12,4043451.62,114987.5,95.97043392655505
ID:GB-CFS-6984,Sutton Housing Partnership,Direct,1,24096.0,24096.0,100.0
ID:GB-CFS-69878,Newcastle-under-Lyme Borough Council,Open,4,275305.0,44542.0,100.0
ID:GB-CFS-70399,Construction Industry Training Board,Open,1,250000.0,250000.0,58.75440658049354
ID:GB-CFS-70399,Construction Industry Training Board,Selective,1,175500.0,175500.0,41.24559341950646
ID:GB-CFS-70467,Borough Council of King's Lynn and West Norfolk,Open,3,460885.0,126636.0,100.0
ID:GB-CFS-70802,PROSPER,Direct,48,239892846.28,275000.0,11.9645187576296
ID:GB-CFS-70802,PROSPER,Open,3,1750000000.0,500000000.0,87.2802509559344
ID:GB-CFS-70802,PROSPER,Selective,2,181255.0,90627.5,0.0090399896497245
ID:GB-CFS-70802,PROSPER,Unknown,6,14961380.21,1819595.625,0.7461902967862576
ID:GB-CFS-7094,University of Essex,Open,5,25910714.0,3000000.0,100.0
ID:GB-CFS-71006,North Kesteven District Council,Open,1,2835000.0,2835000.0,100.0
ID:GB-CFS-71145,Oxfordshire County Council,Open,2,157200.0,78600.0,2.6352228037295444
ID:GB-CFS-71145,Oxfordshire County Council,Unknown,2,5808140.0,2904070.0,97.36477719627044
ID:GB-CFS-71149,South Lakes Housing,Open,1,6409615.0,6409615.0,100.0
ID:GB-CFS-71267,Lincolnshire County Council,Selective,1,485235.3,485235.3,100.0
ID:GB-CFS-71400,whg,Direct,2,2450000.0,1225000.0,100.0
ID:GB-CFS-71529,Oxfordshire County Council,Direct,25,9431420.29,160717.25,32.1688582885819
ID:GB-CFS-71529,Oxfordshire County Council,Open,5,16197520.69,585893.55,55.24679546467157
ID:GB-CFS-71529,Oxfordshire County Council,Selective,3,229003.0,69990.0,0.7810875592588105
ID:GB-CFS-71529,Oxfordshire County Council,Unknown,13,3460536.04,118975.0,11.803258687487714
ID:GB-CFS-71678,Aston University,Open,4,3697459.3,725000.0,18.5703060652365
ID:GB-CFS-71678,Aston University,Selective,2,8682337.62,4341168.81,43.60661034595217
ID:GB-CFS-71678,Aston University,Unknown,8,7530802.76,187800.0,37.82308358881132
ID:GB-CFS-71687,Bristol City Council,Direct,18,2025223.76,58611.5,62.15074690576032
ID:GB-CFS-71687,Bristol City Council,Open,1,210978.59,210978.59,6.474581825775229
ID:GB-CFS-71687,Bristol City Council,Unknown,4,1022364.7,315751.07499999995,31.37467126846446
ID:GB-CFS-71723,Blackpool Council,Open,8,380000.0,37000.0,87.35632183908046
ID:GB-CFS-71723,Blackpool Council,Selective,1,22000.0,22000.0,5.057471264367816
ID:GB-CFS-71723,Blackpool Council,Unknown,1,33000.0,33000.0,7.586206896551724
ID:GB-CFS-71774,Oxfordshire County Council,Direct,3,180780.0,55560.0,0.8625421139067743
ID:GB-CFS-71774,Oxfordshire County Council,Open,4,15375628.66,3066308.52,73.36058882089823
ID:GB-CFS-71774,Oxfordshire County Council,Selective,3,1045141.37,149851.0,4.986604970744674
ID:GB-CFS-71774,Oxfordshire County Council,Unknown,5,4357426.591,98064.2,20.79026409445032
ID:GB-CFS-71839,Worcester City Council,Direct,3,320305.34,109836.34,1.8873178532871415
ID:GB-CFS-71839,Worcester City Council,Open,1,1750000.0,1750000.0,10.31143047210046
ID:GB-CFS-71839,Worcester City Council,Selective,3,11995400.0,1857400.0,70.67984747716221
ID:GB-CFS-71839,Worcester City Council,Unknown,2,2905751.77,1452875.885,17.1214041974502
ID:GB-CFS-72024,National Physical Laboratory,Open,6,440307.18,54978.59,46.825887259523
ID:GB-CFS-72024,National Physical Laboratory,Selective,1,500000.0,500000.0,53.17411274047701
ID:GB-CFS-72085,London Borough of Brent,Open,1,396664.71,396664.71,100.0
ID:GB-CFS-72454,Thurrock Council,Open,2,13864122.39,6932061.195,70.90027467835152
ID:GB-CFS-72454,Thurrock Council,Unknown,8,5690276.3100000005,354934.12,29.099725321648474
ID:GB-CFS-72848,London Borough of Bromley,Open,1,1838301.85,1838301.85,100.0
ID:GB-CFS-73290,Blackburn with Darwen Borough Council,Open,1,1212069.0,1212069.0,100.0
ID:GB-CFS-73888,Great Places Housing Group,Direct,1,310635.0,310635.0,23.441892560312965
ID:GB-CFS-73888,Great Places Housing Group,Open,2,1014492.65,507246.325,76.55810743968703
ID:GB-CFS-7391,University of Bath,Open,1,260000.0,260000.0,100.0
ID:GB-CFS-73954,Karbon Homes,Direct,4,1756493.24,245746.62,32.25275614036632
ID:GB-CFS-73954,Karbon Homes,Open,6,3689532.0,321375.0,67.74724385963367
ID:GB-CFS-74192,Halton Borough Council,Direct,4,568000.0,126000.0,100.0
ID:GB-CFS-74325,Halton Borough Council,Direct,3,236000.0,54000.0,100.0
ID:GB-CFS-74808,Durham County Council,Direct,1,26198715.0,26198715.0,71.38864398930589
ID:GB-CFS-74808,Durham County Council,Open,1,10500000.0,10500000.0,28.611356010694102
ID:GB-CFS-74903,Office for National Statistics,Selective,2,57334.89,28667.445,100.0
ID:GB-CFS-75365,Department for Work and Pensions,Direct,2,74393.7,37196.85,100.0
ID:GB-CFS-76103,"Essex Police, Fire and Crime Commissioner Fire and Rescue Authority",Open,1,220081.0,220081.0,7.443573115321421
ID:GB-CFS-76103,"Essex Police, Fire and Crime Commissioner Fire and Rescue Authority",Unknown,7,2736577.0,345140.0,92.55642688467856
ID:GB-CFS-76447,Huntingdonshire District Council,Selective,1,28110.0,28110.0,1.9328076041643032
ID:GB-CFS-76447,Huntingdonshire District Council,Unknown,2,1426251.0,713125.5,98.0671923958357
ID:GB-CFS-76455,Rugby Borough Council,Unknown,1,1097700.0,1097700.0,100.0
ID:GB-CFS-76469,Malvern Hills District Council,Selective,1,2194497.0,2194497.0,100.0
ID:GB-CFS-76525,Bristol City Council,Open,1,78750.0,78750.0,100.0
ID:GB-CFS-7656,Civil Nuclear Police Authority (CNPA) / Civil Nuclear Constabulary (CNC),Direct,3,627287.0,53280.0,100.0
ID:GB-CFS-76790,Stockton-on-Tees Borough Council,Unknown,1,1379844.1,1379844.1,100.0
ID:GB-CFS-76840,Welland Procurement,Open,3,8931502.41,915541.7,78.68966120762497
ID:GB-CFS-76840,Welland Procurement,Unknown,2,2418784.62,1209392.31,21.310338792375013
ID:GB-CFS-76879,Homes England (the name adopted by the Homes and Communities Agency),Open,1,76000.0,76000.0,11.634920683520972
ID:GB-CFS-76879,Homes England (the name adopted by the Homes and Communities Agency),Unknown,6,577206.0,36000.0,88.36507931647903
ID:GB-CFS-77897,Maidstone Borough Council,Open,2,102500.0,51250.0,59.42028985507246
ID:GB-CFS-77897,Maidstone Borough Council,Selective,1,70000.0,70000.0,40.57971014492754
ID:GB-CFS-77922,Homes England (the name adopted by the Homes and Communities Agency),Open,1,9305000.0,9305000.0,82.52150237201651
ID:GB-CFS-77922,Homes England (the name adopted by the Homes and Communities Agency),Unknown,3,1970849.0,170849.0,17.47849762798349
ID:GB-CFS-77981,Royal Borough of Greenwich,Open,2,3007840.0,1503920.0,35.2385995660548
ID:GB-CFS-77981,Royal Borough of Greenwich,Unknown,4,5527800.0,1245900.0,64.7614004339452
ID:GB-CFS-77988,Stoke-on-Trent City Council,Open,6,23694124.38,3050000.0,100.0
ID:GB-CFS-77998,Durham County Council,Open,1,4000000.0,4000000.0,100.0
ID:GB-CFS-78044,Royal Borough of Greenwich,Open,3,5830335.1,1574560.1,6.406272509426132
ID:GB-CFS-78044,Royal Borough of Greenwich,Selective,2,85000000.0,42500000.0,93.39654650402876
ID:GB-CFS-78044,Royal Borough of Greenwich,Unknown,3,179454.0,63000.0,0.1971809865451056
ID:GB-CFS-78073,Future Academies,Selective,1,6402398.4,6402398.4,100.0
ID:GB-CFS-78762,Gloucestershire County Council,Open,1,24980.0,24980.0,100.0
ID:GB-CFS-78916,London Borough of Lewisham,Direct,1,110940.0,110940.0,0.2784193619949698
ID:GB-CFS-78916,London Borough of Lewisham,Open,9,14789601.72,480000.0,37.11656278206336
ID:GB-CFS-78916,London Borough of Lewisham,Selective,1,550000.0,550000.0,1.3803015061946406
ID:GB-CFS-78916,London Borough of Lewisham,Unknown,2,24395825.0,12197912.5,61.22471634974704
ID:GB-CFS-79024,British Business Bank,Unknown,14,2886844.58,102172.5,100.0
ID:GB-CFS-79129,Stoke-on-Trent City Council,Open,7,4317470.93,450000.0,100.0
ID:GB-CFS-79149,Homes England (the name adopted by the Homes and Communities Agency),Unknown,1,66850.0,66850.0,100.0
ID:GB-CFS-79628,Police and Crime Commissioner for North Wales Police & North Wales Police,Open,4,6451482.0,456500.0,51.812964914537886
ID:GB-CFS-79628,Police and Crime Commissioner for North Wales Police & North Wales Police,Selective,1,6000000.0,6000000.0,48.187035085462114
ID:GB-CFS-79727,Durham County Council,Direct,1,279546.0,279546.0,11.917140282964748
ID:GB-CFS-79727,Durham County Council,Limited,1,188000.0,188000.0,8.014503420536771
ID:GB-CFS-79727,Durham County Council,Open,3,602440.0,245345.0,25.682220429086023
ID:GB-CFS-79727,Durham County Council,Unknown,7,1275761.33,61472.0,54.386135867412456
ID:GB-CFS-80283,Maidstone Borough Council,Open,6,769490.87,111001.96,100.0
ID:GB-CFS-80588,Lancaster City Council,Open,1,32754.0,32754.0,100.0
ID:GB-CFS-80602,Arts University Bournemouth,Selective,1,12564039.0,12564039.0,100.0
ID:GB-CFS-80701,South Thames College Group,Open,2,454821.35,227410.675,100.0
ID:GB-CFS-81527,St Helens College,Open,4,573130.8200000001,141920.0,100.0
ID:GB-CFS-82037,Loughborough University,Open,1,440000.0,440000.0,9.90990990990991
ID:GB-CFS-82037,Loughborough University,Unknown,1,4000000.0,4000000.0,90.09009009009009
ID:GB-CFS-82079,Department for Work and Pensions,Open,1,12400000.0,12400000.0,1.12959460796249
ID:GB-CFS-82079,Department for Work and Pensions,Selective,6,1085338951.0,922500.0,98.87040539203753
ID:GB-CFS-82136,London Borough of Waltham Forest,Direct,1,428000.0,428000.0,100.0
ID:GB-CFS-82140,Liverpool City Council,Direct,7,4631497.18,75000.0,0.5542848629998668
ID:GB-CFS-82140,Liverpool City Council,Open,7,28396615.11,95883.0,3.398428910606894
ID:GB-CFS-82140,Liverpool City Council,Selective,2,800051831.0,400025915.5,95.74800594796598
ID:GB-CFS-82140,Liverpool City Council,Unknown,8,2500728.16,87838.595,0.2992802784272686
ID:GB-CFS-82200,Wychavon District Council,Unknown,7,11752782.12,138964.0,100.0
ID:GB-CFS-82225,Salford City College,Direct,4,1840266.3,382902.65,78.70561563838353
ID:GB-CFS-82225,Salford City College,Open,2,497897.61,248948.805,21.29438436161646
ID:GB-CFS-82493,New City College,Open,3,316872.0,153000.0,100.0
ID:GB-CFS-82764,Transport for Greater Manchester,Open,2,120299554.0,60149777.0,100.0
ID:GB-CFS-82846,Hopwood Hall College,Open,1,654124.89,654124.89,100.0
ID:GB-CFS-82853,Wigan and Leigh College,Open,1,0.0,0.0,
ID:GB-CFS-82875,Cheshire Constabulary on behalf of the Police and Crime Commissioner for Cheshire,Direct,1,70000.0,70000.0,64.61746828020793
ID:GB-CFS-82875,Cheshire Constabulary on behalf of the Police and Crime Commissioner for Cheshire,Unknown,1,38329.84,38329.84,35.38253171979207
ID:GB-CFS-83384,Dudley Metropolitan Borough Council,Open,27,963179.64,0.0,100.0
ID:GB-CFS-83384,Dudley Metropolitan Borough Council,Selective,2,0.0,0.0,0.0
ID:GB-CFS-83384,Dudley Metropolitan Borough Council,Unknown,3,0.0,0.0,0.0
ID:GB-CFS-83441,Humberside Fire and Rescue Service,Unknown,2,345068.52,172534.26,100.0
ID:GB-CFS-83521,Swindon Borough Council,Open,19,32125726.89,315925.0,85.43530766553667
ID:GB-CFS-83521,Swindon Borough Council,Unknown,3,5476674.0,1293734.6,14.564692334463327
ID:GB-CFS-83641,York St John University,Open,1,112000.0,112000.0,100.0
ID:GB-CFS-83972,Reading Borough Council,Open,1,0.0,0.0,
ID:GB-CFS-83974,Basingstoke and Deane Borough Council,Open,1,99000.0,99000.0,10.170627898506956
ID:GB-CFS-83974,Basingstoke and Deane Borough Council,Unknown,3,874391.23,241144.13,89.82937210149305
ID:GB-CFS-83976,Basingstoke and Deane Borough Council,Direct,1,127835.0,127835.0,9.033519803244165
ID:GB-CFS-83976,Basingstoke and Deane Borough Council,Open,1,127840.0,127840.0,9.033873130572488
ID:GB-CFS-83976,Basingstoke and Deane Borough Council,Unknown,2,1159443.39,579721.6950000001,81.93260706618335
ID:GB-CFS-84030,London Borough of Lewisham,Selective,1,51040.0,51040.0,100.0
ID:GB-CFS-84127,University of Leicester,Open,3,1423218.0,318218.0,100.0
ID:GB-CFS-84321,Ofgem,Open,49,28549391.96,200000.0,100.0
ID:GB-CFS-84936,Wokingham Borough Council,Open,4,703350.0,56875.0,23.60231731232576
ID:GB-CFS-84936,Wokingham Borough Council,Selective,102,2276654.0,17480.0,76.39768268767423
ID:GB-CFS-84980,Folkestone and Hythe District Council,Direct,8,391748.0,39578.0,0.554703211783194
ID:GB-CFS-84980,Folkestone and Hythe District Council,Open,4,10170000.0,2200000.0,14.400409609838682
ID:GB-CFS-84980,Folkestone and Hythe District Council,Selective,1,60000000.0,60000000.0,84.95816878960875
ID:GB-CFS-84980,Folkestone and Hythe District Council,Unknown,2,61243.12,30621.56,0.086718388769371
ID:GB-CFS-84986,Test Valley Borough Council,Open,4,492446.89,65310.945,100.0
ID:GB-CFS-85120,Notting Hill Genesis,Selective,3,237480000.0,45480000.0,97.3236715696888
ID:GB-CFS-85120,Notting Hill Genesis,Unknown,2,6530523.0,3265261.5,2.67632843031118
ID:GB-CFS-85376,London Borough of Bromley,Open,2,489650.0,244825.0,100.0
ID:GB-CFS-85619,Coleg Cambria,Open,1,75768.0,75768.0,100.0
ID:GB-CFS-85681,Oxfordshire County Council,Selective,1,75995.99,75995.99,100.0
ID:GB-CFS-85898,Department for Work and Pensions,Direct,1,621996.0,621996.0,0.9625092412584354
ID:GB-CFS-85898,Department for Work and Pensions,Open,1,905635.0,905635.0,1.4014271099928024
ID:GB-CFS-85898,Department for Work and Pensions,Selective,7,63094709.58,1200000.0,97.63606364874876
ID:GB-CFS-86087,Paradigm Housing Group,Direct,10,418498.0,30124.0,8.60782344561778
ID:GB-CFS-86087,Paradigm Housing Group,Open,8,3750960.99,223250.495,77.15116906967222
ID:GB-CFS-86087,Paradigm Housing Group,Selective,3,190000.0,25000.0,3.9079910887683535
ID:GB-CFS-86087,Paradigm Housing Group,Unknown,4,502374.0,39577.0,10.333016395941646
ID:GB-CFS-8611,Castle Point Borough Council,Unknown,1,233000.0,233000.0,100.0
ID:GB-CFS-86222,Sanctuary Housing Association,Open,1,2500000.0,2500000.0,1.0411178240537529
ID:GB-CFS-86222,Sanctuary Housing Association,Unknown,2,237626520.0,118813260.0,98.95888217594624
ID:GB-CFS-86452,Borough Council of King's Lynn & West Norfolk,Selective,1,20327463.0,20327463.0,100.0
ID:GB-CFS-86821,Blackburn with Darwen,Selective,1,59775.0,59775.0,100.0
ID:GB-CFS-86829,Borough Council of King's Lynn & West Norfolk,Open,2,14453960.0,7226980.0,100.0
ID:GB-CFS-86832,Bedford Borough Council,Selective,4,84853.0,20219.0,100.0
ID:GB-CFS-86884,HS2,Selective,1,2000000.0,2000000.0,100.0
ID:GB-CFS-87489,South Hams District Council,Direct,1,36192.0,36192.0,100.0
ID:GB-CFS-87505,Surrey Heath Borough Council,Open,1,6022.0,6022.0,100.0
ID:GB-CFS-88407,Bracknell Forest Borough Council,Direct,2,1783795.0,891897.5,5.61021084534782
ID:GB-CFS-88407,Bracknell Forest Borough Council,Limited,1,8809922.72,8809922.72,27.70807407264857
ID:GB-CFS-88407,Bracknell Forest Borough Council,Unknown,3,21201789.6,3726960.6,66.6817150820036
ID:GB-CFS-88634,University of Bristol,Open,1,26658.37,26658.37,100.0
ID:GB-CFS-88918,Stockton Borough Council,Unknown,1,50109.84,50109.84,100.0
ID:GB-CFS-89034,Homes England (the name adopted by the Homes and Communities Agency),Unknown,1,939963.88,939963.88,100.0
ID:GB-CFS-89170,Department for Work and Pensions,Selective,4,9702751.74,333185.87,100.0
ID:GB-CFS-89235,The College of West Anglia,Open,2,1089860.25,544930.125,100.0
ID:GB-CFS-89485,British Business Bank Plc,Unknown,1,80000.0,80000.0,100.0
ID:GB-CFS-89522,Wiltshire Council,Open,1,1248172.0,1248172.0,100.0
ID:GB-CFS-89538,Magenta Living,Direct,3,1384984.2,428682.8,68.05872006278967
ID:GB-CFS-89538,Magenta Living,Selective,1,650000.0,650000.0,31.941279937210325
ID:GB-CFS-90374,AGH Solutions Ltd,Open,2,4254928.0,2127464.0,100.0
ID:GB-CFS-90388,Kent County Council,Direct,1,0.0,0.0,0.0
ID:GB-CFS-90388,Kent County Council,Open,2,339875.0,169937.5,2.5855629005160554
ID:GB-CFS-90388,Kent County Council,Selective,1,12805231.62,12805231.62,97.41443709948396
ID:GB-CFS-90429,Financial Conduct Authority,Direct,1,99801.0,99801.0,25.81498754529864
ID:GB-CFS-90429,Financial Conduct Authority,Selective,4,286800.0,78000.0,74.18501245470136
ID:GB-CFS-91241,Priestley College,Open,1,614100.0,614100.0,100.0
ID:GB-CFS-91243,The Oldham College,Direct,2,87764.0,43882.0,25.5485259556652
ID:GB-CFS-91243,The Oldham College,Open,2,255754.84,127877.42,74.45147404433482
ID:GB-CFS-91351,Broxtowe Borough Council,Direct,1,16625.0,16625.0,9.048401518912302
ID:GB-CFS-91351,Broxtowe Borough Council,Selective,5,167109.11000000002,29922.74,90.9515984810877
ID:GB-CFS-91702,Bolsover District Council,Open,1,14420.0,14420.0,7.857882404228652
ID:GB-CFS-91702,Bolsover District Council,Selective,1,169090.0,169090.0,92.14211759577134
ID:GB-CFS-91942,Lancaster City Council,Direct,2,108838.0,54419.0,27.797201640759724
ID:GB-CFS-91942,Lancaster City Council,Open,3,200014.0,74625.0,51.083532304663024
ID:GB-CFS-91942,Lancaster City Council,Selective,1,82691.01,82691.01,21.119266054577245
ID:GB-CFS-91977,Luton Sixth Form College,Open,1,175842.0,175842.0,100.0
ID:GB-CFS-92505,Kent County Council,Selective,1,3200000.0,3200000.0,100.0
ID:GB-CFS-92560,London Borough of Waltham Forest,Direct,1,2000000.0,2000000.0,100.0
ID:GB-CFS-92795,Imperial War Museums,Unknown,1,318815.83,318815.83,100.0
ID:GB-CFS-92953,Bolsover District Council,Open,6,722671.54,68621.76999999999,100.0
ID:GB-CFS-93065,North Somerset Council,Open,7,40882790.63,1215750.0,98.78206022668748
ID:GB-CFS-93065,North Somerset Council,Selective,1,504067.0,504067.0,1.217939773312526
ID:GB-CFS-93267,CPS,Unknown,1,57314.4,57314.4,100.0
ID:GB-CFS-93662,Folkestone and Hythe District Council,Direct,17,5024963.14,57767.14,34.92336078629865
ID:GB-CFS-93662,Folkestone and Hythe District Council,Open,8,7409758.31,310000.0,51.49762407996581
ID:GB-CFS-93662,Folkestone and Hythe District Council,Selective,1,32182.0,32182.0,0.2236640479764123
ID:GB-CFS-93662,Folkestone and Hythe District Council,Unknown,9,1921640.57,50920.0,13.355351085759128
ID:GB-CFS-93895,Durham County Council,Open,2,257891.24,128945.62,100.0
ID:GB-CFS-93931,Dudley College of Technology,Selective,1,916791.0,916791.0,100.0
ID:GB-CFS-94328,Wigan Council,Open,1,5903795.0,5903795.0,100.0
ID:GB-CFS-94537,NEUPC Ltd,Open,1,200000000.0,200000000.0,100.0
ID:GB-CFS-94777,Red Kite Community Housing,Open,1,144260.0,144260.0,6.27342041440408
ID:GB-CFS-94777,Red Kite Community Housing,Selective,3,2155283.0,251085.0,93.72657958559591
ID:GB-CFS-94841,Greater Manchester Combined Authority,Direct,12,1133736.52,65987.72,5.912448808431758
ID:GB-CFS-94841,Greater Manchester Combined Authority,Limited,1,73270.46,73270.46,0.3821062797908696
ID:GB-CFS-94841,Greater Manchester Combined Authority,Open,9,15230217.78,177000.0,79.42575843417056
ID:GB-CFS-94841,Greater Manchester Combined Authority,Selective,3,700564.2,174950.64,3.653450247434869
ID:GB-CFS-94841,Greater Manchester Combined Authority,Unknown,10,2037624.76,54757.805,10.626236230171934
ID:GB-CFS-95046,Sefton Council,Open,4,555862.5,146281.25,100.0
ID:GB-CFS-95246,Bath and North East Somerset Council,Direct,14,8905924.95,95000.0,51.94413411574254
ID:GB-CFS-95246,Bath and North East Somerset Council,Open,3,129497.0,31200.0,0.7552960050024127
ID:GB-CFS-95246,Bath and North East Somerset Council,Selective,1,3646325.0,3646325.0,21.26732438157195
ID:GB-CFS-95246,Bath and North East Somerset Council,Unknown,8,4463451.640000001,125000.0,26.03324549768309
ID:GB-CFS-95452,British Business Bank,Unknown,1,139999.0,139999.0,100.0
ID:GB-CFS-95483,Greater Manchester Combined Authority,Open,2,1075951.75,537975.875,100.0
ID:GB-CFS-95509,University Of Sheffield,Open,3,551777.0700000001,135445.0,100.0
ID:GB-CFS-95728,Macclesfield College,Open,1,392890.21,392890.21,100.0
ID:GB-CFS-95894,Oxfordshire County Council,Direct,1,156865.0,156865.0,4.196246236847357
ID:GB-CFS-95894,Oxfordshire County Council,Limited,1,700000.0,700000.0,18.725479653161315
ID:GB-CFS-95894,Oxfordshire County Council,Open,1,2681357.0,2681357.0,71.72813706623096
ID:GB-CFS-95894,Oxfordshire County Council,Unknown,1,200000.0,200000.0,5.350137043760376
ID:GB-CFS-95968,Police and Crime Commissioner for North Wales Police & North Wales Police,Open,1,163500.0,163500.0,100.0
ID:GB-CFS-97156,Ansa Environmental Services Ltd,Open,1,90000.0,90000.0,100.0
ID:GB-CFS-97435,New College Durham,Open,1,60030.0,60030.0,100.0
ID:GB-CFS-97437,Askham Bryan College,Direct,4,821208.67,147329.0,28.82753209187092
ID:GB-CFS-97437,Askham Bryan College,Open,8,2027487.04,81999.5,71.1724679081291
ID:GB-CFS-98328,Leeds Beckett University,Open,2,1200000.0,600000.0,70.58823529411765
ID:GB-CFS-98328,Leeds Beckett University,Unknown,1,500000.0,500000.0,29.411764705882355
ID:GB-CFS-98398,Procurement For Housing,Open,4,1.0,0.0,100.0
ID:GB-CFS-98499,City of London Corporation,Selective,3,2034694.0,187000.0,100.0
ID:GB-CFS-98892,CPS,Direct,3,3962362.0,765773.0,3.4569853587954835
ID:GB-CFS-98892,CPS,Limited,1,26400.0,26400.0,0.0230328307893626
ID:GB-CFS-98892,CPS,Selective,32,110395236.6,137368.0,96.31495471816136
ID:GB-CFS-98892,CPS,Unknown,3,235000.0,80000.0,0.2050270922537967
ID:GB-CFS-9910,The University of Warwick,Open,3,1404412.0,71792.0,100.0
ID:GB-CFS-99127,NEUPC Ltd,Open,4,90000000.0,22500000.0,100.0
ID:GB-CFS-99244,Broxtowe Borough Council,Direct,2,557027.2,278513.6,51.53803498436387
ID:GB-CFS-99244,Broxtowe Borough Council,Open,1,523780.79,523780.79,48.461965015636125
ID:GB-CFS-99308,Department for Education,Direct,3,504704.02,96995.02,0.0575001788706717
ID:GB-CFS-99308,Department for Education,Open,1,24636.0,24636.0,0.0028067428641798
ID:GB-CFS-99308,Department for Education,Selective,147,877214051.24,225000.0,99.93969307826517
ID:GB-CFS-99784,Sevenoaks District Council,Selective,1,2036000.0,2036000.0,100.0
ID:GB-CFS-99895,The Royal Borough of Kingston upon Thames,Direct,1,14995.0,14995.0,0.8325458524836462
ID:GB-CFS-99895,The Royal Borough of Kingston upon Thames,Open,1,1786107.0,1786107.0,99.16745414751637
ID:GB-GOR-D106,"OFFICE FOR STANDARDS IN EDUCATION, CHILDRENS SERVICES AND SKILLS",Direct,5,853119.17,44800.0,3.9130157834671495
ID:GB-GOR-D106,"OFFICE FOR STANDARDS IN EDUCATION, CHILDRENS SERVICES AND SKILLS",Selective,42,20930294.48,67269.11499999999,96.00132728567728
ID:GB-GOR-D106,"OFFICE FOR STANDARDS IN EDUCATION, CHILDRENS SERVICES AND SKILLS",Unknown,1,18675.0,18675.0,0.0856569308555673
ID:GB-GOR-D1117,OFFICE OF RAIL REGULATION,Direct,3,168715.0,45890.0,18.72821983461177
ID:GB-GOR-D1117,OFFICE OF RAIL REGULATION,Limited,1,27650.0,27650.0,3.069290095290967
ID:GB-GOR-D1117,OFFICE OF RAIL REGULATION,Open,5,437963.0,55925.0,48.616112043541335
ID:GB-GOR-D1117,OFFICE OF RAIL REGULATION,Selective,6,266531.78,25647.69,29.58637802655592
ID:GB-GOR-D115,SERIOUS FRAUD OFFICE,Direct,2,209657.0,104828.5,1.1449887319776777
ID:GB-GOR-D115,SERIOUS FRAUD OFFICE,Limited,1,2000.0,2000.0,0.0109224946648829
ID:GB-GOR-D115,SERIOUS FRAUD OFFICE,Selective,30,17371417.72,150719.485,94.86960868407618
ID:GB-GOR-D115,SERIOUS FRAUD OFFICE,Unknown,9,727760.5,39165.0,3.9744800892812577
ID:GB-GOR-D1198,"Department for Science, Innovation and Technology",Selective,6,8213862.729999999,667973.6,98.1697627043722
ID:GB-GOR-D1198,"Department for Science, Innovation and Technology",Unknown,3,153135.93,45500.0,1.8302372956278208
ID:GB-GOR-D15,HM TREASURY,Direct,1,13495.0,13495.0,0.2220774143270754
ID:GB-GOR-D15,HM TREASURY,Limited,2,51453.44,25726.72,0.8467318942892419
ID:GB-GOR-D15,HM TREASURY,Selective,22,6011761.36,77828.18,98.93119069138368
ID:GB-GOR-D240,O F W A T,Direct,12,802727.5,51500.0,2.157044102583085
ID:GB-GOR-D240,O F W A T,Limited,2,66896.88,33448.44,0.1797615261532816
ID:GB-GOR-D240,O F W A T,Open,5,18672819.0,1900000.0,50.176546963385945
ID:GB-GOR-D240,O F W A T,Selective,39,17671793.41,125000.0,47.48664740787769
ID:GB-GOR-D241,UK EXPORT FINANCE,Direct,7,516506.55,80000.0,1.684259973783497
ID:GB-GOR-D241,UK EXPORT FINANCE,Limited,3,4302918.0,750123.0,14.031250054568597
ID:GB-GOR-D241,UK EXPORT FINANCE,Open,1,213500.0,213500.0,0.6961954391532433
ID:GB-GOR-D241,UK EXPORT FINANCE,Selective,44,25283231.5,139750.0,82.4452948822277
ID:GB-GOR-D241,UK EXPORT FINANCE,Unknown,1,350520.0,350520.0,1.1429996502669548
ID:GB-GOR-D25,H M REVENUE & CUSTOMS,Direct,7,454233.6,32983.6,0.0131896176074864
ID:GB-GOR-D25,H M REVENUE & CUSTOMS,Limited,5,80414027.82,392000.0,2.3349885988697814
ID:GB-GOR-D25,H M REVENUE & CUSTOMS,Open,6,10511059.0,822650.0,0.3052104662881144
ID:GB-GOR-D25,H M REVENUE & CUSTOMS,Selective,152,3131196349.15,642426.5,90.92080044110809
ID:GB-GOR-D25,H M REVENUE & CUSTOMS,Unknown,9,221296727.02,89859.02,6.425810876126542
ID:GB-GOR-D303,Office for National Statistics,Direct,9,2392359.8,49819.16,2.0610428407278483
ID:GB-GOR-D303,Office for National Statistics,Open,1,106000.0,106000.0,0.0913201020670686
ID:GB-GOR-D303,Office for National Statistics,Selective,102,113532422.93,139357.5,97.80936273480384
ID:GB-GOR-D303,Office for National Statistics,Unknown,1,44427.0,44427.0,0.0382743224012609
ID:GB-GOR-D550,COMPETITION AND MARKETS AUTHORITY,Direct,6,108186.21,16127.5,1.0809695402077415
ID:GB-GOR-D550,COMPETITION AND MARKETS AUTHORITY,Limited,1,144190.0,144190.0,1.4407104010996807
ID:GB-GOR-D550,COMPETITION AND MARKETS AUTHORITY,Open,6,379886.0,34943.0,3.79572585777206
ID:GB-GOR-D550,COMPETITION AND MARKETS AUTHORITY,Selective,31,8438712.07,190000.0,84.31749948772048
ID:GB-GOR-D550,COMPETITION AND MARKETS AUTHORITY,Unknown,1,937282.75,937282.75,9.365094713200026
ID:GB-GOR-D7,DEPARTMENT FOR ENVIRONMENT FOOD & RURAL AFFAIRS,Direct,12,1908060.67,49987.0,7.736831834204934
ID:GB-GOR-D7,DEPARTMENT FOR ENVIRONMENT FOOD & RURAL AFFAIRS,Limited,7,1061346.99,35000.0,4.303565032536196
ID:GB-GOR-D7,DEPARTMENT FOR ENVIRONMENT FOOD & RURAL AFFAIRS,Open,2,77701.0,38850.5,0.315063131797354
ID:GB-GOR-D7,DEPARTMENT FOR ENVIRONMENT FOOD & RURAL AFFAIRS,Selective,47,20367200.74,70000.0,82.58521835098371
ID:GB-GOR-D7,DEPARTMENT FOR ENVIRONMENT FOOD & RURAL AFFAIRS,Unknown,2,1247732.0,623866.0,5.059321650477807
ID:GB-GOR-EA39,The Planning Inspectorate,Direct,1,79995.0,79995.0,0.1114256978985861
ID:GB-GOR-EA39,The Planning Inspectorate,Selective,5,71712241.0,1500000.0,99.88857430210142
ID:GB-GOR-EA42,Defence Science and Technology Laboratory,Direct,27,1542963.91,47175.26,5.780017684540687
ID:GB-GOR-EA42,Defence Science and Technology Laboratory,Limited,10,992875.73,43072.5,3.719360667321924
ID:GB-GOR-EA42,Defence Science and Technology Laboratory,Open,11,1933063.18,85000.0,7.2413484808821345
ID:GB-GOR-EA42,Defence Science and Technology Laboratory,Selective,45,19419782.53,50000.0,72.74744776975004
ID:GB-GOR-EA42,Defence Science and Technology Laboratory,Unknown,6,2806110.31,242327.415,10.511825397505216
ID:GB-GOR-EA46,Met Office,Direct,69,3123186.43,35239.28,10.097561252126198
ID:GB-GOR-EA46,Met Office,Limited,16,1115213.93,25000.0,3.60559358840432
ID:GB-GOR-EA46,Met Office,Open,5,1803043.28,265770.0,5.829411842070063
ID:GB-GOR-EA46,Met Office,Selective,73,24645573.67,118800.0,79.68150326735815
ID:GB-GOR-EA46,Met Office,Unknown,1,243089.0,243089.0,0.7859300500412667
ID:GB-GOR-EA63,DEPARTMENT OF HEALTH AND SOCIAL CARE,Open,1,120000.0,120000.0,33.9848993763771
ID:GB-GOR-EA63,DEPARTMENT OF HEALTH AND SOCIAL CARE,Selective,2,233098.0,116549.0,66.0151006236229
ID:GB-GOR-EA71,The National Archives,Direct,5,106049.3,16800.0,0.1832743331628377
ID:GB-GOR-EA71,The National Archives,Limited,5,216391.07,30744.0,0.3739669102638391
ID:GB-GOR-EA71,The National Archives,Open,7,1393208.53,147720.0,2.4077421000659838
ID:GB-GOR-EA71,The National Archives,Selective,50,56126445.47,66310.88,96.99768755017362
ID:GB-GOR-EA71,The National Archives,Unknown,2,21600.0,10800.0,0.0373291063337268
ID:GB-GOR-EA87,Valuation Office Agency,Direct,1,46922.0,46922.0,0.402685416200377
ID:GB-GOR-EA87,Valuation Office Agency,Selective,3,10656000.0,3600000.0,91.4499764509445
ID:GB-GOR-EA87,Valuation Office Agency,Unknown,1,949350.0,949350.0,8.14733813285512
ID:GB-GOR-IM1203,THE ELECTORAL COMMISSION,Direct,1,65535.1,65535.1,0.8000161421489413
ID:GB-GOR-IM1203,THE ELECTORAL COMMISSION,Open,1,1650000.0,1650000.0,20.142284585599977
ID:GB-GOR-IM1203,THE ELECTORAL COMMISSION,Selective,10,6476187.11,75780.0,79.05769927225107
ID:GB-GOR-OT1056,Government Digital Service,Open,1,500000.0,500000.0,0.146323732437213
ID:GB-GOR-OT1056,Government Digital Service,Selective,25,341208068.59,378300.0,99.8536762675628
ID:GB-GOR-OT1085,THE FINANCIAL CONDUCT AUTHORITY,Selective,18,19287995.69,158052.0,100.0
ID:GB-GOR-OT269,Equality and Human Rights Commission,Direct,3,163404.0,48000.0,7.999921745643201
ID:GB-GOR-OT269,Equality and Human Rights Commission,Selective,26,1879165.98,34657.42,92.0000782543568
ID:GB-GOR-OT385,Ofcom,Direct,10,767183.0,64460.0,55.44844344126216
ID:GB-GOR-OT385,Ofcom,Open,3,323414.0,124825.0,23.37486999465885
ID:GB-GOR-OT385,Ofcom,Selective,2,293000.0,146500.0,21.17668656407899
ID:GB-GOR-OT483,Health Research Authority,Selective,1,1800000.0,1800000.0,100.0
ID:GB-GOR-OT495,DEFENCE EQUIPMENT & SUPPORT,Selective,16,1057191.6,1.0,100.0
ID:GB-GOR-OT519,Parliamentary and Health Service Ombudsman,Selective,6,348671.57,55930.0,100.0
ID:GB-GOR-OT529,N H S Business Services Authority,Selective,2,1175925037.0,587962518.5,100.0
ID:GB-GOR-OT545,Peak District National Park Authority,Open,2,107209.0,53604.5,100.0
ID:GB-GOR-OT547,Yorkshire Dales National Park Authority,Open,3,437993.69,147189.51,79.82044478524338
ID:GB-GOR-OT547,Yorkshire Dales National Park Authority,Selective,1,110730.0,110730.0,20.179555214756636
ID:GB-GOR-PB1093,SINGLE SOURCE REGULATIONS OFFICE,Open,3,102645.0,35760.0,30.16424371192552
ID:GB-GOR-PB1093,SINGLE SOURCE REGULATIONS OFFICE,Selective,2,237642.0,118821.0,69.83575628807448
ID:GB-GOR-PB1164,HISTORIC ENGLAND LIMITED,Direct,20,743612.79,15312.5,6.548885939656994
ID:GB-GOR-PB1164,HISTORIC ENGLAND LIMITED,Limited,1,172726.44,172726.44,1.5211757645037376
ID:GB-GOR-PB1164,HISTORIC ENGLAND LIMITED,Selective,12,10418459.08,112000.0,91.7538013055205
ID:GB-GOR-PB1164,HISTORIC ENGLAND LIMITED,Unknown,2,20000.0,10000.0,0.176136990318765
ID:GB-GOR-PB126,The Construction Industry Training Board,Selective,2,1578540.0,789270.0,100.0
ID:GB-GOR-PB131,ENGINEERING CONSTRUCTION INDUSTRY TRAINING BOARD,Direct,7,1881452.0,228000.0,80.99411566934961
ID:GB-GOR-PB131,ENGINEERING CONSTRUCTION INDUSTRY TRAINING BOARD,Limited,2,174024.0,87012.0,7.491511867027645
ID:GB-GOR-PB131,ENGINEERING CONSTRUCTION INDUSTRY TRAINING BOARD,Open,3,267473.0,54773.0,11.514372463622747
ID:GB-GOR-PB169,Gambling Commission,Direct,1,41600.0,41600.0,0.1432894383338323
ID:GB-GOR-PB169,Gambling Commission,Limited,1,40800.0,40800.0,0.1405338722120278
ID:GB-GOR-PB169,Gambling Commission,Open,3,15100000.0,4800000.0,52.01131054905931
ID:GB-GOR-PB169,Gambling Commission,Selective,27,13600746.74,115680.0,46.84719618498318
ID:GB-GOR-PB169,Gambling Commission,Unknown,1,249000.0,249000.0,0.8576699554116403
ID:GB-GOR-PB188,The National Lottery Community Fund,Selective,1,0.0,0.0,
ID:GB-GOR-PB197,NUCLEAR DECOMMISSIONING AUTHORITY,Selective,9,1677437.99,170000.0,100.0
ID:GB-GOR-PB234,The Pensions Regulator,Selective,1,63621.6,63621.6,100.0
ID:GB-GOR-PB264,Security Industry Authority,Selective,10,1091515.58,75252.24,99.99972515355626
ID:GB-GOR-PB264,Security Industry Authority,Unknown,3,3.0,1.0,0.0002748464437499
ID:GB-GOR-PB27,STUDENT LOANS COMPANY LIMITED,Direct,1,62500.0,62500.0,0.8057408714796577
ID:GB-GOR-PB27,STUDENT LOANS COMPANY LIMITED,Selective,10,7454336.25,297133.63,96.10021418203846
ID:GB-GOR-PB27,STUDENT LOANS COMPANY LIMITED,Unknown,1,240000.0,240000.0,3.094044946481885
ID:GB-GOR-PB28,"ADVISORY, CONCILIATION AND ARBITRATION SERVICE",Selective,11,2102485.44,121200.0,100.0
ID:GB-GOR-PB290,THE NATIONAL MUSEUM OF THE ROYAL NAVY,Open,6,1665028.28,114377.445,58.4624911098144
ID:GB-GOR-PB290,THE NATIONAL MUSEUM OF THE ROYAL NAVY,Selective,1,1183000.0,1183000.0,41.53750889018559
ID:GB-GOR-PB474,NATIONAL INSTITUTE FOR HEALTH AND CARE EXCELLENCE,Limited,1,48000.0,48000.0,19.497239312771057
ID:GB-GOR-PB474,NATIONAL INSTITUTE FOR HEALTH AND CARE EXCELLENCE,Open,1,41115.0,41115.0,16.700604048845456
ID:GB-GOR-PB474,NATIONAL INSTITUTE FOR HEALTH AND CARE EXCELLENCE,Selective,1,157073.7,157073.7,63.80215663838349
ID:GB-GOR-PC469,Civil Aviation Authority,Direct,2,45723.07,22861.535,18.40776887739514
ID:GB-GOR-PC469,Civil Aviation Authority,Limited,2,103400.0,51700.0,41.62807313512975
ID:GB-GOR-PC469,Civil Aviation Authority,Selective,1,99267.0,99267.0,39.96415798747511
ID:GB-LAE-ASF,Ashford Borough Council,Open,13,12249237.61,136495.0,20.21010210932834
ID:GB-LAE-ASF,Ashford Borough Council,Selective,32,47360241.47,214390.5,78.13999095337547
ID:GB-LAE-ASF,Ashford Borough Council,Unknown,1,1000000.0,1000000.0,1.649906937296185
ID:GB-LAE-BAE,Bassetlaw District Council,Direct,17,2036582.64,68950.0,15.900294103531158
ID:GB-LAE-BAE,Bassetlaw District Council,Limited,18,945597.03,49795.0,7.382597978162858
ID:GB-LAE-BAE,Bassetlaw District Council,Selective,7,9826279.26,299998.0,76.71710791830598
ID:GB-LAE-BAN,Basingstoke & Deane Borough Council,Direct,2,97500.0,48750.0,0.8726191407900531
ID:GB-LAE-BAN,Basingstoke & Deane Borough Council,Limited,21,1967481.43,69986.0,17.60884056376395
ID:GB-LAE-BAN,Basingstoke & Deane Borough Council,Selective,17,5538523.95,200791.6,49.56945651788852
ID:GB-LAE-BAN,Basingstoke & Deane Borough Council,Unknown,3,3569754.0,1500000.0,31.949083777557487
ID:GB-LAE-BBD,Blackburn With Darwen Borough Council,Direct,3,320366.0,110000.0,6.888248544905712
ID:GB-LAE-BBD,Blackburn With Darwen Borough Council,Limited,2,107000.0,53500.0,2.30062676533999
ID:GB-LAE-BBD,Blackburn With Darwen Borough Council,Selective,16,4223540.51,110440.15,90.8111246897543
ID:GB-LAE-BEN,LONDON BOROUGH OF BRENT,Open,1,2862207.0,2862207.0,100.0
ID:GB-LAE-BIR,BIRMINGHAM CITY COUNCIL,Direct,1,34469.0,34469.0,0.0536448017997496
ID:GB-LAE-BIR,BIRMINGHAM CITY COUNCIL,Open,2,78903.48,39451.74,0.122799081664989
ID:GB-LAE-BIR,BIRMINGHAM CITY COUNCIL,Selective,208,63890756.24,92028.2,99.43447606054474
ID:GB-LAE-BIR,BIRMINGHAM CITY COUNCIL,Unknown,2,250000.0,125000.0,0.389080055990525
ID:GB-LAE-BNH,Brighton & Hove City Council,Limited,3,965657.0,450000.0,5.95785530639266
ID:GB-LAE-BNH,Brighton & Hove City Council,Open,1,75000.0,75000.0,0.46273070870863
ID:GB-LAE-BNH,Brighton & Hove City Council,Selective,24,11792979.12,147196.4,72.75964781311566
ID:GB-LAE-BNH,Brighton & Hove City Council,Unknown,3,3374495.0,90009.0,20.819766171783044
ID:GB-LAE-BPL,BLACKPOOL COUNCIL,Limited,1,150000.0,150000.0,5.523560759466626
ID:GB-LAE-BPL,BLACKPOOL COUNCIL,Selective,10,2565639.54,154208.0,94.47643924053337
ID:GB-LAE-BRA,Braintree District Council,Selective,2,509911.95,254955.975,100.0
ID:GB-LAE-BRE,Breckland District Council,Limited,1,48000.0,48000.0,11.521456312077849
ID:GB-LAE-BRE,Breckland District Council,Selective,4,368614.0,57307.0,88.47854368792215
ID:GB-LAE-BUN,Burnley Borough Council,Open,16,3303263.48,62738.0,100.0
ID:GB-LAE-CAR,Carlisle City Council,Selective,1,781200.0,781200.0,100.0
ID:GB-LAE-CHE,CHESHIRE EAST COUNCIL,Selective,4,4438965.17,100176.1,100.0
ID:GB-LAE-CRY,CROYDON COUNCIL,Direct,3,248200.0,75225.0,34.000209124573935
ID:GB-LAE-CRY,CROYDON COUNCIL,Limited,1,99000.0,99000.0,13.561727249527875
ID:GB-LAE-CRY,CROYDON COUNCIL,Selective,3,382795.51,125875.0,52.43806362589819
ID:GB-LAE-DAL,Darlington Borough Council,Limited,2,212000.0,106000.0,0.3686562072420206
ID:GB-LAE-DAL,Darlington Borough Council,Open,1,361000.0,361000.0,0.6277589189357049
ID:GB-LAE-DAL,Darlington Borough Council,Selective,216,56293109.3,59696.0,97.890585699993
ID:GB-LAE-DAL,Darlington Borough Council,Unknown,6,640043.0,95500.0,1.112999173829267
ID:GB-LAE-DAR,Dartford Borough Council,Direct,1,41160.0,41160.0,0.0635200727213842
ID:GB-LAE-DAR,Dartford Borough Council,Limited,6,369891.87,49675.79,0.5708347541654233
ID:GB-LAE-DAR,Dartford Borough Council,Open,1,62050103.44,62050103.44,95.75867548294988
ID:GB-LAE-DAR,Dartford Borough Council,Selective,6,2337259.17,172773.72,3.6069696901633206
ID:GB-LAE-DER,DERBY CITY COUNCIL,Limited,4,246713.0,63856.5,0.0737489089705594
ID:GB-LAE-DER,DERBY CITY COUNCIL,Open,19,215822870.0,450000.0,64.51504863300632
ID:GB-LAE-DER,DERBY CITY COUNCIL,Selective,79,77876737.67,100000.0,23.27937497152144
ID:GB-LAE-DER,DERBY CITY COUNCIL,Unknown,16,40584729.95,82114.0,12.131827486501676
ID:GB-LAE-DOV,Dover District Council,Limited,8,421280.49,48892.5,38.45018744672753
ID:GB-LAE-DOV,Dover District Council,Open,1,36429.9,36429.9,3.3249498063998626
ID:GB-LAE-DOV,Dover District Council,Selective,6,637942.24,38911.5,58.22486274687262
ID:GB-LAE-DUR,Durham County Council,Limited,2,439278.2,219639.1,0.2792803458664852
ID:GB-LAE-DUR,Durham County Council,Open,12,5533201.0,55000.0,3.517848800666142
ID:GB-LAE-DUR,Durham County Council,Selective,55,150917656.23,135162.0,95.94907106538344
ID:GB-LAE-DUR,Durham County Council,Unknown,7,399200.0,30000.0,0.2537997880839543
ID:GB-LAE-EAT,Eastleigh Council,Limited,1,25000.0,25000.0,100.0
ID:GB-LAE-EPP,Epping Forest District Council,Direct,10,775294.72,63562.5,5.794087121848931
ID:GB-LAE-EPP,Epping Forest District Council,Open,6,8723419.63,213997.5,65.19359932783648
ID:GB-LAE-EPP,Epping Forest District Council,Selective,21,3882077.2,135618.0,29.012313550314595
ID:GB-LAE-EPS,Epsom & Ewell Borough Council,Limited,1,148000.0,148000.0,100.0
ID:GB-LAE-ESS,Essex County Council,Selective,10,1070364.27,60145.255,90.68084295706444
ID:GB-LAE-ESS,Essex County Council,Unknown,1,110000.0,110000.0,9.319157042935569
ID:GB-LAE-ESX,East Sussex County Council,Direct,11,976352.12,46800.0,1.0417934110541414
ID:GB-LAE-ESX,East Sussex County Council,Limited,4,2473777.0,47892.0,2.639585172424556
ID:GB-LAE-ESX,East Sussex County Council,Open,17,30134890.0,600000.0,32.15472082432855
ID:GB-LAE-ESX,East Sussex County Council,Selective,113,57637110.81,120000.0,61.50031432722799
ID:GB-LAE-ESX,East Sussex County Council,Unknown,13,2496270.44,75000.0,2.663586264964757
ID:GB-LAE-FAR,Fareham Borough Council,Direct,14,1687331.13,92239.555,88.10428704689899
ID:GB-LAE-FAR,Fareham Borough Council,Open,1,50754.0,50754.0,2.6501288960266565
ID:GB-LAE-FAR,Fareham Borough Council,Selective,2,177067.0,88533.5,9.24558405707436
ID:GB-LAE-FEN,Fenland District Council,Direct,2,209470.0,104735.0,4.123902709065261
ID:GB-LAE-FEN,Fenland District Council,Open,1,304605.0,304605.0,5.996855801283353
ID:GB-LAE-FEN,Fenland District Council,Selective,19,4565336.78,87733.0,89.87924148965138
ID:GB-LAE-GED,Gedling Borough Council,Selective,4,1009546.98,162555.0,100.0
ID:GB-LAE-GRT,Guildford Borough Council,Direct,1,31538.71,31538.71,0.3310838172135604
ID:GB-LAE-GRT,Guildford Borough Council,Limited,6,253152.5,39035.0,2.6575182065834606
ID:GB-LAE-GRT,Guildford Borough Council,Open,4,2349289.24,65197.5,24.66212629869593
ID:GB-LAE-GRT,Guildford Borough Council,Selective,15,6739978.54,59159.0,70.75425161525884
ID:GB-LAE-GRT,Guildford Borough Council,Unknown,3,151940.0,45000.0,1.595020062248214
ID:GB-LAE-HAA,Havant Borough Council,Selective,4,314424.86,45212.43,100.0
ID:GB-LAE-HAL,Halton Borough Council,Selective,12,16723507.53,174059.5,100.0
ID:GB-LAE-HAS,Hastings Borough Council,Selective,2,1613953.0,806976.5,88.10025834979504
ID:GB-LAE-HAS,Hastings Borough Council,Unknown,3,217997.36,79732.06,11.899741650204977
ID:GB-LAE-HAT,Hart District Council,Limited,1,25940.0,25940.0,100.0
ID:GB-LAE-HAV,LONDON BOROUGH OF HAVERING,Direct,4,170045.0,39689.5,0.0811677150981419
ID:GB-LAE-HAV,LONDON BOROUGH OF HAVERING,Limited,6,5828322.6,72288.855,2.7820378623121047
ID:GB-LAE-HAV,LONDON BOROUGH OF HAVERING,Open,1,4840000.0,4840000.0,2.3102810495751536
ID:GB-LAE-HAV,LONDON BOROUGH OF HAVERING,Selective,9,198442504.0,410784.0,94.72271826889288
ID:GB-LAE-HAV,LONDON BOROUGH OF HAVERING,Unknown,2,217449.0,108724.5,0.1037951041217081
ID:GB-LAE-HEF,Herefordshire Council,Selective,1,379158.0,379158.0,100.0
ID:GB-LAE-HIL,London Borough of Hillingdon,Direct,6,705390.66,94659.5,0.9373316872949082
ID:GB-LAE-HIL,London Borough of Hillingdon,Open,26,59405280.75,217383.235,78.93845949083766
ID:GB-LAE-HIL,London Borough of Hillingdon,Selective,45,15144509.82,343010.0,20.12420882186745
ID:GB-LAE-HOR,Horsham District Council,Selective,9,3817701.87,108254.0,100.0
ID:GB-LAE-HRT,HERTFORDSHIRE COUNTY COUNCIL,Selective,14,5980852.67,237500.0,100.0
ID:GB-LAE-HRY,LONDON BOROUGH OF HARINGEY,Direct,1,83000.0,83000.0,4.55624230996874
ID:GB-LAE-HRY,LONDON BOROUGH OF HARINGEY,Open,1,450000.0,450000.0,24.702518548023285
ID:GB-LAE-HRY,LONDON BOROUGH OF HARINGEY,Selective,7,1288676.6,140000.0,70.74123914200797
ID:GB-LAE-IOS,COUNCIL OF THE ISLES OF SCILLY,Open,10,1300100.0,96634.0,100.0
ID:GB-LAE-IPS,Ipswich Borough Council,Open,69,10218119.46,30816.0,81.78799749699317
ID:GB-LAE-IPS,Ipswich Borough Council,Selective,13,2142773.28,75324.0,17.151212250680015
ID:GB-LAE-IPS,Ipswich Borough Council,Unknown,1,132529.0,132529.0,1.060790252326822
ID:GB-LAE-KIN,Borough Council of Kings Lynn and West Norfolk,Limited,1,79500.0,79500.0,3.610497823523789
ID:GB-LAE-KIN,Borough Council of Kings Lynn and West Norfolk,Selective,18,2122412.42,66473.945,96.3895021764762
ID:GB-LAE-KIR,Kirklees Council,Direct,4,201602.75,48760.0,0.0519955173596417
ID:GB-LAE-KIR,Kirklees Council,Limited,11,747972.6,69639.72,0.1929101776034126
ID:GB-LAE-KIR,Kirklees Council,Open,20,166934817.16,689000.0,43.054284644288856
ID:GB-LAE-KIR,Kirklees Council,Selective,373,216259389.75,155446.0,55.775622375843895
ID:GB-LAE-KIR,Kirklees Council,Unknown,10,3587238.1,82000.0,0.9251872849041908
ID:GB-LAE-MEL,Melton Borough Council,Selective,1,800000.0,800000.0,100.0
ID:GB-LAE-MOL,Mole Valley District Council,Limited,1,54550.0,54550.0,2.5567715778866207
ID:GB-LAE-MOL,Mole Valley District Council,Open,2,144000.0,72000.0,6.749314522743783
ID:GB-LAE-MOL,Mole Valley District Council,Selective,6,1935000.0,347500.0,90.6939138993696
ID:GB-LAE-NEL,North East Lincolnshire Council,Limited,1,2294943.53,2294943.53,4.65230597552135
ID:GB-LAE-NEL,North East Lincolnshire Council,Open,6,2446276.0,172572.5,4.959086924711594
ID:GB-LAE-NEL,North East Lincolnshire Council,Selective,40,44587942.01,84700.5,90.38860709976704
ID:GB-LAE-NET,NEWCASTLE CITY COUNCIL,Limited,4,185238.25,41532.92,0.5680926064418804
ID:GB-LAE-NET,NEWCASTLE CITY COUNCIL,Open,14,22981856.02,979589.0,70.48124503051514
ID:GB-LAE-NET,NEWCASTLE CITY COUNCIL,Selective,11,8660401.45,349720.0,26.55990343551367
ID:GB-LAE-NET,NEWCASTLE CITY COUNCIL,Unknown,9,779556.0,98000.0,2.390758927529312
ID:GB-LAE-NOW,Norwich City Council,Open,1,229837.0,229837.0,2.947006101987591
ID:GB-LAE-NOW,Norwich City Council,Selective,15,7097908.8,300000.0,91.01050111579691
ID:GB-LAE-NOW,Norwich City Council,Unknown,1,471254.0,471254.0,6.042492782215484
ID:GB-LAE-NTY,NORTH TYNESIDE COUNCIL,Open,9,17273100.0,1340000.0,54.74417864445701
ID:GB-LAE-NTY,NORTH TYNESIDE COUNCIL,Selective,88,14279295.94,85000.0,45.25582135554299
ID:GB-LAE-NUN,Nuneaton & Bedworth Borough Council,Open,4,5003014.0,778125.0,7.22447891050184
ID:GB-LAE-NUN,Nuneaton & Bedworth Borough Council,Selective,1,193101.38,193101.38,0.2788432827489193
ID:GB-LAE-NUN,Nuneaton & Bedworth Borough Council,Unknown,29,64054747.72,560000.0,92.49667780674925
ID:GB-LAE-NWM,LONDON BOROUGH OF NEWHAM,Open,6,594534.1,0.0,31.972860819659687
ID:GB-LAE-NWM,LONDON BOROUGH OF NEWHAM,Selective,3,1264962.0,600000.0,68.0271391803403
ID:GB-LAE-OLD,Oldham Council,Open,2,1665000.0,832500.0,77.03953493106697
ID:GB-LAE-OLD,Oldham Council,Selective,8,496228.0,45450.0,22.960465068933036
ID:GB-LAE-PUR,DORSET COUNCIL,Selective,2,2228444.0,1114222.0,100.0
ID:GB-LAE-RCC,Redcar & Cleveland Borough Council,Limited,3,478395.42,46159.59,1.0190694367476107
ID:GB-LAE-RCC,Redcar & Cleveland Borough Council,Open,5,16720000.0,3600000.0,35.6166473801527
ID:GB-LAE-RCC,Redcar & Cleveland Borough Council,Selective,23,26383949.18,175000.0,56.20262048085699
ID:GB-LAE-RCC,Redcar & Cleveland Borough Council,Unknown,13,3361995.28,87500.0,7.161662702242689
ID:GB-LAE-ROH,Rother District Council,Limited,1,122070.75,122070.75,3.0459973389270747
ID:GB-LAE-ROH,Rother District Council,Selective,10,3135180.63,79256.08499999999,78.23128682371255
ID:GB-LAE-ROH,Rother District Council,Unknown,3,750327.63,182315.13,18.72271583736037
ID:GB-LAE-ROT,Rotherham Metropolitan Borough Council,Limited,1,60000.0,60000.0,0.2209555903723135
ID:GB-LAE-ROT,Rotherham Metropolitan Borough Council,Open,1,140000.0,140000.0,0.515563044202065
ID:GB-LAE-ROT,Rotherham Metropolitan Borough Council,Selective,25,26448617.52,82246.0,97.39949831105191
ID:GB-LAE-ROT,Rotherham Metropolitan Borough Council,Unknown,9,506160.46,52854.0,1.8639830543736968
ID:GB-LAE-RUN,Runnymede Borough Council,Selective,3,221400.0,80000.0,100.0
ID:GB-LAE-SHE,Folkestone & Hythe District Council,Selective,4,1126025.5,278012.75,100.0
ID:GB-LAE-SLF,Salford City Council,Selective,8,3678094.0,289949.0,100.0
ID:GB-LAE-SND,Sunderland City Council,Limited,2,4890996.0,2445498.0,3.210159573413883
ID:GB-LAE-SND,Sunderland City Council,Open,3,141308450.0,5563782.0,92.74648222402492
ID:GB-LAE-SND,Sunderland City Council,Selective,30,5072462.62,78713.92,3.329263495692302
ID:GB-LAE-SND,Sunderland City Council,Unknown,3,1087994.0,100000.0,0.7140947068688799
ID:GB-LAE-SOS,Southend-on-sea Borough Council,Limited,1,278997.55,278997.55,0.076492909545008
ID:GB-LAE-SOS,Southend-on-sea Borough Council,Selective,20,363782221.84,119327.63,99.7383689902982
ID:GB-LAE-SOS,Southend-on-sea Borough Council,Unknown,2,675266.2,337633.1,0.1851381001567981
ID:GB-LAE-SRI,South Ribble Borough Council,Limited,2,270688.83,135344.41499999998,2.063139753152161
ID:GB-LAE-SRI,South Ribble Borough Council,Open,10,2422592.8,122623.58,18.4645502785623
ID:GB-LAE-SRI,South Ribble Borough Council,Selective,11,9883769.6,288535.76,75.33224763192791
ID:GB-LAE-SRI,South Ribble Borough Council,Unknown,4,543186.0,55545.5,4.140062336357618
ID:GB-LAE-STT,STOCKTON-ON-TEES BOROUGH COUNCIL,Limited,4,366922.7,95532.85,3.263142291355876
ID:GB-LAE-STT,STOCKTON-ON-TEES BOROUGH COUNCIL,Selective,24,10791956.59,70588.89,95.97577352206812
ID:GB-LAE-STT,STOCKTON-ON-TEES BOROUGH COUNCIL,Unknown,2,85579.8,42789.9,0.7610841865760215
ID:GB-LAE-STV,Stevenage Borough Council,Direct,2,147000.0,73500.0,0.1745277982331909
ID:GB-LAE-STV,Stevenage Borough Council,Limited,1,30538.0,30538.0,0.0362566660030284
ID:GB-LAE-STV,Stevenage Borough Council,Selective,33,84049732.09,185000.0,99.78921553576376
ID:GB-LAE-SWL,Swale Borough Council,Direct,1,39905.0,39905.0,1.5169420300707743
ID:GB-LAE-SWL,Swale Borough Council,Selective,14,2533068.29,47286.5,96.2916364901768
ID:GB-LAE-SWL,Swale Borough Council,Unknown,2,57648.0,28824.0,2.1914214797524125
ID:GB-LAE-THR,THURROCK BOROUGH COUNCIL,Direct,5,393011.0,47628.0,7.447894858376937
ID:GB-LAE-THR,THURROCK BOROUGH COUNCIL,Limited,1,66987.5,66987.5,1.2694704647593198
ID:GB-LAE-THR,THURROCK BOROUGH COUNCIL,Selective,7,4816808.0,265000.0,91.28263467686374
ID:GB-LAE-WAR,Warwickshire County Council,Limited,1,3100000.0,3100000.0,4.192357133659614
ID:GB-LAE-WAR,Warwickshire County Council,Open,2,600000.0,300000.0,0.8114239613534736
ID:GB-LAE-WAR,Warwickshire County Council,Selective,27,70244082.08,195000.0,94.99621890498692
ID:GB-LAE-WEA,Wealden District Council,Selective,18,14061113.9,117920.895,98.85225009977134
ID:GB-LAE-WEA,Wealden District Council,Unknown,1,163260.24,163260.24,1.1477499002286506
ID:GB-LAE-WLV,Wolverhampton City Council,Direct,5,222750.0,50000.0,0.1944572227501594
ID:GB-LAE-WLV,Wolverhampton City Council,Selective,20,114326865.0,360264.0,99.80554277724984
ID:GB-LAE-WNM,The Royal Borough of Windsor and Maidenhead Council,Open,1,200000.0,200000.0,0.0818799354794296
ID:GB-LAE-WNM,The Royal Borough of Windsor and Maidenhead Council,Selective,9,244060085.0,500000.0,99.91812006452056
ID:GB-LAE-WOC,Worcester City Council,Selective,1,484110.0,484110.0,100.0
ID:GB-LAE-WOI,Woking Borough Council,Limited,1,100000.0,100000.0,100.0
ID:GB-LAE-WYC,Wychavon District Council,Selective,1,46725.0,46725.0,100.0
ID:GB-LAE-WYR,Wyre Council,Selective,9,2954433.3,170352.8,100.0
ID:GB-LAE-YOR,CITY OF YORK COUNCIL,Limited,1,83155.74,83155.74,0.1439601370952689
ID:GB-LAE-YOR,CITY OF YORK COUNCIL,Open,7,51644490.29,3924314.29,89.4075129673993
ID:GB-LAE-YOR,CITY OF YORK COUNCIL,Selective,10,4328868.65,81054.0,7.494185300033548
ID:GB-LAE-YOR,CITY OF YORK COUNCIL,Unknown,2,1706517.28,853258.64,2.954341595471887
ID:GB-SRS-sid4gov.cabinetoffice.gov.uk/26vT5PSw,Lancaster University,Open,1,289850.89,289850.89,100.0
ID:GB-SRS-sid4gov.cabinetoffice.gov.uk/2D7h2Sb9,Broseley Town Council,Limited,2,18660.0,9330.0,48.45620504297697
ID:GB-SRS-sid4gov.cabinetoffice.gov.uk/2D7h2Sb9,Broseley Town Council,Open,1,19849.0,19849.0,51.54379495702304
ID:GB-SRS-sid4gov.cabinetoffice.gov.uk/2DVx32Qj,HEREFORD & WORCESTER FIRE & RESCUE SERVICE,Open,1,368476.0,368476.0,4.14286498951602
ID:GB-SRS-sid4gov.cabinetoffice.gov.uk/2DVx32Qj,HEREFORD & WORCESTER FIRE & RESCUE SERVICE,Selective,10,8321548.97,71155.0,93.56119227943228
ID:GB-SRS-sid4gov.cabinetoffice.gov.uk/2DVx32Qj,HEREFORD & WORCESTER FIRE & RESCUE SERVICE,Unknown,6,204206.46,22000.0,2.2959427310516927
ID:GB-SRS-sid4gov.cabinetoffice.gov.uk/2Ee29T9E,WEST MIDLANDS GROWTH COMPANY LIMITED,Direct,2,118550.0,59275.0,72.48547844695811
ID:GB-SRS-sid4gov.cabinetoffice.gov.uk/2Ee29T9E,WEST MIDLANDS GROWTH COMPANY LIMITED,Selective,1,45000.0,45000.0,27.51452155304188
ID:GB-SRS-sid4gov.cabinetoffice.gov.uk/2FNT5Nff,Metropolitan Police Service,Limited,1,332000.0,332000.0,0.2571070282916339
ID:GB-SRS-sid4gov.cabinetoffice.gov.uk/2FNT5Nff,Metropolitan Police Service,Open,3,24124000.0,7000000.0,18.682078164178847
ID:GB-SRS-sid4gov.cabinetoffice.gov.uk/2FNT5Nff,Metropolitan Police Service,Selective,75,79540908.24,230130.26,61.59797152169861
ID:GB-SRS-sid4gov.cabinetoffice.gov.uk/2FNT5Nff,Metropolitan Police Service,Unknown,1,25132195.0,25132195.0,19.462843285830907
ID:GB-SRS-sid4gov.cabinetoffice.gov.uk/2FeS5r25,Surrey Police,Open,1,280000.0,280000.0,45.48423942676212
ID:GB-SRS-sid4gov.cabinetoffice.gov.uk/2FeS5r25,Surrey Police,Selective,2,335597.85000000003,167798.92500000002,54.51576057323787
ID:GB-SRS-sid4gov.cabinetoffice.gov.uk/2JAv6sFy,Staffordshire County Council,Open,34,32687725.06,337639.205,61.21963158694213
ID:GB-SRS-sid4gov.cabinetoffice.gov.uk/2JAv6sFy,Staffordshire County Council,Selective,57,19678512.77,81132.77,36.85515892424532
ID:GB-SRS-sid4gov.cabinetoffice.gov.uk/2JAv6sFy,Staffordshire County Council,Unknown,13,1027949.97,49125.0,1.9252094888125637
ID:GB-SRS-sid4gov.cabinetoffice.gov.uk/2URBt38P,London Borough Of Barking And Dagenham Careers Service,Direct,4,569203.6,155901.8,36.46867681143407
ID:GB-SRS-sid4gov.cabinetoffice.gov.uk/2URBt38P,London Borough Of Barking And Dagenham Careers Service,Selective,4,991597.75,82803.875,63.53132318856593
ID:GB-SRS-sid4gov.cabinetoffice.gov.uk/2WPB8kBh,TEES ESK AND WEAR VALLEYS NHS FOUNDATION TRUST,Selective,12,1686160.02,118000.0,100.0
ID:GB-SRS-sid4gov.cabinetoffice.gov.uk/2Wvd6DVB,NORTHERN LINCOLNSHIRE AND GOOLE NHS FOUNDATION TRUST CHARITABLE FUNDS AND OTHER RELATED CHARITIES,Selective,1,380724.0,380724.0,100.0
ID:GB-SRS-sid4gov.cabinetoffice.gov.uk/2bqz5FZA,NATIONAL GRID UK LIMITED,Selective,1,250000000.0,250000000.0,100.0
ID:GB-SRS-sid4gov.cabinetoffice.gov.uk/2cy74UBh,The Crown Estate,Direct,145,12609429.76,49500.0,10.64406930453405
ID:GB-SRS-sid4gov.cabinetoffice.gov.uk/2cy74UBh,The Crown Estate,Limited,4,1403833.0,325409.0,1.185025495077737
ID:GB-SRS-sid4gov.cabinetoffice.gov.uk/2cy74UBh,The Crown Estate,Open,7,92034752.0,384500.0,77.68981606299093
ID:GB-SRS-sid4gov.cabinetoffice.gov.uk/2cy74UBh,The Crown Estate,Selective,21,9946082.99,192049.99,8.395843322752071
ID:GB-SRS-sid4gov.cabinetoffice.gov.uk/2cy74UBh,The Crown Estate,Unknown,6,2470273.34,192462.4,2.085245814645214
ID:GB-SRS-sid4gov.cabinetoffice.gov.uk/2ec44HZ6,University Of Bedfordshire,Direct,2,133692.4,66846.2,40.77434672626667
ID:GB-SRS-sid4gov.cabinetoffice.gov.uk/2ec44HZ6,University Of Bedfordshire,Limited,1,49988.4,49988.4,15.245775780009255
ID:GB-SRS-sid4gov.cabinetoffice.gov.uk/2ec44HZ6,University Of Bedfordshire,Open,2,144202.81,72101.405,43.97987749372407
ID:GB-SRS-sid4gov.cabinetoffice.gov.uk/2gx98Qm7,THE POLICE AND CRIME COMMISSIONER FOR LINCOLNSHIRE,Direct,7,832684.28,128980.0,4.074993684558135
ID:GB-SRS-sid4gov.cabinetoffice.gov.uk/2gx98Qm7,THE POLICE AND CRIME COMMISSIONER FOR LINCOLNSHIRE,Open,2,295189.64,147594.82,1.4446002496252113
ID:GB-SRS-sid4gov.cabinetoffice.gov.uk/2gx98Qm7,THE POLICE AND CRIME COMMISSIONER FOR LINCOLNSHIRE,Selective,51,17338928.79,78000.0,84.85331957540163
ID:GB-SRS-sid4gov.cabinetoffice.gov.uk/2gx98Qm7,THE POLICE AND CRIME COMMISSIONER FOR LINCOLNSHIRE,Unknown,11,1967199.02,57000.0,9.627086490415012
ID:GB-SRS-sid4gov.cabinetoffice.gov.uk/2tWh44VF,HIGHTOWN HOUSING ASSOCIATION LIMITED,Selective,13,2611199.9,173000.0,100.0
ID:GB-SRS-sid4gov.cabinetoffice.gov.uk/2v947A79,County Durham and Darlington NHS Foundation Trust,Open,1,6000000.0,6000000.0,28.09152449780995
ID:GB-SRS-sid4gov.cabinetoffice.gov.uk/2v947A79,County Durham and Darlington NHS Foundation Trust,Selective,45,14953908.43,101430.0,70.01301416655862
ID:GB-SRS-sid4gov.cabinetoffice.gov.uk/2v947A79,County Durham and Darlington NHS Foundation Trust,Unknown,1,404846.95,404846.95,1.89546133563144
ID:GB-SRS-sid4gov.cabinetoffice.gov.uk/35C3huXp,Reaseheath College,Selective,1,394029.0,394029.0,100.0
ID:GB-SRS-sid4gov.cabinetoffice.gov.uk/3A4AmUm4,Cabinet Office,Direct,19,919307.0,37500.0,0.4335319090175645
ID:GB-SRS-sid4gov.cabinetoffice.gov.uk/3A4AmUm4,Cabinet Office,Limited,1,40000.0,40000.0,0.0188634225135918
ID:GB-SRS-sid4gov.cabinetoffice.gov.uk/3A4AmUm4,Cabinet Office,Open,1,39338.25,39338.25,0.0185513507673826
ID:GB-SRS-sid4gov.cabinetoffice.gov.uk/3A4AmUm4,Cabinet Office,Selective,87,116205809.46,221385.36,54.80098205944822
ID:GB-SRS-sid4gov.cabinetoffice.gov.uk/3A4AmUm4,Cabinet Office,Unknown,6,94846142.0,556000.0,44.72807125825324
ID:GB-SRS-sid4gov.cabinetoffice.gov.uk/3B55jxc4,Countess of Chester Hospital NHS Foundation Trust,Open,4,55000000.0,15000000.0,100.0
ID:GB-SRS-sid4gov.cabinetoffice.gov.uk/3Bk4Rm3U,West Yorkshire Police,Selective,6,2325323.67,350748.765,100.0
ID:GB-SRS-sid4gov.cabinetoffice.gov.uk/3Eac6tJ3,mhs homes group,Limited,9,681757.49,48525.0,2.3881636409744
ID:GB-SRS-sid4gov.cabinetoffice.gov.uk/3Eac6tJ3,mhs homes group,Open,1,3900000.0,3900000.0,13.661512101319428
ID:GB-SRS-sid4gov.cabinetoffice.gov.uk/3Eac6tJ3,mhs homes group,Selective,29,23965594.89,180288.0,83.95032425770617
ID:GB-SRS-sid4gov.cabinetoffice.gov.uk/3NB9f7GD,REGENDA LIMITED,Direct,1,61000.0,61000.0,0.5912506754130281
ID:GB-SRS-sid4gov.cabinetoffice.gov.uk/3NB9f7GD,REGENDA LIMITED,Limited,1,160850.0,160850.0,1.559060182625993
ID:GB-SRS-sid4gov.cabinetoffice.gov.uk/3NB9f7GD,REGENDA LIMITED,Selective,7,9532522.05,650151.0,92.39524754839482
ID:GB-SRS-sid4gov.cabinetoffice.gov.uk/3NB9f7GD,REGENDA LIMITED,Unknown,2,562740.9,281370.45,5.454441593566154
ID:GB-SRS-sid4gov.cabinetoffice.gov.uk/3NZZ9cBv,HAMPSHIRE AND ISLE OF WIGHT CONSTABULARY,Direct,1,132850.0,132850.0,1.339286884424532
ID:GB-SRS-sid4gov.cabinetoffice.gov.uk/3NZZ9cBv,HAMPSHIRE AND ISLE OF WIGHT CONSTABULARY,Selective,8,9786608.0,458400.0,98.66071311557548
ID:GB-SRS-sid4gov.cabinetoffice.gov.uk/3P8s4Ddm,Northumbria Police,Direct,5,3568365.52,74500.0,15.58623949862708
ID:GB-SRS-sid4gov.cabinetoffice.gov.uk/3P8s4Ddm,Northumbria Police,Limited,4,303097.75,57179.5,1.323898601899672
ID:GB-SRS-sid4gov.cabinetoffice.gov.uk/3P8s4Ddm,Northumbria Police,Open,4,8241664.17,1567262.0,35.998708904931235
ID:GB-SRS-sid4gov.cabinetoffice.gov.uk/3P8s4Ddm,Northumbria Police,Selective,28,10781205.22,142135.0,47.091152994542014
ID:GB-SRS-sid4gov.cabinetoffice.gov.uk/3Sha6wdW,Diamond Light Source Ltd,Open,13,7097136.74,400000.0,100.0
ID:GB-SRS-sid4gov.cabinetoffice.gov.uk/3TQF8m8D,OPEN UNIVERSITY(THE),Direct,1,120000.0,120000.0,0.1713557102461931
ID:GB-SRS-sid4gov.cabinetoffice.gov.uk/3TQF8m8D,OPEN UNIVERSITY(THE),Limited,2,1204000.0,602000.0,1.7192689594701378
ID:GB-SRS-sid4gov.cabinetoffice.gov.uk/3TQF8m8D,OPEN UNIVERSITY(THE),Selective,25,68705764.3,528888.0,98.10937533028368
ID:GB-SRS-sid4gov.cabinetoffice.gov.uk/3UB3r29F,DUDLEY MBC,Limited,1,31200.0,31200.0,0.0521259996091425
ID:GB-SRS-sid4gov.cabinetoffice.gov.uk/3UB3r29F,DUDLEY MBC,Open,1,0.0,0.0,0.0
ID:GB-SRS-sid4gov.cabinetoffice.gov.uk/3UB3r29F,DUDLEY MBC,Selective,90,59823767.26,85967.5,99.94787400039084
ID:GB-SRS-sid4gov.cabinetoffice.gov.uk/3ZkU44F8,University of Brighton,Selective,3,239032.0,72000.0,100.0
ID:GB-SRS-sid4gov.cabinetoffice.gov.uk/3ZzX6jGx,MINISTRY OF DEFENCE,Direct,2,105472.0,52736.0,0.9399652830802564
ID:GB-SRS-sid4gov.cabinetoffice.gov.uk/3ZzX6jGx,MINISTRY OF DEFENCE,Limited,1,412050.0,412050.0,3.6721849864724256
ID:GB-SRS-sid4gov.cabinetoffice.gov.uk/3ZzX6jGx,MINISTRY OF DEFENCE,Selective,9,10703317.95,600000.0,95.38784973044731
ID:GB-SRS-sid4gov.cabinetoffice.gov.uk/3khd5KJZ,Islington Council,Limited,2,121772.0,60886.0,6.6551423522881885
ID:GB-SRS-sid4gov.cabinetoffice.gov.uk/3khd5KJZ,Islington Council,Selective,6,1707970.98,298152.0,93.3448576477118
ID:GB-SRS-sid4gov.cabinetoffice.gov.uk/3s5k9C9Y,Houghton Regis Town Council,Limited,3,227118.75,75000.0,100.0
ID:GB-SRS-sid4gov.cabinetoffice.gov.uk/4AG2aDtu,Woodley Town Council,Open,2,79439.29000000001,39719.645,54.22582623621005
ID:GB-SRS-sid4gov.cabinetoffice.gov.uk/4AG2aDtu,Woodley Town Council,Unknown,2,67057.86,33528.93,45.77417376378994
ID:GB-SRS-sid4gov.cabinetoffice.gov.uk/4ArC3r9p,Banbury Town Council,Open,1,39960.48,39960.48,100.0
ID:GB-SRS-sid4gov.cabinetoffice.gov.uk/4TCw5Kt3,Cumbria Constabulary,Selective,2,5160000.0,2580000.0,100.0
ID:GB-SRS-sid4gov.cabinetoffice.gov.uk/4bA22BtR,RAVEN HOUSING TRUST LIMITED,Open,1,14980000.0,14980000.0,100.0
ID:GB-SRS-sid4gov.cabinetoffice.gov.uk/4bgB22B3,Kent Community Health N H S Foundation Trust,Open,1,390000.0,390000.0,14.545093583020227
ID:GB-SRS-sid4gov.cabinetoffice.gov.uk/4bgB22B3,Kent Community Health N H S Foundation Trust,Selective,8,2291316.54,206103.17,85.45490641697977
ID:GB-SRS-sid4gov.cabinetoffice.gov.uk/4d4T5Xy3,Kingstown Works Ltd,Open,12,887931.7,27446.305,100.0
ID:GB-SRS-sid4gov.cabinetoffice.gov.uk/4jRH3Z2S,GREENSQUAREACCORD LIMITED,Direct,2,110000.0,55000.0,2.6426648632481
ID:GB-SRS-sid4gov.cabinetoffice.gov.uk/4jRH3Z2S,GREENSQUAREACCORD LIMITED,Open,1,2515200.0,2515200.0,60.42573330946927
ID:GB-SRS-sid4gov.cabinetoffice.gov.uk/4jRH3Z2S,GREENSQUAREACCORD LIMITED,Selective,1,1500000.0,1500000.0,36.03633904429226
ID:GB-SRS-sid4gov.cabinetoffice.gov.uk/4jRH3Z2S,GREENSQUAREACCORD LIMITED,Unknown,1,37265.0,37265.0,0.8952627829903674
ID:GB-SRS-sid4gov.cabinetoffice.gov.uk/552BbKNx,Wakefield and District Housing,Selective,2,9062903.33,4531451.665,100.0
ID:GB-SRS-sid4gov.cabinetoffice.gov.uk/56Ey6C47,TORBAY AND SOUTH DEVON NHS FOUNDATION TRUST,Selective,1,31740.0,31740.0,100.0
ID:GB-SRS-sid4gov.cabinetoffice.gov.uk/587dHx4Z,Durham University,Limited,1,511360.0,511360.0,67.1648038774855
ID:GB-SRS-sid4gov.cabinetoffice.gov.uk/587dHx4Z,Durham University,Open,1,249991.14,249991.14,32.83519612251451
ID:GB-SRS-sid4gov.cabinetoffice.gov.uk/5BfD6u3j,Greater Manchester Police,Selective,6,22657379.0,514560.0,100.0
ID:GB-SRS-sid4gov.cabinetoffice.gov.uk/5Hah47A5,Uttlesford District Council,Direct,3,102000.0,27000.0,3.642121811470985
ID:GB-SRS-sid4gov.cabinetoffice.gov.uk/5Hah47A5,Uttlesford District Council,Selective,14,2698565.31,72500.0,96.357878188529
ID:GB-SRS-sid4gov.cabinetoffice.gov.uk/5JGh45xy,Sussex Police,Direct,4,204994.2,48533.255000000005,19.29952092149855
ID:GB-SRS-sid4gov.cabinetoffice.gov.uk/5JGh45xy,Sussex Police,Limited,1,65825.0,65825.0,6.197204431430948
ID:GB-SRS-sid4gov.cabinetoffice.gov.uk/5JGh45xy,Sussex Police,Selective,4,791353.28,173753.42,74.50327464707051
ID:GB-SRS-sid4gov.cabinetoffice.gov.uk/5JM9tyCn,Nottingham City Council,Direct,2,159000.0,79500.0,0.4419738577727898
ID:GB-SRS-sid4gov.cabinetoffice.gov.uk/5JM9tyCn,Nottingham City Council,Limited,4,751878.12,74410.0,2.0900029765493877
ID:GB-SRS-sid4gov.cabinetoffice.gov.uk/5JM9tyCn,Nottingham City Council,Open,8,17548624.5,1279614.25,48.78008345201946
ID:GB-SRS-sid4gov.cabinetoffice.gov.uk/5JM9tyCn,Nottingham City Council,Selective,36,17277965.81,256575.0,48.02773083969852
ID:GB-SRS-sid4gov.cabinetoffice.gov.uk/5JM9tyCn,Nottingham City Council,Unknown,4,237510.0,53415.0,0.6602088739598446
ID:GB-SRS-sid4gov.cabinetoffice.gov.uk/5QWZnx79,Abbots Langley Parish Council,Open,1,40936.8,40936.8,100.0
ID:GB-SRS-sid4gov.cabinetoffice.gov.uk/5TAc9PDA,STOCKPORT HOMES LIMITED,Limited,2,5557766.3,2778883.15,33.059369521177665
ID:GB-SRS-sid4gov.cabinetoffice.gov.uk/5TAc9PDA,STOCKPORT HOMES LIMITED,Selective,15,11131411.64,300000.0,66.2131926452356
ID:GB-SRS-sid4gov.cabinetoffice.gov.uk/5TAc9PDA,STOCKPORT HOMES LIMITED,Unknown,2,122293.0,61146.5,0.7274378335867377
ID:GB-SRS-sid4gov.cabinetoffice.gov.uk/5WZu8KXU,Transport for London,Limited,5,442121.0,94630.0,0.0733846602190894
ID:GB-SRS-sid4gov.cabinetoffice.gov.uk/5WZu8KXU,Transport for London,Open,5,155172252.0,232000.0,25.75598758812841
ID:GB-SRS-sid4gov.cabinetoffice.gov.uk/5WZu8KXU,Transport for London,Selective,67,381642515.88,3654500.0,63.34624764037954
ID:GB-SRS-sid4gov.cabinetoffice.gov.uk/5WZu8KXU,Transport for London,Unknown,6,65213707.4,960389.8,10.824380111272973
ID:GB-SRS-sid4gov.cabinetoffice.gov.uk/5nXD8BE8,Kent Fire & Rescue Service,Selective,7,13604667.0,564028.0,99.1401088432737
ID:GB-SRS-sid4gov.cabinetoffice.gov.uk/5nXD8BE8,Kent Fire & Rescue Service,Unknown,1,118000.0,118000.0,0.8598911567263128
ID:GB-SRS-sid4gov.cabinetoffice.gov.uk/5ncA23JZ,Stockton-on-tees Borough Council,Selective,32,8302487.52,105286.31,94.3837068446776
ID:GB-SRS-sid4gov.cabinetoffice.gov.uk/5ncA23JZ,Stockton-on-tees Borough Council,Unknown,6,494038.7,95040.7,5.616293155322398
ID:GB-SRS-sid4gov.cabinetoffice.gov.uk/5rNu7WZf,Hailsham Town Council - Main Number,Direct,1,71000.0,71000.0,28.56774982698405
ID:GB-SRS-sid4gov.cabinetoffice.gov.uk/5rNu7WZf,Hailsham Town Council - Main Number,Open,2,177532.0,88766.0,71.43225017301596
ID:GB-SRS-sid4gov.cabinetoffice.gov.uk/5rVw2ET6,UNIVERSITY OF WOLVERHAMPTON ENTERPRISE LIMITED,Direct,1,200000.0,200000.0,1.0056918128813377
ID:GB-SRS-sid4gov.cabinetoffice.gov.uk/5rVw2ET6,UNIVERSITY OF WOLVERHAMPTON ENTERPRISE LIMITED,Open,2,409460.0,204730.0,2.058952848511962
ID:GB-SRS-sid4gov.cabinetoffice.gov.uk/5rVw2ET6,UNIVERSITY OF WOLVERHAMPTON ENTERPRISE LIMITED,Selective,17,19213610.01,551923.2,96.61485141475956
ID:GB-SRS-sid4gov.cabinetoffice.gov.uk/5rVw2ET6,UNIVERSITY OF WOLVERHAMPTON ENTERPRISE LIMITED,Unknown,1,63738.0,63738.0,0.3205039238471534
ID:GB-SRS-sid4gov.cabinetoffice.gov.uk/5wuN3tuF,PROCURE PLUS HOLDINGS LIMITED,Open,3,308592000.0,108020000.0,100.0
ID:GB-SRS-sid4gov.cabinetoffice.gov.uk/635A8Pbq,Southampton Solent University,Direct,5,454837.0,46260.0,17.79204868084334
ID:GB-SRS-sid4gov.cabinetoffice.gov.uk/635A8Pbq,Southampton Solent University,Limited,1,62040.0,62040.0,2.426844562248719
ID:GB-SRS-sid4gov.cabinetoffice.gov.uk/635A8Pbq,Southampton Solent University,Selective,4,1943029.0,238935.5,76.0062759984134
ID:GB-SRS-sid4gov.cabinetoffice.gov.uk/635A8Pbq,Southampton Solent University,Unknown,1,96500.0,96500.0,3.774830758494543
ID:GB-SRS-sid4gov.cabinetoffice.gov.uk/6429RBmu,STONEWATER LIMITED,Selective,3,3985289.97,1303889.97,100.0
ID:GB-SRS-sid4gov.cabinetoffice.gov.uk/64mmEr7h,Independent Office for Police Conduct,Open,1,431406.0,431406.0,6.311227620480866
ID:GB-SRS-sid4gov.cabinetoffice.gov.uk/64mmEr7h,Independent Office for Police Conduct,Selective,8,6404126.26,494014.2,93.68877237951914
ID:GB-SRS-sid4gov.cabinetoffice.gov.uk/6A7e9Tu3,SOUTH YORKSHIRE MAYORAL COMBINED AUTHORITY,Direct,2,135699.0,67849.5,41.16669144169425
ID:GB-SRS-sid4gov.cabinetoffice.gov.uk/6A7e9Tu3,SOUTH YORKSHIRE MAYORAL COMBINED AUTHORITY,Limited,2,103034.0,51517.0,31.25718602203056
ID:GB-SRS-sid4gov.cabinetoffice.gov.uk/6A7e9Tu3,SOUTH YORKSHIRE MAYORAL COMBINED AUTHORITY,Selective,2,59000.0,29500.0,17.898693395382136
ID:GB-SRS-sid4gov.cabinetoffice.gov.uk/6A7e9Tu3,SOUTH YORKSHIRE MAYORAL COMBINED AUTHORITY,Unknown,1,31900.0,31900.0,9.677429140893054
ID:GB-SRS-sid4gov.cabinetoffice.gov.uk/6Fq48XBS,Kent County Council,Direct,1,141625.0,141625.0,0.9291518393004324
ID:GB-SRS-sid4gov.cabinetoffice.gov.uk/6Fq48XBS,Kent County Council,Limited,4,793840.0,179625.0,5.208105179948845
ID:GB-SRS-sid4gov.cabinetoffice.gov.uk/6Fq48XBS,Kent County Council,Open,3,81580.7,25842.4,0.5352222944848493
ID:GB-SRS-sid4gov.cabinetoffice.gov.uk/6Fq48XBS,Kent County Council,Selective,6,14102618.0,36309.0,92.52231917847404
ID:GB-SRS-sid4gov.cabinetoffice.gov.uk/6Fq48XBS,Kent County Council,Unknown,1,122732.0,122732.0,0.8052015077918494
ID:GB-SRS-sid4gov.cabinetoffice.gov.uk/6ScC25N8,Lichfield District Council,Direct,4,227385.5,45848.75,1.3856192188968453
ID:GB-SRS-sid4gov.cabinetoffice.gov.uk/6ScC25N8,Lichfield District Council,Limited,6,534731.0,73115.5,3.2584907592609422
ID:GB-SRS-sid4gov.cabinetoffice.gov.uk/6ScC25N8,Lichfield District Council,Open,2,646604.24,323302.12,3.94021281904162
ID:GB-SRS-sid4gov.cabinetoffice.gov.uk/6ScC25N8,Lichfield District Council,Selective,17,15001667.98,129760.0,91.4156772028006
ID:GB-SRS-sid4gov.cabinetoffice.gov.uk/6ZXFz2DF,Binfield Parish Council,Direct,1,83795.52,83795.52,100.0
ID:GB-SRS-sid4gov.cabinetoffice.gov.uk/6mSZ7wBV,Transport For Greater Manchester,Direct,1,100000.0,100000.0,1.634066284451046
ID:GB-SRS-sid4gov.cabinetoffice.gov.uk/6mSZ7wBV,Transport For Greater Manchester,Selective,7,5693791.4,235800.0,93.0403255743732
ID:GB-SRS-sid4gov.cabinetoffice.gov.uk/6mSZ7wBV,Transport For Greater Manchester,Unknown,2,325911.39,162955.695,5.325608141175758
ID:GB-SRS-sid4gov.cabinetoffice.gov.uk/6pR9jGRZ,Your Housing Group Ltd,Selective,2,484000.0,242000.0,100.0
ID:GB-SRS-sid4gov.cabinetoffice.gov.uk/6s2F948d,Hull College,Direct,5,265059.56,65000.0,11.396860019251204
ID:GB-SRS-sid4gov.cabinetoffice.gov.uk/6s2F948d,Hull College,Limited,3,294000.0,65000.0,12.641222394166254
ID:GB-SRS-sid4gov.cabinetoffice.gov.uk/6s2F948d,Hull College,Open,1,180000.0,180000.0,7.739523914795667
ID:GB-SRS-sid4gov.cabinetoffice.gov.uk/6s2F948d,Hull College,Selective,7,1025260.02,93928.08,44.083469131521575
ID:GB-SRS-sid4gov.cabinetoffice.gov.uk/6s2F948d,Hull College,Unknown,4,561404.87,122598.965,24.13892454026529
ID:GB-SRS-sid4gov.cabinetoffice.gov.uk/6skA8DF4,South of England Procurement Centre,Limited,1,260334.5,260334.5,1.1100283508185338
ID:GB-SRS-sid4gov.cabinetoffice.gov.uk/6skA8DF4,South of England Procurement Centre,Selective,14,23192625.04,193789.5,98.88997164918146
ID:GB-SRS-sid4gov.cabinetoffice.gov.uk/72F7yvbV,UK HYDROGRAPHIC OFFICE,Open,1,18346.0,18346.0,0.075441546415836
ID:GB-SRS-sid4gov.cabinetoffice.gov.uk/72F7yvbV,UK HYDROGRAPHIC OFFICE,Selective,8,22872769.35,304575.0,94.05631148897506
ID:GB-SRS-sid4gov.cabinetoffice.gov.uk/72F7yvbV,UK HYDROGRAPHIC OFFICE,Unknown,2,1427050.0,713525.0,5.868246964609113
ID:GB-SRS-sid4gov.cabinetoffice.gov.uk/73RFyxJw,NHS PROPERTY SERVICES LIMITED,Direct,13,1481950.46,82322.0,1.0386175099195618
ID:GB-SRS-sid4gov.cabinetoffice.gov.uk/73RFyxJw,NHS PROPERTY SERVICES LIMITED,Limited,143,25610630.45,79963.0,17.949081257040877
ID:GB-SRS-sid4gov.cabinetoffice.gov.uk/73RFyxJw,NHS PROPERTY SERVICES LIMITED,Open,38,4954843.54,81945.445,3.4725771194509614
ID:GB-SRS-sid4gov.cabinetoffice.gov.uk/73RFyxJw,NHS PROPERTY SERVICES LIMITED,Selective,103,110008725.49,97425.0,77.09906074582845
ID:GB-SRS-sid4gov.cabinetoffice.gov.uk/73RFyxJw,NHS PROPERTY SERVICES LIMITED,Unknown,2,628760.13,314380.065,0.4406633677601477
ID:GB-SRS-sid4gov.cabinetoffice.gov.uk/73xSeynZ,CROYDON COUNCIL,Direct,6,503498.63,68688.815,26.606810955240217
ID:GB-SRS-sid4gov.cabinetoffice.gov.uk/73xSeynZ,CROYDON COUNCIL,Selective,4,1388868.82,287954.02,73.39318904475978
ID:GB-SRS-sid4gov.cabinetoffice.gov.uk/74QFv7Z8,Windlesham Parish Council,Open,5,196500.0,45000.0,100.0
ID:GB-SRS-sid4gov.cabinetoffice.gov.uk/769s5AJs,Keele University Leisure Centre,Direct,1,46993.0,46993.0,24.158801462699163
ID:GB-SRS-sid4gov.cabinetoffice.gov.uk/769s5AJs,Keele University Leisure Centre,Selective,1,147524.1,147524.1,75.84119853730084
ID:GB-SRS-sid4gov.cabinetoffice.gov.uk/78M5tHuE,AVON FIRE & RESCUE SERVICE,Selective,3,9183639.2,142867.2,100.0
ID:GB-SRS-sid4gov.cabinetoffice.gov.uk/7DY3f9RA,SEETEC BUSINESS TECHNOLOGY CENTRE LIMITED,Open,41,13673.24,0.0,100.0
ID:GB-SRS-sid4gov.cabinetoffice.gov.uk/7FXWaRZ8,UNIVERSITY OF ESSEX,Limited,4,349274.98,102533.74,0.2479864605148614
ID:GB-SRS-sid4gov.cabinetoffice.gov.uk/7FXWaRZ8,UNIVERSITY OF ESSEX,Open,1,1500447.0,1500447.0,1.0653226312406985
ID:GB-SRS-sid4gov.cabinetoffice.gov.uk/7FXWaRZ8,UNIVERSITY OF ESSEX,Selective,11,137571893.25,332878.2,97.6765265963106
ID:GB-SRS-sid4gov.cabinetoffice.gov.uk/7FXWaRZ8,UNIVERSITY OF ESSEX,Unknown,9,1422759.61,83487.81,1.010164311933837
ID:GB-SRS-sid4gov.cabinetoffice.gov.uk/7Kss466d,THE HAVEBURY HOUSING PARTNERSHIP,Selective,1,3785672.0,3785672.0,100.0
ID:GB-SRS-sid4gov.cabinetoffice.gov.uk/7U7AuvS7,MINISTRY OF DEFENCE,Direct,29,8388023.79,74000.0,0.100680189976177
ID:GB-SRS-sid4gov.cabinetoffice.gov.uk/7U7AuvS7,MINISTRY OF DEFENCE,Limited,22,572383983.42,259514.53500000003,6.870239001795508
ID:GB-SRS-sid4gov.cabinetoffice.gov.uk/7U7AuvS7,MINISTRY OF DEFENCE,Open,7,39409550.0,5000000.0,0.4730269107731809
ID:GB-SRS-sid4gov.cabinetoffice.gov.uk/7U7AuvS7,MINISTRY OF DEFENCE,Selective,256,7215284741.89,522963.695,86.60397928433831
ID:GB-SRS-sid4gov.cabinetoffice.gov.uk/7U7AuvS7,MINISTRY OF DEFENCE,Unknown,23,495888451.01,214345.93,5.9520746131168245
ID:GB-SRS-sid4gov.cabinetoffice.gov.uk/7UWp7mWg,UNIVERSITY OF KENT,Selective,3,1706000.0,450000.0,100.0
ID:GB-SRS-sid4gov.cabinetoffice.gov.uk/7aYS8B28,Shared Services Connected Limited,Direct,4,64855.46,15427.73,100.0
ID:GB-SRS-sid4gov.cabinetoffice.gov.uk/7cNB9Zw4,Great Aycliffe Town Council,Selective,1,39807.0,39807.0,100.0
ID:GB-SRS-sid4gov.cabinetoffice.gov.uk/7ktc6Vzk,Stockton Riverside College,Selective,1,4141152.0,4141152.0,100.0
ID:GB-SRS-sid4gov.cabinetoffice.gov.uk/7q8RnTQ5,UK SPACE AGENCY,Direct,1,36218.0,36218.0,36.688344577483335
ID:GB-SRS-sid4gov.cabinetoffice.gov.uk/7q8RnTQ5,UK SPACE AGENCY,Selective,1,62500.0,62500.0,63.311655422516665
ID:GB-SRS-sid4gov.cabinetoffice.gov.uk/7rzZ2TZT,THE UNIVERSITY OF CHICHESTER,Open,2,528978.0,264489.0,100.0
ID:GB-SRS-sid4gov.cabinetoffice.gov.uk/7x528UnQ,Gateshead Council,Open,3,393688.0,93688.0,39.18806464585332
ID:GB-SRS-sid4gov.cabinetoffice.gov.uk/7x528UnQ,Gateshead Council,Selective,4,610924.0,99437.0,60.81193535414668
ID:GB-SRS-sid4gov.cabinetoffice.gov.uk/7yhX2H36,South Tees Hospitals NHS Foundation Trust,Direct,2,92866.0,46433.0,10.832483457471724
ID:GB-SRS-sid4gov.cabinetoffice.gov.uk/7yhX2H36,South Tees Hospitals NHS Foundation Trust,Selective,9,764425.87,68445.0,89.16751654252828
ID:GB-SRS-sid4gov.cabinetoffice.gov.uk/7z3HGKqD,CHELMSFORD CITY COUNCIL,Direct,1,22007.04,22007.04,38.60407416347174
ID:GB-SRS-sid4gov.cabinetoffice.gov.uk/7z3HGKqD,CHELMSFORD CITY COUNCIL,Selective,1,35000.0,35000.0,61.39592583652826
ID:GB-SRS-sid4gov.cabinetoffice.gov.uk/846bAKyA,Bridgnorth Town Council,Direct,1,78927.48,78927.48,14.363518577137503
ID:GB-SRS-sid4gov.cabinetoffice.gov.uk/846bAKyA,Bridgnorth Town Council,Open,1,470572.14,470572.14,85.6364814228625
ID:GB-SRS-sid4gov.cabinetoffice.gov.uk/88Cu8Eqe,Ashfield Council,Limited,1,39480.0,39480.0,0.0128528831500608
ID:GB-SRS-sid4gov.cabinetoffice.gov.uk/88Cu8Eqe,Ashfield Council,Selective,6,307084554.81,115499.905,99.9726925066204
ID:GB-SRS-sid4gov.cabinetoffice.gov.uk/88Cu8Eqe,Ashfield Council,Unknown,1,44400.0,44400.0,0.0144546102295516
ID:GB-SRS-sid4gov.cabinetoffice.gov.uk/898J9ha4,ORBIT GROUP LIMITED,Selective,2,395706.75,197853.375,100.0
ID:GB-SRS-sid4gov.cabinetoffice.gov.uk/8MRk42xZ,Wiltshire Fire And Rescue Service,Open,1,170178.0,170178.0,3.285884815226876
ID:GB-SRS-sid4gov.cabinetoffice.gov.uk/8MRk42xZ,Wiltshire Fire And Rescue Service,Selective,18,4313382.38,138221.91999999998,83.28501724493862
ID:GB-SRS-sid4gov.cabinetoffice.gov.uk/8MRk42xZ,Wiltshire Fire And Rescue Service,Unknown,3,695501.26,72000.0,13.429097939834522
ID:GB-SRS-sid4gov.cabinetoffice.gov.uk/8PQu5m2e,Yorkshire Purchasing Organisation,Limited,17,9685583.09,80000.0,0.8901369193347031
ID:GB-SRS-sid4gov.cabinetoffice.gov.uk/8PQu5m2e,Yorkshire Purchasing Organisation,Selective,57,78041629.64,360000.0,7.172282261388297
ID:GB-SRS-sid4gov.cabinetoffice.gov.uk/8PQu5m2e,Yorkshire Purchasing Organisation,Unknown,5,1000373154.71,110400.0,91.937580819277
ID:GB-SRS-sid4gov.cabinetoffice.gov.uk/8d2m8KD3,NORTH BRISTOL NHS TRUST,Selective,1,67659.0,67659.0,100.0
ID:GB-SRS-sid4gov.cabinetoffice.gov.uk/8k85Fp7W,South Yorkshire Fire & Rescue,Open,1,55000.0,55000.0,0.6826359305809302
ID:GB-SRS-sid4gov.cabinetoffice.gov.uk/8k85Fp7W,South Yorkshire Fire & Rescue,Selective,18,8002003.38,125167.0,99.31736406941909
ID:GB-SRS-sid4gov.cabinetoffice.gov.uk/8n9JRxqD,City Of Sunderland,Limited,1,236116.8,236116.8,1.482467527685246
ID:GB-SRS-sid4gov.cabinetoffice.gov.uk/8n9JRxqD,City Of Sunderland,Open,3,15691166.3,3600000.0,98.51753247231476
ID:GB-SRS-sid4gov.cabinetoffice.gov.uk/8s944V4W,North Yorkshire Council,Direct,73,5399210.22,75000.0,6.568337215327187
ID:GB-SRS-sid4gov.cabinetoffice.gov.uk/8s944V4W,North Yorkshire Council,Limited,4,176586.88,43681.44,0.2148244147534815
ID:GB-SRS-sid4gov.cabinetoffice.gov.uk/8s944V4W,North Yorkshire Council,Selective,16,76624766.65,456319.57,93.21683836991934
ID:GB-SRS-sid4gov.cabinetoffice.gov.uk/8u5J6V4e,BIP SOLUTIONS LIMITED,Limited,6,164460.0,26635.0,0.0051556818163887
ID:GB-SRS-sid4gov.cabinetoffice.gov.uk/8u5J6V4e,BIP SOLUTIONS LIMITED,Open,20,3068069057.63,296104.815,96.18136842908888
ID:GB-SRS-sid4gov.cabinetoffice.gov.uk/8u5J6V4e,BIP SOLUTIONS LIMITED,Selective,3,102927808.0,3900000.0,3.226699672299358
ID:GB-SRS-sid4gov.cabinetoffice.gov.uk/8u5J6V4e,BIP SOLUTIONS LIMITED,Unknown,38,18717450.0,124358.6,0.5867762167953643
ID:GB-SRS-sid4gov.cabinetoffice.gov.uk/8vt52CDf,Espo,Open,29,1972315000.0,16000000.0,99.92157642650557
ID:GB-SRS-sid4gov.cabinetoffice.gov.uk/8vt52CDf,Espo,Selective,1,1547973.88,1547973.88,0.0784235734944237
ID:GB-SRS-sid4gov.cabinetoffice.gov.uk/8yb4NkNq,ACIS GROUP LIMITED,Selective,1,369837.0,369837.0,100.0
ID:GB-SRS-sid4gov.cabinetoffice.gov.uk/98JBmbdC,Stonehouse Town Council,Open,1,198450.0,198450.0,100.0
ID:GB-SRS-sid4gov.cabinetoffice.gov.uk/9Bfv4kxB,WIGAN METROPOLITAN BOROUGH COUNCIL,Direct,2,106200.0,53100.0,24.628942486085343
ID:GB-SRS-sid4gov.cabinetoffice.gov.uk/9Bfv4kxB,WIGAN METROPOLITAN BOROUGH COUNCIL,Selective,1,325000.0,325000.0,75.37105751391465
ID:GB-SRS-sid4gov.cabinetoffice.gov.uk/9G5HgHzZ,SHEFFIELD CITY COUNCIL,Selective,6,23885529.86,822214.8049999999,100.0
ID:GB-SRS-sid4gov.cabinetoffice.gov.uk/9UAJ7h46,ADB (UK) LIMITED,Open,4,4207512.21,789348.605,84.79517561571025
ID:GB-SRS-sid4gov.cabinetoffice.gov.uk/9UAJ7h46,ADB (UK) LIMITED,Selective,3,540091.24,101809.0,10.8846104915538
ID:GB-SRS-sid4gov.cabinetoffice.gov.uk/9UAJ7h46,ADB (UK) LIMITED,Unknown,1,214367.77,214367.77,4.32021389273596
ID:GB-SRS-sid4gov.cabinetoffice.gov.uk/9Vvb7DnC,South Kesteven District Council,Direct,1,28509.5,28509.5,7.657134007754871
ID:GB-SRS-sid4gov.cabinetoffice.gov.uk/9Vvb7DnC,South Kesteven District Council,Limited,2,74438.0,37219.0,19.992695111077257
ID:GB-SRS-sid4gov.cabinetoffice.gov.uk/9Vvb7DnC,South Kesteven District Council,Selective,2,269378.49,134689.245,72.35017088116787
ID:GB-SRS-sid4gov.cabinetoffice.gov.uk/9WJB6eGr,South Staffordshire College,Direct,1,50000.0,50000.0,25.29724260055654
ID:GB-SRS-sid4gov.cabinetoffice.gov.uk/9WJB6eGr,South Staffordshire College,Open,2,147650.0,73825.0,74.70275739944347
ID:GB-SRS-sid4gov.cabinetoffice.gov.uk/9Y899rFh,Truro City Council,Open,1,70000.0,70000.0,100.0
ID:GB-SRS-sid4gov.cabinetoffice.gov.uk/9yt6Qa35,BANK OF ENGLAND,Direct,35,4861129.08,58893.0,0.8487484393124917
ID:GB-SRS-sid4gov.cabinetoffice.gov.uk/9yt6Qa35,BANK OF ENGLAND,Limited,7,2213881.0,120240.0,0.3865414829868246
ID:GB-SRS-sid4gov.cabinetoffice.gov.uk/9yt6Qa35,BANK OF ENGLAND,Open,3,1435240.0,160000.0,0.2505915169071915
ID:GB-SRS-sid4gov.cabinetoffice.gov.uk/9yt6Qa35,BANK OF ENGLAND,Selective,199,557560610.09,292352.0,97.34954366527708
ID:GB-SRS-sid4gov.cabinetoffice.gov.uk/9yt6Qa35,BANK OF ENGLAND,Unknown,23,6669996.23,175000.0,1.164574895516394
ID:GB-SRS-sid4gov.cabinetoffice.gov.uk/9zBK4N6s,COVENTRY CITY COUNCIL,Direct,29,4584071.67,56151.0,10.735632313673197
ID:GB-SRS-sid4gov.cabinetoffice.gov.uk/9zBK4N6s,COVENTRY CITY COUNCIL,Limited,5,247887.65,50428.56,0.5805386252829925
ID:GB-SRS-sid4gov.cabinetoffice.gov.uk/9zBK4N6s,COVENTRY CITY COUNCIL,Open,1,3432000.0,3432000.0,8.037546694929054
ID:GB-SRS-sid4gov.cabinetoffice.gov.uk/9zBK4N6s,COVENTRY CITY COUNCIL,Selective,59,29967088.33,92906.0,70.18119806626997
ID:GB-SRS-sid4gov.cabinetoffice.gov.uk/9zBK4N6s,COVENTRY CITY COUNCIL,Unknown,13,4468548.76,388703.12,10.465084299844792
ID:GB-SRS-sid4gov.cabinetoffice.gov.uk/AB9Ap52c,East Riding of Yorkshire Council,Direct,33,2186144.01,66000.0,1.2091707442875628
ID:GB-SRS-sid4gov.cabinetoffice.gov.uk/AB9Ap52c,East Riding of Yorkshire Council,Limited,34,1979909.55,43407.455,1.0951010972948456
ID:GB-SRS-sid4gov.cabinetoffice.gov.uk/AB9Ap52c,East Riding of Yorkshire Council,Open,16,175137000.0,70000.0,96.86943571585245
ID:GB-SRS-sid4gov.cabinetoffice.gov.uk/AB9Ap52c,East Riding of Yorkshire Council,Selective,3,102081.78,31575.63,0.0564621092371674
ID:GB-SRS-sid4gov.cabinetoffice.gov.uk/AB9Ap52c,East Riding of Yorkshire Council,Unknown,8,1391829.88,65745.14499999999,0.769830333327981
ID:GB-SRS-sid4gov.cabinetoffice.gov.uk/ABn269tg,South Yorkshire Police,Selective,14,5090427.62,92600.635,98.2848893313015
ID:GB-SRS-sid4gov.cabinetoffice.gov.uk/ABn269tg,South Yorkshire Police,Unknown,1,88830.0,88830.0,1.7151106686984996
ID:GB-SRS-sid4gov.cabinetoffice.gov.uk/ACST4hd3,BERNESLAI HOMES LIMITED,Selective,9,2005500.0,184000.0,100.0
ID:GB-SRS-sid4gov.cabinetoffice.gov.uk/AKrU92Rm,UNIVERSITY OF MANCHESTER,Open,1,500000.0,500000.0,44.91164532016165
ID:GB-SRS-sid4gov.cabinetoffice.gov.uk/AKrU92Rm,UNIVERSITY OF MANCHESTER,Selective,1,613297.0,613297.0,55.08835467983836
ID:GB-SRS-sid4gov.cabinetoffice.gov.uk/AcQD8986,HOME GROUP LIMITED,Selective,3,4912000.0,180000.0,100.0
ID:GB-SRS-sid4gov.cabinetoffice.gov.uk/AeDJ2htU,Swanley Town Council,Open,2,79103.35,39551.675,100.0
ID:GB-SRS-sid4gov.cabinetoffice.gov.uk/AkWv243D,National Oceanography Centre,Selective,2,577473.2,288736.6,100.0
ID:GB-SRS-sid4gov.cabinetoffice.gov.uk/Akb87ZKU,GENERAL OPTICAL COUNCIL,Open,1,39801.29,39801.29,100.0
ID:GB-SRS-sid4gov.cabinetoffice.gov.uk/AnUx84x7,Coventry University,Direct,44,2449882.54,44643.05,5.799206377720951
ID:GB-SRS-sid4gov.cabinetoffice.gov.uk/AnUx84x7,Coventry University,Open,3,919266.83,273000.42,2.1760300652468514
ID:GB-SRS-sid4gov.cabinetoffice.gov.uk/AnUx84x7,Coventry University,Selective,18,35525335.16,240017.0,84.09331748229299
ID:GB-SRS-sid4gov.cabinetoffice.gov.uk/AnUx84x7,Coventry University,Unknown,11,3350650.07,263251.14,7.93144607473922
ID:GB-SRS-sid4gov.cabinetoffice.gov.uk/AwF59kgs,COLLEGE OF POLICING LIMITED,Direct,5,561559.9,91590.0,6.022042149494012
ID:GB-SRS-sid4gov.cabinetoffice.gov.uk/AwF59kgs,COLLEGE OF POLICING LIMITED,Open,4,467977.0,72481.7,5.018480163903725
ID:GB-SRS-sid4gov.cabinetoffice.gov.uk/AwF59kgs,COLLEGE OF POLICING LIMITED,Selective,22,7836887.4,79772.0,84.04101903223243
ID:GB-SRS-sid4gov.cabinetoffice.gov.uk/AwF59kgs,COLLEGE OF POLICING LIMITED,Unknown,7,458649.92,61450.0,4.918458654369831
ID:GB-SRS-sid4gov.cabinetoffice.gov.uk/Ay6B5NZj,Indigo Swan,Selective,3,703581.0,230221.0,100.0
ID:GB-SRS-sid4gov.cabinetoffice.gov.uk/AyrC8v64,THE HOUSING PLUS GROUP LIMITED,Selective,6,14938267.27,1375000.0,100.0
ID:GB-SRS-sid4gov.cabinetoffice.gov.uk/B2BF7E7B,Passenger Transport Unit,Direct,2,801766.6599999999,400883.33,1.8519987395120767
ID:GB-SRS-sid4gov.cabinetoffice.gov.uk/B2BF7E7B,Passenger Transport Unit,Selective,2,42490199.09,21245099.545,98.14800126048792
ID:GB-SRS-sid4gov.cabinetoffice.gov.uk/B3BBjT8T,The Lake District National Park Authority,Selective,2,621320.0,310660.0,100.0
ID:GB-SRS-sid4gov.cabinetoffice.gov.uk/B3CT9kWF,Ambulance Radio Programme,Selective,2,1583041.0,791520.5,100.0
ID:GB-SRS-sid4gov.cabinetoffice.gov.uk/B8cS5ANM,THE UNITED KINGDOM SPORTS COUNCIL,Open,1,350400.0,350400.0,86.5750552360712
ID:GB-SRS-sid4gov.cabinetoffice.gov.uk/B8cS5ANM,THE UNITED KINGDOM SPORTS COUNCIL,Selective,1,54335.52,54335.52,13.424944763928798
ID:GB-SRS-sid4gov.cabinetoffice.gov.uk/BGcP2776,NSAH (ALLIANCE HOMES) LIMITED,Direct,1,45783.0,45783.0,0.4764284389260418
ID:GB-SRS-sid4gov.cabinetoffice.gov.uk/BGcP2776,NSAH (ALLIANCE HOMES) LIMITED,Limited,2,107890.0,53945.0,1.1227281802356914
ID:GB-SRS-sid4gov.cabinetoffice.gov.uk/BGcP2776,NSAH (ALLIANCE HOMES) LIMITED,Selective,6,9282544.66,336430.5,96.5962969142491
ID:GB-SRS-sid4gov.cabinetoffice.gov.uk/BGcP2776,NSAH (ALLIANCE HOMES) LIMITED,Unknown,3,173410.2,55914.0,1.804546466589186
ID:GB-SRS-sid4gov.cabinetoffice.gov.uk/BGnZ3MDm,HM Land Registry,Direct,2,64184.41,32092.205,0.055165348582693
ID:GB-SRS-sid4gov.cabinetoffice.gov.uk/BGnZ3MDm,HM Land Registry,Selective,32,116284958.03,287441.5,99.94483465141732
ID:GB-SRS-sid4gov.cabinetoffice.gov.uk/BJTT96ht,Sheffield Hallam University,Open,2,1534770.0,767385.0,15.595320455200698
ID:GB-SRS-sid4gov.cabinetoffice.gov.uk/BJTT96ht,Sheffield Hallam University,Selective,8,1384182.75,164001.27000000002,14.065152143194718
ID:GB-SRS-sid4gov.cabinetoffice.gov.uk/BJTT96ht,Sheffield Hallam University,Unknown,6,6922268.56,255714.28,70.3395274016046
ID:GB-SRS-sid4gov.cabinetoffice.gov.uk/BcF9aaZx,TEES ESK AND WEAR VALLEYS NHS FOUNDATION TRUST,Open,1,998568.0,998568.0,13.321282198144646
ID:GB-SRS-sid4gov.cabinetoffice.gov.uk/BcF9aaZx,TEES ESK AND WEAR VALLEYS NHS FOUNDATION TRUST,Selective,6,4391126.5600000005,673385.0,58.579321662148345
ID:GB-SRS-sid4gov.cabinetoffice.gov.uk/BcF9aaZx,TEES ESK AND WEAR VALLEYS NHS FOUNDATION TRUST,Unknown,1,2106340.62,2106340.62,28.099396139707014
ID:GB-SRS-sid4gov.cabinetoffice.gov.uk/BfPT4PB2,Greater Manchester Mental Health NHS Foundation Trust,Selective,2,667189.47,333594.735,100.0
ID:GB-SRS-sid4gov.cabinetoffice.gov.uk/BjDD3hUA,East Hampshire District Council,Direct,32,1572745.62,45000.0,19.54828836674223
ID:GB-SRS-sid4gov.cabinetoffice.gov.uk/BjDD3hUA,East Hampshire District Council,Limited,9,822048.9,78000.0,10.217576666189188
ID:GB-SRS-sid4gov.cabinetoffice.gov.uk/BjDD3hUA,East Hampshire District Council,Open,2,390904.0,195452.0,4.85870316123532
ID:GB-SRS-sid4gov.cabinetoffice.gov.uk/BjDD3hUA,East Hampshire District Council,Selective,28,5259740.5,146783.75,65.37543180583326
ID:GB-SRS-sid4gov.cabinetoffice.gov.uk/BpB93Ch9,South Tyneside Council,Direct,10,1201024.0,72778.0,1.5050108822825163
ID:GB-SRS-sid4gov.cabinetoffice.gov.uk/BpB93Ch9,South Tyneside Council,Limited,6,4413633.52,457233.905,5.530752489547992
ID:GB-SRS-sid4gov.cabinetoffice.gov.uk/BpB93Ch9,South Tyneside Council,Open,6,2432611.0,348630.5,3.048320456010999
ID:GB-SRS-sid4gov.cabinetoffice.gov.uk/BpB93Ch9,South Tyneside Council,Selective,37,70725663.79,208428.0,88.62678319551027
ID:GB-SRS-sid4gov.cabinetoffice.gov.uk/BpB93Ch9,South Tyneside Council,Unknown,6,1028749.8,158280.0,1.289132976648229
ID:GB-SRS-sid4gov.cabinetoffice.gov.uk/BrDN7r9u,South Wales Police,Open,1,594000.0,594000.0,100.0
ID:GB-SRS-sid4gov.cabinetoffice.gov.uk/BvbT8Gg5,ACTION FOR CHILDREN,Selective,1,10000.0,10000.0,100.0
ID:GB-SRS-sid4gov.cabinetoffice.gov.uk/BxeD58qn,FCDO Services,Direct,1,10000.0,10000.0,0.0279147432879324
ID:GB-SRS-sid4gov.cabinetoffice.gov.uk/BxeD58qn,FCDO Services,Limited,21,706369.45,18216.03,1.9718121863188016
ID:GB-SRS-sid4gov.cabinetoffice.gov.uk/BxeD58qn,FCDO Services,Open,14,4279970.47,197292.375,11.94742769499815
ID:GB-SRS-sid4gov.cabinetoffice.gov.uk/BxeD58qn,FCDO Services,Selective,268,29134793.23,36427.9,81.32902737624417
ID:GB-SRS-sid4gov.cabinetoffice.gov.uk/BxeD58qn,FCDO Services,Unknown,17,1692230.5,73672.55,4.723817999150954
ID:GB-SRS-sid4gov.cabinetoffice.gov.uk/By5B2FN2,Northumberland County Council,Open,7,1835692.38,102893.52,5.0329773466654775
ID:GB-SRS-sid4gov.cabinetoffice.gov.uk/By5B2FN2,Northumberland County Council,Selective,42,29567763.37,191272.17,81.06689598655703
ID:GB-SRS-sid4gov.cabinetoffice.gov.uk/By5B2FN2,Northumberland County Council,Unknown,10,5069833.39,225155.865,13.900126666777494
ID:GB-SRS-sid4gov.cabinetoffice.gov.uk/C958szYN,CIRRUS PURCHASING LTD,Open,2,950000000.0,475000000.0,99.54533975872305
ID:GB-SRS-sid4gov.cabinetoffice.gov.uk/C958szYN,CIRRUS PURCHASING LTD,Selective,2,4339000.0,2169500.0,0.4546602412769466
ID:GB-SRS-sid4gov.cabinetoffice.gov.uk/C9my3yKd,St Helens College,Limited,1,62008.0,62008.0,0.5869641322536171
ID:GB-SRS-sid4gov.cabinetoffice.gov.uk/C9my3yKd,St Helens College,Selective,17,10502180.95,326443.58,99.41303586774636
ID:GB-SRS-sid4gov.cabinetoffice.gov.uk/CBsm42sB,Yate Town Council,Open,1,135422.84,135422.84,100.0
ID:GB-SRS-sid4gov.cabinetoffice.gov.uk/CBxa343K,Government Actuary's Department,Direct,4,126344.34,31808.5,32.87893913712118
ID:GB-SRS-sid4gov.cabinetoffice.gov.uk/CBxa343K,Government Actuary's Department,Selective,4,257927.0,34195.0,67.12106086287882
ID:GB-SRS-sid4gov.cabinetoffice.gov.uk/CHD5h3B6,Nottinghamshire Police,Direct,3,127392.08,43405.8,2.3119414895219954
ID:GB-SRS-sid4gov.cabinetoffice.gov.uk/CHD5h3B6,Nottinghamshire Police,Limited,1,43912.0,43912.0,0.7969253244620063
ID:GB-SRS-sid4gov.cabinetoffice.gov.uk/CHD5h3B6,Nottinghamshire Police,Selective,9,4715128.43,40148.03,85.57126193199535
ID:GB-SRS-sid4gov.cabinetoffice.gov.uk/CHD5h3B6,Nottinghamshire Police,Unknown,6,623745.0,57346.5,11.319871254020637
ID:GB-SRS-sid4gov.cabinetoffice.gov.uk/CJkP475H,Saltash Town Council,Open,1,58888.0,58888.0,100.0
ID:GB-SRS-sid4gov.cabinetoffice.gov.uk/CKS38zAq,The University of Hertfordshire,Open,1,2100000.0,2100000.0,100.0
ID:GB-SRS-sid4gov.cabinetoffice.gov.uk/CTBx52mg,London Borough of Islington,Selective,2,303086.26,151543.13,100.0
ID:GB-SRS-sid4gov.cabinetoffice.gov.uk/CkD254kv,"Ministry of Housing, Communities and Local Government",Direct,5,167771.29,14000.0,0.0639200223090645
ID:GB-SRS-sid4gov.cabinetoffice.gov.uk/CkD254kv,"Ministry of Housing, Communities and Local Government",Open,2,37210299.0,18605149.5,14.176937795536787
ID:GB-SRS-sid4gov.cabinetoffice.gov.uk/CkD254kv,"Ministry of Housing, Communities and Local Government",Selective,34,157899050.14,1065200.0,60.15874830269772
ID:GB-SRS-sid4gov.cabinetoffice.gov.uk/CkD254kv,"Ministry of Housing, Communities and Local Government",Unknown,4,67193517.0,10433320.0,25.600393879456437
ID:GB-SRS-sid4gov.cabinetoffice.gov.uk/Ckws234Y,Bedford College,Open,1,1459875.35,1459875.35,100.0
ID:GB-SRS-sid4gov.cabinetoffice.gov.uk/CsAa8ngp,ST ALBANS CITY & DISTRICT,Open,7,2246672.47,106718.0,26.43444601574988
ID:GB-SRS-sid4gov.cabinetoffice.gov.uk/CsAa8ngp,ST ALBANS CITY & DISTRICT,Selective,19,6252361.21,144000.0,73.56555398425013
ID:GB-SRS-sid4gov.cabinetoffice.gov.uk/CxvD75Ad,The NHS Commercial Procurement Collaborative,Selective,1,44700.0,44700.0,100.0
ID:GB-SRS-sid4gov.cabinetoffice.gov.uk/D2F85Eq6,NORTHUMBRIA HEALTHCARE NHS FOUNDATION TRUST,Limited,2,183480.66,91740.33,11.0838851726675
ID:GB-SRS-sid4gov.cabinetoffice.gov.uk/D2F85Eq6,NORTHUMBRIA HEALTHCARE NHS FOUNDATION TRUST,Selective,18,1471901.52,43746.175,88.9161148273325
ID:GB-SRS-sid4gov.cabinetoffice.gov.uk/D6XFn2BT,DEPARTMENT FOR COMMUNITIES,Selective,1,48600.0,48600.0,100.0
ID:GB-SRS-sid4gov.cabinetoffice.gov.uk/D6sqG9HY,UNIVERSITY OF KEELE,Direct,1,25074.0,25074.0,0.4756245924569308
ID:GB-SRS-sid4gov.cabinetoffice.gov.uk/D6sqG9HY,UNIVERSITY OF KEELE,Selective,20,5246730.78,245045.295,99.52437540754306
ID:GB-SRS-sid4gov.cabinetoffice.gov.uk/DBNM9nac,HOUSING 21,Selective,2,550000.0,275000.0,100.0
ID:GB-SRS-sid4gov.cabinetoffice.gov.uk/DFD86Axq,Mid Sussex District Council,Limited,1,73482.19,73482.19,14.42884950300398
ID:GB-SRS-sid4gov.cabinetoffice.gov.uk/DFD86Axq,Mid Sussex District Council,Selective,5,435790.5,44086.5,85.57115049699601
ID:GB-SRS-sid4gov.cabinetoffice.gov.uk/DMby468m,HEART ACADEMIES TRUST,Selective,14,15234306.51,246337.76,100.0
ID:GB-SRS-sid4gov.cabinetoffice.gov.uk/DN5j3cN6,UNIVERSITY OF SALFORD(THE),Limited,2,27480.4,13740.2,0.2834412937908298
ID:GB-SRS-sid4gov.cabinetoffice.gov.uk/DN5j3cN6,UNIVERSITY OF SALFORD(THE),Open,24,3571241.28,41794.3,36.834880454521
ID:GB-SRS-sid4gov.cabinetoffice.gov.uk/DN5j3cN6,UNIVERSITY OF SALFORD(THE),Selective,15,6096548.77,183672.0,62.88167825168818
ID:GB-SRS-sid4gov.cabinetoffice.gov.uk/DsSA2beK,NOTTINGHAM TRENT UNIVERSITY,Selective,18,31073805.44,294738.0,100.0
ID:GB-SRS-sid4gov.cabinetoffice.gov.uk/DtDz55Ds,AWE PLC,Selective,1,42000000.0,42000000.0,100.0
ID:GB-SRS-sid4gov.cabinetoffice.gov.uk/DuH58JU7,Warrington Borough Council,Direct,1,55000.0,55000.0,100.0
ID:GB-SRS-sid4gov.cabinetoffice.gov.uk/DvB84NBq,ENERGY SYSTEMS CATAPULT LIMITED,Open,1,39725.0,39725.0,100.0
ID:GB-SRS-sid4gov.cabinetoffice.gov.uk/EDZF88w3,BRISTOL WASTE COMPANY,Selective,1,400000.0,400000.0,100.0
ID:GB-SRS-sid4gov.cabinetoffice.gov.uk/EM5q33BA,"The Board of Trustees of the Royal Botanic Gardens, Kew",Direct,19,769163.18,30000.0,29.080856625273704
ID:GB-SRS-sid4gov.cabinetoffice.gov.uk/EM5q33BA,"The Board of Trustees of the Royal Botanic Gardens, Kew",Selective,16,1875749.21,30125.0,70.91914337472629
ID:GB-SRS-sid4gov.cabinetoffice.gov.uk/EQQe36T5,ESSEX COUNTY COUNCIL,Direct,3,200682.4,58800.0,1.240816585479137
ID:GB-SRS-sid4gov.cabinetoffice.gov.uk/EQQe36T5,ESSEX COUNTY COUNCIL,Selective,20,15972731.33,154350.0,98.75918341452086
ID:GB-SRS-sid4gov.cabinetoffice.gov.uk/EWxF9D9q,Cambridge Regional College,Limited,2,167224.0,83612.0,100.0
ID:GB-SRS-sid4gov.cabinetoffice.gov.uk/EerK53Bv,YORK AND SCARBOROUGH TEACHING HOSPITALS NHS FOUNDATION TRUST,Direct,1,6899955.0,6899955.0,43.674424989372646
ID:GB-SRS-sid4gov.cabinetoffice.gov.uk/EerK53Bv,YORK AND SCARBOROUGH TEACHING HOSPITALS NHS FOUNDATION TRUST,Open,1,153120.0,153120.0,0.9691987780170652
ID:GB-SRS-sid4gov.cabinetoffice.gov.uk/EerK53Bv,YORK AND SCARBOROUGH TEACHING HOSPITALS NHS FOUNDATION TRUST,Selective,19,8745541.7,260071.0,55.35637623261028
ID:GB-SRS-sid4gov.cabinetoffice.gov.uk/Ehru64hJ,FRIMLEY HEALTH NHS FOUNDATION TRUST,Direct,3,126018.89,46427.9,0.1715425280321782
ID:GB-SRS-sid4gov.cabinetoffice.gov.uk/Ehru64hJ,FRIMLEY HEALTH NHS FOUNDATION TRUST,Open,1,36000.0,36000.0,0.0490048040350015
ID:GB-SRS-sid4gov.cabinetoffice.gov.uk/Ehru64hJ,FRIMLEY HEALTH NHS FOUNDATION TRUST,Selective,43,73191573.52,210840.96,99.6316310378058
ID:GB-SRS-sid4gov.cabinetoffice.gov.uk/Ehru64hJ,FRIMLEY HEALTH NHS FOUNDATION TRUST,Unknown,1,108593.0,108593.0,0.1478216301270256
ID:GB-SRS-sid4gov.cabinetoffice.gov.uk/Ev8V4WuH,Army Commercial,Selective,3,9964200.0,1530000.0,100.0
ID:GB-SRS-sid4gov.cabinetoffice.gov.uk/EwV836Jh,CHESHIRE EAST COUNCIL,Unknown,2,160000.0,80000.0,100.0
ID:GB-SRS-sid4gov.cabinetoffice.gov.uk/F4D2BN9D,TRIDENT HOUSING ASSOCIATION LIMITED,Open,2,3512306.89,1756153.445,100.0
ID:GB-SRS-sid4gov.cabinetoffice.gov.uk/F8M5r6jA,Suffolk Constabulary,Limited,10,186071.0,17187.0,69.12814082374652
ID:GB-SRS-sid4gov.cabinetoffice.gov.uk/F8M5r6jA,Suffolk Constabulary,Selective,2,83097.24,41548.62,30.871859176253487
ID:GB-SRS-sid4gov.cabinetoffice.gov.uk/FDEK7nf7,"NHS SOUTH, CENTRAL AND WEST COMMISSIONING SUPPORT UNIT",Direct,4,228574.33,44522.5,0.2559050046060606
ID:GB-SRS-sid4gov.cabinetoffice.gov.uk/FDEK7nf7,"NHS SOUTH, CENTRAL AND WEST COMMISSIONING SUPPORT UNIT",Limited,9,305848.46,29997.0,0.3424188165182702
ID:GB-SRS-sid4gov.cabinetoffice.gov.uk/FDEK7nf7,"NHS SOUTH, CENTRAL AND WEST COMMISSIONING SUPPORT UNIT",Open,8,8371159.66,138245.5,9.372100757553874
ID:GB-SRS-sid4gov.cabinetoffice.gov.uk/FDEK7nf7,"NHS SOUTH, CENTRAL AND WEST COMMISSIONING SUPPORT UNIT",Selective,100,44268786.97,92516.915,49.56201395608407
ID:GB-SRS-sid4gov.cabinetoffice.gov.uk/FDEK7nf7,"NHS SOUTH, CENTRAL AND WEST COMMISSIONING SUPPORT UNIT",Unknown,7,36145622.72,8716244.0,40.46756146523772
ID:GB-SRS-sid4gov.cabinetoffice.gov.uk/FNAZ5vW9,Merseyside Fire & Rescue Service,Selective,10,11422834.15,60500.0,100.0
ID:GB-SRS-sid4gov.cabinetoffice.gov.uk/FP92DXxB,Durham Constabulary,Direct,1,670000.0,670000.0,26.320754337105416
ID:GB-SRS-sid4gov.cabinetoffice.gov.uk/FP92DXxB,Durham Constabulary,Selective,17,1875160.95,110318.02,73.66515030967645
ID:GB-SRS-sid4gov.cabinetoffice.gov.uk/FP92DXxB,Durham Constabulary,Unknown,1,358.8,358.8,0.0140953532181394
ID:GB-SRS-sid4gov.cabinetoffice.gov.uk/FY63t84q,Newcastle City Council,Limited,5,380999.01,90000.0,45.84831093842097
ID:GB-SRS-sid4gov.cabinetoffice.gov.uk/FY63t84q,Newcastle City Council,Open,2,450000.0,225000.0,54.15168906157902
ID:GB-SRS-sid4gov.cabinetoffice.gov.uk/FaFM4kCW,London Borough of Lambeth,Open,1,77306.5,77306.5,100.0
ID:GB-SRS-sid4gov.cabinetoffice.gov.uk/Fbv2WwmD,Skegness Town Council,Limited,1,70480.0,70480.0,100.0
ID:GB-SRS-sid4gov.cabinetoffice.gov.uk/Fcd7QEeR,Dunstable Town Council,Direct,1,87946.29,87946.29,21.54710369842053
ID:GB-SRS-sid4gov.cabinetoffice.gov.uk/Fcd7QEeR,Dunstable Town Council,Open,2,216575.0,108287.5,53.06152179341991
ID:GB-SRS-sid4gov.cabinetoffice.gov.uk/Fcd7QEeR,Dunstable Town Council,Selective,2,103637.0,51818.5,25.39137450815957
ID:GB-SRS-sid4gov.cabinetoffice.gov.uk/FeyW4vK8,Westminster City Council,Open,1,140000.0,140000.0,100.0
ID:GB-SRS-sid4gov.cabinetoffice.gov.uk/FrqU3KsZ,Middlesbrough Council,Direct,1,35000.0,35000.0,0.320245431120882
ID:GB-SRS-sid4gov.cabinetoffice.gov.uk/FrqU3KsZ,Middlesbrough Council,Limited,6,524317.55,79185.0,4.797437138399848
ID:GB-SRS-sid4gov.cabinetoffice.gov.uk/FrqU3KsZ,Middlesbrough Council,Open,2,1613210.97,806605.485,14.760669787902469
ID:GB-SRS-sid4gov.cabinetoffice.gov.uk/FrqU3KsZ,Middlesbrough Council,Selective,20,5543661.14,119000.0,50.723775764782296
ID:GB-SRS-sid4gov.cabinetoffice.gov.uk/FrqU3KsZ,Middlesbrough Council,Unknown,26,3212928.01,71463.65,29.3978718777945
ID:GB-SRS-sid4gov.cabinetoffice.gov.uk/FsxA95bk,Northern Lighthouse Board,Direct,1,37180.99,37180.99,20.88808045393456
ID:GB-SRS-sid4gov.cabinetoffice.gov.uk/FsxA95bk,Northern Lighthouse Board,Selective,1,140820.0,140820.0,79.11191954606545
ID:GB-SRS-sid4gov.cabinetoffice.gov.uk/Fsya8PkT,Crawley Borough Council,Selective,10,2311971.1,181250.0,100.0
ID:GB-SRS-sid4gov.cabinetoffice.gov.uk/FxGd77hQ,Nursing And Midwifery Council,Direct,3,258240.0,52080.0,1.8898042192247304
ID:GB-SRS-sid4gov.cabinetoffice.gov.uk/FxGd77hQ,Nursing And Midwifery Council,Limited,3,478498.46,149698.46,3.501658955237515
ID:GB-SRS-sid4gov.cabinetoffice.gov.uk/FxGd77hQ,Nursing And Midwifery Council,Open,2,7486665.0,3743332.5,54.78752751286445
ID:GB-SRS-sid4gov.cabinetoffice.gov.uk/FxGd77hQ,Nursing And Midwifery Council,Selective,14,5385104.12,117945.0,39.40827326107683
ID:GB-SRS-sid4gov.cabinetoffice.gov.uk/FxGd77hQ,Nursing And Midwifery Council,Unknown,1,56400.0,56400.0,0.4127360515964792
ID:GB-SRS-sid4gov.cabinetoffice.gov.uk/G3ZV25Cu,WESTWORKS PROCUREMENT LIMITED,Selective,28,145936994.75,2000000.0,100.0
ID:GB-SRS-sid4gov.cabinetoffice.gov.uk/GmAU8MMB,General Dental Council,Selective,3,340693.0,120000.0,100.0
ID:GB-SRS-sid4gov.cabinetoffice.gov.uk/H2Ez4838,Ministry Of Justice,Selective,2,137570.0,68785.0,100.0
ID:GB-SRS-sid4gov.cabinetoffice.gov.uk/HD6Z2kJf,Walsall Metro Borough Council,Unknown,2,991985.0,495992.5,100.0
ID:GB-SRS-sid4gov.cabinetoffice.gov.uk/HGBf2puV,London Borough of Bromley Council,Direct,1,71600.0,71600.0,20.415102328561968
ID:GB-SRS-sid4gov.cabinetoffice.gov.uk/HGBf2puV,London Borough of Bromley Council,Open,1,91260.75,91260.75,26.020915500437315
ID:GB-SRS-sid4gov.cabinetoffice.gov.uk/HGBf2puV,London Borough of Bromley Council,Selective,1,187860.0,187860.0,53.56398217100071
ID:GB-SRS-sid4gov.cabinetoffice.gov.uk/HHz44pYB,THE UNIVERSITY OF BIRMINGHAM,Selective,18,7575749.33,119800.25,34.03395616457236
ID:GB-SRS-sid4gov.cabinetoffice.gov.uk/HHz44pYB,THE UNIVERSITY OF BIRMINGHAM,Unknown,18,14683635.66,280613.12,65.96604383542764
ID:GB-SRS-sid4gov.cabinetoffice.gov.uk/J6en85rb,MOAT HOMES LIMITED,Limited,1,36942.0,36942.0,7.87157573830435
ID:GB-SRS-sid4gov.cabinetoffice.gov.uk/J6en85rb,MOAT HOMES LIMITED,Selective,4,323726.8,70793.4,68.9794820182693
ID:GB-SRS-sid4gov.cabinetoffice.gov.uk/J6en85rb,MOAT HOMES LIMITED,Unknown,2,108640.03,54320.015,23.14894224342636
ID:GB-SRS-sid4gov.cabinetoffice.gov.uk/J8A7z2D3,ROOFTOP HOUSING GROUP LIMITED,Limited,6,1899013.31,100000.0,5.2399451787146765
ID:GB-SRS-sid4gov.cabinetoffice.gov.uk/J8A7z2D3,ROOFTOP HOUSING GROUP LIMITED,Open,2,173628.27,86814.135,0.4790922799140729
ID:GB-SRS-sid4gov.cabinetoffice.gov.uk/J8A7z2D3,ROOFTOP HOUSING GROUP LIMITED,Selective,19,34006449.6,298063.0,93.8339561331056
ID:GB-SRS-sid4gov.cabinetoffice.gov.uk/J8A7z2D3,ROOFTOP HOUSING GROUP LIMITED,Unknown,1,162000.0,162000.0,0.4470064082656575
ID:GB-SRS-sid4gov.cabinetoffice.gov.uk/JF9Hs7eD,Stroud District Council,Selective,20,24362736.0,281315.5,100.0
ID:GB-SRS-sid4gov.cabinetoffice.gov.uk/JVDD5xhn,Worcestershire County Council,Limited,1,29582.0,29582.0,0.5696654283995617
ID:GB-SRS-sid4gov.cabinetoffice.gov.uk/JVDD5xhn,Worcestershire County Council,Open,3,972733.37,378886.0,18.73208613141773
ID:GB-SRS-sid4gov.cabinetoffice.gov.uk/JVDD5xhn,Worcestershire County Council,Selective,20,3716563.2,118508.585,71.5704674295871
ID:GB-SRS-sid4gov.cabinetoffice.gov.uk/JVDD5xhn,Worcestershire County Council,Unknown,5,473994.04,31926.0,9.127781010595596
ID:GB-SRS-sid4gov.cabinetoffice.gov.uk/JYFy743W,UNIVERSITY OF SHEFFIELD,Open,12,8341579.09,292051.0,23.27660886048287
ID:GB-SRS-sid4gov.cabinetoffice.gov.uk/JYFy743W,UNIVERSITY OF SHEFFIELD,Selective,15,22497772.33,209600.0,62.77850285989488
ID:GB-SRS-sid4gov.cabinetoffice.gov.uk/JYFy743W,UNIVERSITY OF SHEFFIELD,Unknown,22,4997394.13,119080.0,13.944888279622257
ID:GB-SRS-sid4gov.cabinetoffice.gov.uk/Jnfz893t,SANDWELL METROPOLITAN BOROUGH COUNCIL,Direct,1,24120.0,24120.0,0.1730867241623592
ID:GB-SRS-sid4gov.cabinetoffice.gov.uk/Jnfz893t,SANDWELL METROPOLITAN BOROUGH COUNCIL,Selective,5,13326644.87,288540.0,95.63288990975994
ID:GB-SRS-sid4gov.cabinetoffice.gov.uk/Jnfz893t,SANDWELL METROPOLITAN BOROUGH COUNCIL,Unknown,2,584446.0,292223.0,4.194023366077704
ID:GB-SRS-sid4gov.cabinetoffice.gov.uk/K9JE9e8E,IN-TEND LIMITED,Open,5,223141573.14,2412323.14,100.0
ID:GB-SRS-sid4gov.cabinetoffice.gov.uk/K9JE9e8E,IN-TEND LIMITED,Selective,1,0.0,0.0,0.0
ID:GB-SRS-sid4gov.cabinetoffice.gov.uk/KBjk77yF,DUE NORTH LIMITED,Open,1,2200000.0,2200000.0,17.912981488016552
ID:GB-SRS-sid4gov.cabinetoffice.gov.uk/KBjk77yF,DUE NORTH LIMITED,Selective,3,8157366.0,717000.0,66.4194300677162
ID:GB-SRS-sid4gov.cabinetoffice.gov.uk/KBjk77yF,DUE NORTH LIMITED,Unknown,8,1924229.9,77907.0,15.667588444267247
ID:GB-SRS-sid4gov.cabinetoffice.gov.uk/KFNB2fRf,SKILLS FOR CARE LTD,Selective,1,797100.0,797100.0,100.0
ID:GB-SRS-sid4gov.cabinetoffice.gov.uk/KY8v3A46,BIRKBECK COLLEGE,Limited,1,36446.04,36446.04,1.3624424275156546
ID:GB-SRS-sid4gov.cabinetoffice.gov.uk/KY8v3A46,BIRKBECK COLLEGE,Selective,11,2638605.71,106389.69,98.63755757248434
ID:GB-SRS-sid4gov.cabinetoffice.gov.uk/Kcgf3566,Surrey Heath Borough Council,Direct,1,2308952.0,2308952.0,61.28274826454013
ID:GB-SRS-sid4gov.cabinetoffice.gov.uk/Kcgf3566,Surrey Heath Borough Council,Selective,10,1458751.09,97500.0,38.71725173545987
ID:GB-SRS-sid4gov.cabinetoffice.gov.uk/Kq65T8D6,Gateshead College,Selective,5,1255357.0,247000.0,48.9349825384927
ID:GB-SRS-sid4gov.cabinetoffice.gov.uk/Kq65T8D6,Gateshead College,Unknown,1,1310000.0,1310000.0,51.06501746150731
ID:GB-SRS-sid4gov.cabinetoffice.gov.uk/M99Zf5EZ,Great Baddow Parish Council,Open,2,86868.94,43434.47,100.0
ID:GB-SRS-sid4gov.cabinetoffice.gov.uk/MBG33r8d,National Museums Liverpool,Direct,1,52005.0,52005.0,3.372708076080979
ID:GB-SRS-sid4gov.cabinetoffice.gov.uk/MBG33r8d,National Museums Liverpool,Selective,6,1489931.0,110000.0,96.62729192391902
ID:GB-SRS-sid4gov.cabinetoffice.gov.uk/MKFy2398,The Charity Commission For England And Wales,Limited,1,40000.0,40000.0,0.4829525711115062
ID:GB-SRS-sid4gov.cabinetoffice.gov.uk/MKFy2398,The Charity Commission For England And Wales,Selective,19,8242386.8,118200.0,99.51704742888847
ID:GB-SRS-sid4gov.cabinetoffice.gov.uk/MRzh33bf,Care Quality Commission,Selective,2,113952.5,56976.25,100.0
ID:GB-SRS-sid4gov.cabinetoffice.gov.uk/Mdj94B2D,AMEY DEFENCE SERVICES LIMITED,Limited,3,2993090.34,1123624.77,61.130132090896105
ID:GB-SRS-sid4gov.cabinetoffice.gov.uk/Mdj94B2D,AMEY DEFENCE SERVICES LIMITED,Open,2,1903169.88,951584.94,38.8698679091039
ID:GB-SRS-sid4gov.cabinetoffice.gov.uk/MqtS495J,SELLAFIELD LIMITED,Open,1,4999999.0,4999999.0,100.0
ID:GB-SRS-sid4gov.cabinetoffice.gov.uk/N39T6fym,BROMFORD FLAGSHIP LIMITED,Selective,14,11611372.74,415000.0,97.07391444437172
ID:GB-SRS-sid4gov.cabinetoffice.gov.uk/N39T6fym,BROMFORD FLAGSHIP LIMITED,Unknown,1,350000.0,350000.0,2.9260855556282914
ID:GB-SRS-sid4gov.cabinetoffice.gov.uk/N5ZR4rJX,Witney Town Council,Open,1,1949508.34,1949508.34,100.0
ID:GB-SRS-sid4gov.cabinetoffice.gov.uk/NDfF5Gvb,Government Legal Department,Direct,16,931804.53,33552.0,1.5706853004906474
ID:GB-SRS-sid4gov.cabinetoffice.gov.uk/NDfF5Gvb,Government Legal Department,Limited,3,16819000.0,37000.0,28.350748701503093
ID:GB-SRS-sid4gov.cabinetoffice.gov.uk/NDfF5Gvb,Government Legal Department,Open,1,22500.0,22500.0,0.0379268592534526
ID:GB-SRS-sid4gov.cabinetoffice.gov.uk/NDfF5Gvb,Government Legal Department,Selective,70,41256407.41,102000.0,69.54337587298531
ID:GB-SRS-sid4gov.cabinetoffice.gov.uk/NDfF5Gvb,Government Legal Department,Unknown,1,295000.0,295000.0,0.4972632657674899
ID:GB-SRS-sid4gov.cabinetoffice.gov.uk/NGYE67fS,THE ASSOCIATION OF NORTH EAST COUNCILS LIMITED,Open,5,2440000000.0,120000000.0,59.295261239368166
ID:GB-SRS-sid4gov.cabinetoffice.gov.uk/NGYE67fS,THE ASSOCIATION OF NORTH EAST COUNCILS LIMITED,Selective,2,1675000000.0,837500000.0,40.70473876063184
ID:GB-SRS-sid4gov.cabinetoffice.gov.uk/NpP42VjX,NOTTINGHAMSHIRE FIRE AND RESCUE SERVICE,Direct,1,69252.81,69252.81,2.915751542021577
ID:GB-SRS-sid4gov.cabinetoffice.gov.uk/NpP42VjX,NOTTINGHAMSHIRE FIRE AND RESCUE SERVICE,Open,1,32568.67,32568.67,1.3712389399663625
ID:GB-SRS-sid4gov.cabinetoffice.gov.uk/NpP42VjX,NOTTINGHAMSHIRE FIRE AND RESCUE SERVICE,Selective,19,2273305.79,100000.0,95.71300951801206
ID:GB-SRS-sid4gov.cabinetoffice.gov.uk/NsBK36A7,DRIVER & VEHICLE LICENSING AGENCY,Selective,2,4016470.0,2008235.0,100.0
ID:GB-SRS-sid4gov.cabinetoffice.gov.uk/PFEA6gBq,HULL UNIVERSITY TEACHING HOSPITALS NHS TRUST,Direct,6,295401.75,46082.6,2.9779286380364685
ID:GB-SRS-sid4gov.cabinetoffice.gov.uk/PFEA6gBq,HULL UNIVERSITY TEACHING HOSPITALS NHS TRUST,Selective,50,9169813.03,80198.525,92.44037595402516
ID:GB-SRS-sid4gov.cabinetoffice.gov.uk/PFEA6gBq,HULL UNIVERSITY TEACHING HOSPITALS NHS TRUST,Unknown,2,454490.69,227245.345,4.581695407938358
ID:GB-SRS-sid4gov.cabinetoffice.gov.uk/PZ5GeVSs,KIER TRANSPORTATION LIMITED,Selective,9,6492247.07,525079.0,100.0
ID:GB-SRS-sid4gov.cabinetoffice.gov.uk/PcyK284P,COMMISSION FOR LOCAL ADMINISTRATION IN ENGLAND,Selective,1,9000.0,9000.0,100.0
ID:GB-SRS-sid4gov.cabinetoffice.gov.uk/PdZ75VAM,Salford City Council,Limited,6,748212.34,118729.5,4.589981444033104
ID:GB-SRS-sid4gov.cabinetoffice.gov.uk/PdZ75VAM,Salford City Council,Open,2,8458800.0,4229400.0,51.89133213011059
ID:GB-SRS-sid4gov.cabinetoffice.gov.uk/PdZ75VAM,Salford City Council,Selective,9,7093976.0,94979.0,43.51868642585631
ID:GB-SRS-sid4gov.cabinetoffice.gov.uk/Pesn8463,"Department for Culture, Media and Sport",Direct,15,547415.25,19749.7,1.2752306807768594
ID:GB-SRS-sid4gov.cabinetoffice.gov.uk/Pesn8463,"Department for Culture, Media and Sport",Open,1,1598500.0,1598500.0,3.7237841715622815
ID:GB-SRS-sid4gov.cabinetoffice.gov.uk/Pesn8463,"Department for Culture, Media and Sport",Selective,58,40780847.59,130255.15,95.00098514766086
ID:GB-SRS-sid4gov.cabinetoffice.gov.uk/Ps8A39FZ,Fylde Borough Council,Unknown,1,58081.16,58081.16,100.0
ID:GB-SRS-sid4gov.cabinetoffice.gov.uk/Q299225t,Education Authority,Selective,5,7466704.42,800000.0,100.0
ID:GB-SRS-sid4gov.cabinetoffice.gov.uk/QWXw2992,Bolsover Town Council,Open,1,149759.0,149759.0,100.0
ID:GB-SRS-sid4gov.cabinetoffice.gov.uk/QZBv68ZS,DE MONTFORT UNIVERSITY,Selective,6,546029.0,62587.8,100.0
ID:GB-SRS-sid4gov.cabinetoffice.gov.uk/Qb5r4G7w,Petroc,Open,2,225664.0,112832.0,60.09133636012622
ID:GB-SRS-sid4gov.cabinetoffice.gov.uk/Qb5r4G7w,Petroc,Selective,1,149871.0,149871.0,39.90866363987378
ID:GB-SRS-sid4gov.cabinetoffice.gov.uk/Qcy76AyS,HM Government of Gibraltar,Limited,4,7243550.0,1772825.0,2.604948932534268
ID:GB-SRS-sid4gov.cabinetoffice.gov.uk/Qcy76AyS,HM Government of Gibraltar,Open,7,269811240.89,3990180.18,97.0303931003654
ID:GB-SRS-sid4gov.cabinetoffice.gov.uk/Qcy76AyS,HM Government of Gibraltar,Unknown,1,1014000.0,1014000.0,0.364657967100351
ID:GB-SRS-sid4gov.cabinetoffice.gov.uk/QfDr2jb7,Department For Education,Selective,6,39791940.09,1568765.685,100.0
ID:GB-SRS-sid4gov.cabinetoffice.gov.uk/Qn752tMx,Surrey County Council,Direct,1,196966.61,196966.61,0.1881680523084043
ID:GB-SRS-sid4gov.cabinetoffice.gov.uk/Qn752tMx,Surrey County Council,Limited,1,458542.0,458542.0,0.4380587909879769
ID:GB-SRS-sid4gov.cabinetoffice.gov.uk/Qn752tMx,Surrey County Council,Open,1,1792000.0,1792000.0,1.7119508211907626
ID:GB-SRS-sid4gov.cabinetoffice.gov.uk/Qn752tMx,Surrey County Council,Selective,18,98473102.5,331150.0,94.0742794029448
ID:GB-SRS-sid4gov.cabinetoffice.gov.uk/Qn752tMx,Surrey County Council,Unknown,15,3755293.0,0.0,3.5875429325680366
ID:GB-SRS-sid4gov.cabinetoffice.gov.uk/Qv523Vc3,Sunderland City Council,Direct,1,31500.0,31500.0,0.1083898421280581
ID:GB-SRS-sid4gov.cabinetoffice.gov.uk/Qv523Vc3,Sunderland City Council,Limited,5,2842466.77,78978.48,9.78077855411274
ID:GB-SRS-sid4gov.cabinetoffice.gov.uk/Qv523Vc3,Sunderland City Council,Open,3,7819400.0,219400.0,26.906143858290083
ID:GB-SRS-sid4gov.cabinetoffice.gov.uk/Qv523Vc3,Sunderland City Council,Selective,23,17430300.12,99764.74,59.97674534131659
ID:GB-SRS-sid4gov.cabinetoffice.gov.uk/Qv523Vc3,Sunderland City Council,Unknown,13,938097.0,52370.0,3.2279424041525373
ID:GB-SRS-sid4gov.cabinetoffice.gov.uk/QzPW279j,YORK AND SCARBOROUGH TEACHING HOSPITALS NHS FOUNDATION TRUST,Selective,2,578415.0,289207.5,100.0
ID:GB-SRS-sid4gov.cabinetoffice.gov.uk/R7P26Eu7,HAMPSHIRE COUNTY COUNCIL,Direct,24,797083.76,11605.0,0.0130975340295437
ID:GB-SRS-sid4gov.cabinetoffice.gov.uk/R7P26Eu7,HAMPSHIRE COUNTY COUNCIL,Limited,19,2371011.2,59800.0,0.0389600208093931
ID:GB-SRS-sid4gov.cabinetoffice.gov.uk/R7P26Eu7,HAMPSHIRE COUNTY COUNCIL,Open,6,21528000.0,2808000.0,0.3537441442641077
ID:GB-SRS-sid4gov.cabinetoffice.gov.uk/R7P26Eu7,HAMPSHIRE COUNTY COUNCIL,Selective,232,6056958354.71,33035.09,99.52682785350366
ID:GB-SRS-sid4gov.cabinetoffice.gov.uk/R7P26Eu7,HAMPSHIRE COUNTY COUNCIL,Unknown,1,4100000.0,4100000.0,0.0673704473932944
ID:GB-SRS-sid4gov.cabinetoffice.gov.uk/RB7A9pB4,"Foreign, Commonwealth and Development Office",Direct,1,11475.0,11475.0,12.262890729361477
ID:GB-SRS-sid4gov.cabinetoffice.gov.uk/RB7A9pB4,"Foreign, Commonwealth and Development Office",Selective,3,82100.0,20100.0,87.73710927063853
ID:GB-SRS-sid4gov.cabinetoffice.gov.uk/REpa74xM,Defence Infrastructure Organisation,Selective,1,1896507.0,1896507.0,100.0
ID:GB-SRS-sid4gov.cabinetoffice.gov.uk/RTDJ3wZJ,THE GUINNESS PARTNERSHIP LIMITED,Direct,1,78840.0,78840.0,0.0842498552793943
ID:GB-SRS-sid4gov.cabinetoffice.gov.uk/RTDJ3wZJ,THE GUINNESS PARTNERSHIP LIMITED,Selective,16,93499955.76,954996.0,99.9157501447206
ID:GB-SRS-sid4gov.cabinetoffice.gov.uk/RTZp9527,Cambridgeshire County Council,Direct,2,92470.0,46235.0,0.3309410510098692
ID:GB-SRS-sid4gov.cabinetoffice.gov.uk/RTZp9527,Cambridgeshire County Council,Limited,7,956000.0,47000.0,3.421430136968044
ID:GB-SRS-sid4gov.cabinetoffice.gov.uk/RTZp9527,Cambridgeshire County Council,Selective,52,26643062.1,189061.825,95.35290335779403
ID:GB-SRS-sid4gov.cabinetoffice.gov.uk/RTZp9527,Cambridgeshire County Council,Unknown,2,250000.0,125000.0,0.894725454228045
ID:GB-SRS-sid4gov.cabinetoffice.gov.uk/RbBZ7gna,Rodborough Parish Council,Open,1,411566.1,411566.1,100.0
ID:GB-SRS-sid4gov.cabinetoffice.gov.uk/S8gK7QeB,CASTLE POINT BOROUGH COUNCIL,Selective,5,2124500.0,258000.0,100.0
ID:GB-SRS-sid4gov.cabinetoffice.gov.uk/SBAc8X63,RUGBY BOROUGH COUNCIL,Unknown,9,1170514.44,140000.0,100.0
ID:GB-SRS-sid4gov.cabinetoffice.gov.uk/SCYu64qt,UNIVERSITY OF EAST ANGLIA,Direct,30,56000.0,0.0,0.6841520120287606
ID:GB-SRS-sid4gov.cabinetoffice.gov.uk/SCYu64qt,UNIVERSITY OF EAST ANGLIA,Limited,6,407200.0,78600.0,4.974762487466274
ID:GB-SRS-sid4gov.cabinetoffice.gov.uk/SCYu64qt,UNIVERSITY OF EAST ANGLIA,Open,1,352000.0,352000.0,4.300384075609353
ID:GB-SRS-sid4gov.cabinetoffice.gov.uk/SCYu64qt,UNIVERSITY OF EAST ANGLIA,Selective,29,7370115.4,120960.0,90.0407014248956
ID:GB-SRS-sid4gov.cabinetoffice.gov.uk/SCYu64qt,UNIVERSITY OF EAST ANGLIA,Unknown,1,0.0,0.0,0.0
ID:GB-SRS-sid4gov.cabinetoffice.gov.uk/SjTw969a,Welland Procurement Unit,Open,3,10854719.6,673663.36,33.69161427946235
ID:GB-SRS-sid4gov.cabinetoffice.gov.uk/SjTw969a,Welland Procurement Unit,Selective,12,3660139.63,119858.75,11.360589417983128
ID:GB-SRS-sid4gov.cabinetoffice.gov.uk/SjTw969a,Welland Procurement Unit,Unknown,23,17703008.13,49960.0,54.94779630255452
ID:GB-SRS-sid4gov.cabinetoffice.gov.uk/SqDt2446,NHS SHARED BUSINESS SERVICES LIMITED,Limited,1,59720.0,59720.0,21.4224476545433
ID:GB-SRS-sid4gov.cabinetoffice.gov.uk/SqDt2446,NHS SHARED BUSINESS SERVICES LIMITED,Selective,1,219053.0,219053.0,78.57755234545671
ID:GB-SRS-sid4gov.cabinetoffice.gov.uk/SuJp574A,High Peak Borough Council & Staffordshire Moorlands District Council,Open,9,320846.0,33740.0,4.199404322940206
ID:GB-SRS-sid4gov.cabinetoffice.gov.uk/SuJp574A,High Peak Borough Council & Staffordshire Moorlands District Council,Selective,13,7319428.08,57365.0,95.8005956770598
ID:GB-SRS-sid4gov.cabinetoffice.gov.uk/SxBx8DUB,Southwater Parish Council,Limited,1,23345.0,23345.0,50.70590790616855
ID:GB-SRS-sid4gov.cabinetoffice.gov.uk/SxBx8DUB,Southwater Parish Council,Open,1,22695.0,22695.0,49.29409209383145
ID:GB-SRS-sid4gov.cabinetoffice.gov.uk/T4Uh9Bwv,North London Waste Authority,Open,3,3000000.0,1000000.0,90.52354291042242
ID:GB-SRS-sid4gov.cabinetoffice.gov.uk/T4Uh9Bwv,North London Waste Authority,Selective,1,314055.0,314055.0,9.476457089577572
ID:GB-SRS-sid4gov.cabinetoffice.gov.uk/TB4XjFWh,JOHN INNES CENTRE,Selective,1,1867132.22,1867132.22,100.0
ID:GB-SRS-sid4gov.cabinetoffice.gov.uk/TaHF58vx,BRISTOL & WESTON NHS PURCHASING CONSORTIUM,Open,2,51050000.0,25525000.0,100.0
ID:GB-SRS-sid4gov.cabinetoffice.gov.uk/Tfe56Fbw,North Lincolnshire Council,Open,3,75151.0,26000.0,62.17249224405378
ID:GB-SRS-sid4gov.cabinetoffice.gov.uk/Tfe56Fbw,North Lincolnshire Council,Unknown,1,45724.0,45724.0,37.82750775594623
ID:GB-SRS-sid4gov.cabinetoffice.gov.uk/TpQv33FX,TRINITY MULTI ACADEMY TRUST,Selective,2,1271523.07,635761.535,100.0
ID:GB-SRS-sid4gov.cabinetoffice.gov.uk/U66Vt7Pe,Police and Crime Commissioner for Dyfed Powys,Open,3,263997.0,59852.0,7.391333562915242
ID:GB-SRS-sid4gov.cabinetoffice.gov.uk/U66Vt7Pe,Police and Crime Commissioner for Dyfed Powys,Selective,4,3307713.0,100842.5,92.60866643708476
ID:GB-SRS-sid4gov.cabinetoffice.gov.uk/U9ba2645,UNIVERSITY OF GLOUCESTERSHIRE,Direct,1,92370.0,92370.0,11.85334041684953
ID:GB-SRS-sid4gov.cabinetoffice.gov.uk/U9ba2645,UNIVERSITY OF GLOUCESTERSHIRE,Limited,3,293535.0,118127.0,37.66775229251842
ID:GB-SRS-sid4gov.cabinetoffice.gov.uk/U9ba2645,UNIVERSITY OF GLOUCESTERSHIRE,Selective,2,393369.0,196684.5,50.47890729063205
ID:GB-SRS-sid4gov.cabinetoffice.gov.uk/UJTr6753,LEEDS TRINITY UNIVERSITY,Direct,16,1014630.6,36905.0,28.188253403922044
ID:GB-SRS-sid4gov.cabinetoffice.gov.uk/UJTr6753,LEEDS TRINITY UNIVERSITY,Limited,1,51391.0,51391.0,1.427733926693082
ID:GB-SRS-sid4gov.cabinetoffice.gov.uk/UJTr6753,LEEDS TRINITY UNIVERSITY,Open,2,55500.0,27750.0,1.541889298349245
ID:GB-SRS-sid4gov.cabinetoffice.gov.uk/UJTr6753,LEEDS TRINITY UNIVERSITY,Selective,15,2227958.6,48891.6,61.89667608117416
ID:GB-SRS-sid4gov.cabinetoffice.gov.uk/UJTr6753,LEEDS TRINITY UNIVERSITY,Unknown,1,250000.0,250000.0,6.945447289861463
ID:GB-SRS-sid4gov.cabinetoffice.gov.uk/UMKB7mqB,INFORMATION COMMISSIONER'S OFFICE,Direct,1,115252.0,115252.0,0.590804711613545
ID:GB-SRS-sid4gov.cabinetoffice.gov.uk/UMKB7mqB,INFORMATION COMMISSIONER'S OFFICE,Limited,1,140000.0,140000.0,0.7176678897190183
ID:GB-SRS-sid4gov.cabinetoffice.gov.uk/UMKB7mqB,INFORMATION COMMISSIONER'S OFFICE,Open,4,851735.0,173000.0,4.3661632860702
ID:GB-SRS-sid4gov.cabinetoffice.gov.uk/UMKB7mqB,INFORMATION COMMISSIONER'S OFFICE,Selective,27,18400643.48,90800.0,94.32536411259724
ID:GB-SRS-sid4gov.cabinetoffice.gov.uk/Uf466hFX,Royal Berkshire Fire & Rescue Service,Limited,1,50000.0,50000.0,0.5398932966118357
ID:GB-SRS-sid4gov.cabinetoffice.gov.uk/Uf466hFX,Royal Berkshire Fire & Rescue Service,Open,4,3144545.0,320000.0,33.95437532788531
ID:GB-SRS-sid4gov.cabinetoffice.gov.uk/Uf466hFX,Royal Berkshire Fire & Rescue Service,Selective,11,3026184.36,250000.0,32.676333005511566
ID:GB-SRS-sid4gov.cabinetoffice.gov.uk/Uf466hFX,Royal Berkshire Fire & Rescue Service,Unknown,8,3040359.88,50000.0,32.82939836999131
ID:GB-SRS-sid4gov.cabinetoffice.gov.uk/Uy8H6GqT,ORBIT GROUP LIMITED,Direct,1,180000.0,180000.0,1.3024850836513808
ID:GB-SRS-sid4gov.cabinetoffice.gov.uk/Uy8H6GqT,ORBIT GROUP LIMITED,Selective,18,13639736.0,226000.0,98.6975149163486
ID:GB-SRS-sid4gov.cabinetoffice.gov.uk/V34c8F27,PALLADIUM INTERNATIONAL LIMITED,Open,7,1499381.0,220056.0,100.0
ID:GB-SRS-sid4gov.cabinetoffice.gov.uk/V3SG8j4A,THIRTEEN HOUSING GROUP LIMITED,Direct,3,332232.49,90539.16,0.4520130486915724
ID:GB-SRS-sid4gov.cabinetoffice.gov.uk/V3SG8j4A,THIRTEEN HOUSING GROUP LIMITED,Limited,20,951691.39,38859.12,1.2948069185148636
ID:GB-SRS-sid4gov.cabinetoffice.gov.uk/V3SG8j4A,THIRTEEN HOUSING GROUP LIMITED,Open,4,2357397.31,449698.655,3.2073152901765023
ID:GB-SRS-sid4gov.cabinetoffice.gov.uk/V3SG8j4A,THIRTEEN HOUSING GROUP LIMITED,Selective,29,38478387.16,200000.0,52.35109031307038
ID:GB-SRS-sid4gov.cabinetoffice.gov.uk/V3SG8j4A,THIRTEEN HOUSING GROUP LIMITED,Unknown,29,31380933.05,104600.0,42.69477442954668
ID:GB-SRS-sid4gov.cabinetoffice.gov.uk/V5aZ63Am,London Purchased Healthcare Team,Open,1,0.0,0.0,
ID:GB-SRS-sid4gov.cabinetoffice.gov.uk/VUdE62Kb,West Bletchley Council,Direct,1,79413.06,79413.06,71.83173081750152
ID:GB-SRS-sid4gov.cabinetoffice.gov.uk/VUdE62Kb,West Bletchley Council,Open,1,31141.23,31141.23,28.168269182498484
ID:GB-SRS-sid4gov.cabinetoffice.gov.uk/WAm27wZ9,New College Durham,Open,6,385156.65,57134.575,32.013050060979594
ID:GB-SRS-sid4gov.cabinetoffice.gov.uk/WAm27wZ9,New College Durham,Selective,4,817967.23,184080.95,67.98694993902042
ID:GB-SRS-sid4gov.cabinetoffice.gov.uk/Ways69eB,NHS Arden and GEM CSU,Selective,4,1255367.25,226682.195,100.0
ID:GB-SRS-sid4gov.cabinetoffice.gov.uk/WwVJ69wT,DERBYSHIRE COMMUNITY HEALTH SERVICES NHS FOUNDATION TRUST,Direct,4,47708.0,11800.5,0.8146618727864744
ID:GB-SRS-sid4gov.cabinetoffice.gov.uk/WwVJ69wT,DERBYSHIRE COMMUNITY HEALTH SERVICES NHS FOUNDATION TRUST,Limited,8,428222.12,29000.0,7.312321502636755
ID:GB-SRS-sid4gov.cabinetoffice.gov.uk/WwVJ69wT,DERBYSHIRE COMMUNITY HEALTH SERVICES NHS FOUNDATION TRUST,Selective,9,5356241.819999999,20000.0,91.46319259198526
ID:GB-SRS-sid4gov.cabinetoffice.gov.uk/WwVJ69wT,DERBYSHIRE COMMUNITY HEALTH SERVICES NHS FOUNDATION TRUST,Unknown,1,24000.0,24000.0,0.4098240325915021
ID:GB-SRS-sid4gov.cabinetoffice.gov.uk/WweU52F5,ACCENT HOUSING LIMITED,Selective,9,12542189.01,500000.0,100.0
ID:GB-SRS-sid4gov.cabinetoffice.gov.uk/XEZS56zd,THORNBURY TOWN COUNCIL,Open,1,67799.0,67799.0,100.0
ID:GB-SRS-sid4gov.cabinetoffice.gov.uk/XEhc296Z,Blackpool Councils Inhouse Homecare Service,Selective,1,499937.0,499937.0,100.0
ID:GB-SRS-sid4gov.cabinetoffice.gov.uk/XHZs4DAn,The Centre for Ecology & Hydrology,Direct,1,55149.4,55149.4,7.900319941369391
ID:GB-SRS-sid4gov.cabinetoffice.gov.uk/XHZs4DAn,The Centre for Ecology & Hydrology,Open,2,642916.0,321458.0,92.0996800586306
ID:GB-SRS-sid4gov.cabinetoffice.gov.uk/XPCe66nv,Peterborough City Council,Selective,1,65520.0,65520.0,39.584340260995646
ID:GB-SRS-sid4gov.cabinetoffice.gov.uk/XPCe66nv,Peterborough City Council,Unknown,1,100000.0,100000.0,60.41565973900435
ID:GB-SRS-sid4gov.cabinetoffice.gov.uk/XZHZ89sA,North Yorkshire Police,Selective,4,1164780.43,139838.5,100.0
ID:GB-SRS-sid4gov.cabinetoffice.gov.uk/XhPB26DC,SOMERSET COUNCIL,Open,6,11103276.61,967183.01,52.68771223690892
ID:GB-SRS-sid4gov.cabinetoffice.gov.uk/XhPB26DC,SOMERSET COUNCIL,Selective,20,8620012.43,182931.415,40.9040277337032
ID:GB-SRS-sid4gov.cabinetoffice.gov.uk/XhPB26DC,SOMERSET COUNCIL,Unknown,43,1350460.68,0.0,6.408260029387878
ID:GB-SRS-sid4gov.cabinetoffice.gov.uk/XjVA96JU,KENT COUNTY COUNCIL,Direct,13,1709788.5,79155.0,0.0829142755034418
ID:GB-SRS-sid4gov.cabinetoffice.gov.uk/XjVA96JU,KENT COUNTY COUNCIL,Limited,37,10114525.96,48064.1,0.490492591355103
ID:GB-SRS-sid4gov.cabinetoffice.gov.uk/XjVA96JU,KENT COUNTY COUNCIL,Open,6,3239960.17,44414.465,0.1571182343053297
ID:GB-SRS-sid4gov.cabinetoffice.gov.uk/XjVA96JU,KENT COUNTY COUNCIL,Selective,36,2043782672.5,207535.0,99.11094827040048
ID:GB-SRS-sid4gov.cabinetoffice.gov.uk/XjVA96JU,KENT COUNTY COUNCIL,Unknown,15,3269002.89,33770.0,0.1585266284356267
ID:GB-SRS-sid4gov.cabinetoffice.gov.uk/Y7u9Dsau,Tamworth Borough Council,Selective,11,1384579.71,70000.0,100.0
ID:GB-SRS-sid4gov.cabinetoffice.gov.uk/Y8Zs3hV2,Leighton Linslade Town Council,Open,1,35439.25,35439.25,100.0
ID:GB-SRS-sid4gov.cabinetoffice.gov.uk/YEuQ44xM,HAMPSHIRE & ISLE OF WIGHT FIRE AND RESCUE SERVICE,Limited,1,160845.43,160845.43,100.0
ID:GB-SRS-sid4gov.cabinetoffice.gov.uk/YMAF58aB,Wigan Council,Direct,1,245895.0,245895.0,10.03839820501462
ID:GB-SRS-sid4gov.cabinetoffice.gov.uk/YMAF58aB,Wigan Council,Selective,3,1001444.1,71000.0,40.88287543814426
ID:GB-SRS-sid4gov.cabinetoffice.gov.uk/YMAF58aB,Wigan Council,Unknown,4,1202205.09,204436.0,49.0787263568411
ID:GB-SRS-sid4gov.cabinetoffice.gov.uk/Yb3M6ZFD,UNIVERSITY HOSPITALS COVENTRY AND WARWICKSHIRE NHS TRUST,Unknown,3,1700000.0,500000.0,100.0
ID:GB-SRS-sid4gov.cabinetoffice.gov.uk/Z37KdXES,SUFFOLK COUNTY COUNCIL,Direct,1,120000.0,120000.0,0.1422909710134215
ID:GB-SRS-sid4gov.cabinetoffice.gov.uk/Z37KdXES,SUFFOLK COUNTY COUNCIL,Open,7,50731323.0,1214340.0,60.155076753879385
ID:GB-SRS-sid4gov.cabinetoffice.gov.uk/Z37KdXES,SUFFOLK COUNTY COUNCIL,Selective,72,33264811.69,134190.0,39.44401963290598
ID:GB-SRS-sid4gov.cabinetoffice.gov.uk/Z37KdXES,SUFFOLK COUNTY COUNCIL,Unknown,2,218098.99,109049.495,0.258612642201221
ID:GB-SRS-sid4gov.cabinetoffice.gov.uk/Z4T88dvU,THE FINANCIAL REPORTING COUNCIL LIMITED,Open,2,100000.0,50000.0,3.346444983649688
ID:GB-SRS-sid4gov.cabinetoffice.gov.uk/Z4T88dvU,THE FINANCIAL REPORTING COUNCIL LIMITED,Selective,6,2888245.75,103963.875,96.65355501635032
ID:GB-SRS-sid4gov.cabinetoffice.gov.uk/Z6sk4ppe,University of Lincoln,Direct,1,116673.0,116673.0,0.841982125208695
ID:GB-SRS-sid4gov.cabinetoffice.gov.uk/Z6sk4ppe,University of Lincoln,Limited,4,396400.0,93200.0,2.8606594021986806
ID:GB-SRS-sid4gov.cabinetoffice.gov.uk/Z6sk4ppe,University of Lincoln,Selective,13,13226712.0,436263.0,95.4518618642132
ID:GB-SRS-sid4gov.cabinetoffice.gov.uk/Z6sk4ppe,University of Lincoln,Unknown,2,117160.0,58580.0,0.8454966083794082
ID:GB-SRS-sid4gov.cabinetoffice.gov.uk/Z8SP6u4v,NHS Midlands & Lancashire Commissioning Support Unit,Selective,32,962549.88,21125.0,100.0
ID:GB-SRS-sid4gov.cabinetoffice.gov.uk/ZC8UrnF3,Crown Prosecution Service,Direct,1,138553.74,138553.74,20.120939045525592
ID:GB-SRS-sid4gov.cabinetoffice.gov.uk/ZC8UrnF3,Crown Prosecution Service,Selective,1,550051.0,550051.0,79.87906095447441
ID:GB-SRS-sid4gov.cabinetoffice.gov.uk/ZDXR269t,Devon & Somerset Fire & Rescue Service,Direct,1,84417.6,84417.6,0.769941574192819
ID:GB-SRS-sid4gov.cabinetoffice.gov.uk/ZDXR269t,Devon & Somerset Fire & Rescue Service,Limited,1,77000.0,77000.0,0.7022883997276286
ID:GB-SRS-sid4gov.cabinetoffice.gov.uk/ZDXR269t,Devon & Somerset Fire & Rescue Service,Selective,16,10772739.01,156500.0,98.2541511690428
ID:GB-SRS-sid4gov.cabinetoffice.gov.uk/ZDXR269t,Devon & Somerset Fire & Rescue Service,Unknown,1,30000.0,30000.0,0.2736188570367384
ID:GB-SRS-sid4gov.cabinetoffice.gov.uk/ZDYY5yPk,Knutsford Town Council,Open,1,197000.0,197000.0,100.0
ID:GB-SRS-sid4gov.cabinetoffice.gov.uk/ZJ3243qF,Carterton Town Council,Direct,1,79576.0,79576.0,24.40742013053933
ID:GB-SRS-sid4gov.cabinetoffice.gov.uk/ZJ3243qF,Carterton Town Council,Open,1,246456.0,246456.0,75.59257986946066
ID:GB-SRS-sid4gov.cabinetoffice.gov.uk/Zj5uFppq,UK RESEARCH & INNOVATION,Selective,1007,13605263.34,4180.0,100.0
ID:GB-SRS-sid4gov.cabinetoffice.gov.uk/ZmKD8Bd9,Halton Borough Council,Selective,2,194000.0,97000.0,100.0
ID:GB-SRS-sid4gov.cabinetoffice.gov.uk/Zy257ysU,Erewash Borough Council,Open,4,206528.3,21090.0,11.168240082204289
ID:GB-SRS-sid4gov.cabinetoffice.gov.uk/Zy257ysU,Erewash Borough Council,Selective,4,1045398.0,255344.0,56.53102187669292
ID:GB-SRS-sid4gov.cabinetoffice.gov.uk/Zy257ysU,Erewash Borough Council,Unknown,3,597320.3,143889.2,32.3007380411028
ID:GB-SRS-sid4gov.cabinetoffice.gov.uk/aNBf7j33,Guy's and St Thomas' NHS Foundation Trust,Selective,1,350000.0,350000.0,100.0
ID:GB-SRS-sid4gov.cabinetoffice.gov.uk/aZYN88Y6,Hertford Regional College,Direct,4,1343460.0,353386.0,100.0
ID:GB-SRS-sid4gov.cabinetoffice.gov.uk/ahmV766A,Department For Work and Pensions,Selective,9,2804916798.0,2137060.0,100.0
ID:GB-SRS-sid4gov.cabinetoffice.gov.uk/au8q6EUc,CENTRE FOR PROCESS INNOVATION LIMITED,Direct,4,312925.99,47531.695,4.943160765737182
ID:GB-SRS-sid4gov.cabinetoffice.gov.uk/au8q6EUc,CENTRE FOR PROCESS INNOVATION LIMITED,Limited,2,154961.2,77480.6,2.4478571564207647
ID:GB-SRS-sid4gov.cabinetoffice.gov.uk/au8q6EUc,CENTRE FOR PROCESS INNOVATION LIMITED,Open,3,1358086.0,179086.0,21.45311558077022
ID:GB-SRS-sid4gov.cabinetoffice.gov.uk/au8q6EUc,CENTRE FOR PROCESS INNOVATION LIMITED,Selective,11,4504510.58,155522.58,71.15586649707184
ID:GB-SRS-sid4gov.cabinetoffice.gov.uk/axN79Bfk,West Yorkshire Combined Authority,Direct,1,15400.0,15400.0,0.0259816442838048
ID:GB-SRS-sid4gov.cabinetoffice.gov.uk/axN79Bfk,West Yorkshire Combined Authority,Selective,59,59257215.05,288444.0,99.9740183557162
ID:GB-SRS-sid4gov.cabinetoffice.gov.uk/bF6ZFnjC,University of Sunderland,Selective,11,12418545.69,492000.0,100.0
ID:GB-SRS-sid4gov.cabinetoffice.gov.uk/bGjd82S8,Livv Housing Group,Direct,1,2400000.0,2400000.0,17.743604909064025
ID:GB-SRS-sid4gov.cabinetoffice.gov.uk/bGjd82S8,Livv Housing Group,Limited,5,1243000.0,36000.0,9.189708709152743
ID:GB-SRS-sid4gov.cabinetoffice.gov.uk/bGjd82S8,Livv Housing Group,Selective,2,692000.0,346000.0,5.116072748780128
ID:GB-SRS-sid4gov.cabinetoffice.gov.uk/bGjd82S8,Livv Housing Group,Unknown,6,9191000.0,1105000.0,67.95061363300312
ID:GB-SRS-sid4gov.cabinetoffice.gov.uk/bJY67yaZ,Sanctuary Housing Association,Selective,3,1046000.0,342000.0,100.0
ID:GB-SRS-sid4gov.cabinetoffice.gov.uk/bQ4N8uPx,Blackpool and the Fylde College,Open,3,503439.0,150475.0,100.0
ID:GB-SRS-sid4gov.cabinetoffice.gov.uk/bh4j7TBN,PROACTIS TENDERS LIMITED,Direct,3,248142.62,54540.0,2.284442678218586
ID:GB-SRS-sid4gov.cabinetoffice.gov.uk/bh4j7TBN,PROACTIS TENDERS LIMITED,Open,2,10150000.0,5075000.0,93.4426064491406
ID:GB-SRS-sid4gov.cabinetoffice.gov.uk/bh4j7TBN,PROACTIS TENDERS LIMITED,Selective,1,464140.0,464140.0,4.272950872640801
ID:GB-SRS-sid4gov.cabinetoffice.gov.uk/bmhZ52hz,South Staffordshire Dist Council,Selective,10,2023329.2,83562.905,100.0
ID:GB-SRS-sid4gov.cabinetoffice.gov.uk/bq9X985w,IRWELL VALLEY HOUSING ASSOCIATION LIMITED,Selective,4,2275553.0,683631.0,100.0
ID:GB-SRS-sid4gov.cabinetoffice.gov.uk/brx92AEy,North Hertfordshire District Council,Selective,11,16978466.63,80000.0,100.0
ID:GB-SRS-sid4gov.cabinetoffice.gov.uk/cTeR293B,West Midlands Police,Limited,1,34000.0,34000.0,100.0
ID:GB-SRS-sid4gov.cabinetoffice.gov.uk/d74ZA5zA,UNIVERSITY OF SOUTHAMPTON,Limited,4,287400.0,57906.0,0.6091444420278136
ID:GB-SRS-sid4gov.cabinetoffice.gov.uk/d74ZA5zA,UNIVERSITY OF SOUTHAMPTON,Open,6,6207016.57,386008.285,13.15577468750885
ID:GB-SRS-sid4gov.cabinetoffice.gov.uk/d74ZA5zA,UNIVERSITY OF SOUTHAMPTON,Selective,54,40247246.73,131489.6,85.30405933368682
ID:GB-SRS-sid4gov.cabinetoffice.gov.uk/d74ZA5zA,UNIVERSITY OF SOUTHAMPTON,Unknown,2,439264.6,219632.3,0.931021536776516
ID:GB-SRS-sid4gov.cabinetoffice.gov.uk/d9p84SEE,Milton Keynes Council,Limited,1,368000.0,368000.0,2.730227050793301
ID:GB-SRS-sid4gov.cabinetoffice.gov.uk/d9p84SEE,Milton Keynes Council,Open,2,133830.35,66915.175,0.992900113551998
ID:GB-SRS-sid4gov.cabinetoffice.gov.uk/d9p84SEE,Milton Keynes Council,Selective,43,12721902.12,84878.13,94.38500354774088
ID:GB-SRS-sid4gov.cabinetoffice.gov.uk/d9p84SEE,Milton Keynes Council,Unknown,1,255000.0,255000.0,1.891869287913836
ID:GB-SRS-sid4gov.cabinetoffice.gov.uk/dE8BHPRD,UNIVERSITY OF HULL,Selective,2,289635.0,144817.5,100.0
ID:GB-SRS-sid4gov.cabinetoffice.gov.uk/dXGP288m,UK SHARED BUSINESS SERVICES LIMITED,Direct,11,1080820.74,24750.0,0.3361175864356254
ID:GB-SRS-sid4gov.cabinetoffice.gov.uk/dXGP288m,UK SHARED BUSINESS SERVICES LIMITED,Limited,224,5244485.86,17883.825,1.6309493925504852
ID:GB-SRS-sid4gov.cabinetoffice.gov.uk/dXGP288m,UK SHARED BUSINESS SERVICES LIMITED,Open,20,12311219.14,339448.875,3.8285879519825614
ID:GB-SRS-sid4gov.cabinetoffice.gov.uk/dXGP288m,UK SHARED BUSINESS SERVICES LIMITED,Selective,361,302031512.67,83900.0,93.92686438099015
ID:GB-SRS-sid4gov.cabinetoffice.gov.uk/dXGP288m,UK SHARED BUSINESS SERVICES LIMITED,Unknown,12,892267.75,30000.0,0.2774806880411511
ID:GB-SRS-sid4gov.cabinetoffice.gov.uk/djQb92Hk,SALISBURY NHS FOUNDATION TRUST,Open,3,1000000000.0,250000000.0,100.0
ID:GB-SRS-sid4gov.cabinetoffice.gov.uk/dpK83tKB,Saffron Walden Town Council,Open,6,471582.0,40764.0,100.0
ID:GB-SRS-sid4gov.cabinetoffice.gov.uk/dv87Bqmk,Tyne and Wear Fire and Rescue Service,Direct,3,143724.0,40140.0,2.8827969267897267
ID:GB-SRS-sid4gov.cabinetoffice.gov.uk/dv87Bqmk,Tyne and Wear Fire and Rescue Service,Limited,1,18040.0,18040.0,0.3618439269661759
ID:GB-SRS-sid4gov.cabinetoffice.gov.uk/dv87Bqmk,Tyne and Wear Fire and Rescue Service,Open,1,40000.0,40000.0,0.8023146939383058
ID:GB-SRS-sid4gov.cabinetoffice.gov.uk/dv87Bqmk,Tyne and Wear Fire and Rescue Service,Selective,22,4388810.9,124993.5,88.03018684966503
ID:GB-SRS-sid4gov.cabinetoffice.gov.uk/dv87Bqmk,Tyne and Wear Fire and Rescue Service,Unknown,1,395000.0,395000.0,7.922857602640771
ID:GB-SRS-sid4gov.cabinetoffice.gov.uk/e4hC72Bd,Denbighshire County Council,Selective,2,1009960.0,504980.0,100.0
ID:GB-SRS-sid4gov.cabinetoffice.gov.uk/e4nv5Jkk,UNIVERSITY OF LANCASTER,Open,1,261000.0,261000.0,100.0
ID:GB-SRS-sid4gov.cabinetoffice.gov.uk/eADB3BB9,WORTHING BOROUGH COUNCIL,Limited,2,121755.0,60877.5,3.759594678299986
ID:GB-SRS-sid4gov.cabinetoffice.gov.uk/eADB3BB9,WORTHING BOROUGH COUNCIL,Open,5,1961243.29,79870.62,60.559975655501255
ID:GB-SRS-sid4gov.cabinetoffice.gov.uk/eADB3BB9,WORTHING BOROUGH COUNCIL,Selective,4,1102015.71,154500.0,34.028437425312966
ID:GB-SRS-sid4gov.cabinetoffice.gov.uk/eADB3BB9,WORTHING BOROUGH COUNCIL,Unknown,1,53500.0,53500.0,1.6519922408857892
ID:GB-SRS-sid4gov.cabinetoffice.gov.uk/eDmb6J23,FINANCIAL OMBUDSMAN SERVICE LIMITED,Direct,1,42505.0,42505.0,100.0
ID:GB-SRS-sid4gov.cabinetoffice.gov.uk/ecqA6349,THE LONDON BOROUGH OF CAMDEN,Limited,7,1392785.6,230000.0,41.67102788840235
ID:GB-SRS-sid4gov.cabinetoffice.gov.uk/ecqA6349,THE LONDON BOROUGH OF CAMDEN,Open,1,89838.0,89838.0,2.687880893827657
ID:GB-SRS-sid4gov.cabinetoffice.gov.uk/ecqA6349,THE LONDON BOROUGH OF CAMDEN,Selective,4,1825212.0,500000.0,54.60887889295138
ID:GB-SRS-sid4gov.cabinetoffice.gov.uk/ecqA6349,THE LONDON BOROUGH OF CAMDEN,Unknown,1,34500.0,34500.0,1.0322123248186088
ID:GB-SRS-sid4gov.cabinetoffice.gov.uk/esaB99U8,HOMERTON HEALTHCARE NHS FOUNDATION TRUST,Unknown,2,78592.0,39296.0,100.0
ID:GB-SRS-sid4gov.cabinetoffice.gov.uk/f7TA7H3j,MERSEY & WEST LANCASHIRE TEACHING HOSPITALS NHS TRUST,Selective,5,2173601.33,57620.0,95.25516294631122
ID:GB-SRS-sid4gov.cabinetoffice.gov.uk/f7TA7H3j,MERSEY & WEST LANCASHIRE TEACHING HOSPITALS NHS TRUST,Unknown,4,108271.13,25230.235,4.744837053688794
ID:GB-SRS-sid4gov.cabinetoffice.gov.uk/f7wS2FgF,RAND ASSOCIATES CONSULTANCY SERVICES LIMITED,Open,2,1454400.0,727200.0,100.0
ID:GB-SRS-sid4gov.cabinetoffice.gov.uk/fBcZ6sBB,THE PIRBRIGHT INSTITUTE,Open,4,630585.16,65440.25,100.0
ID:GB-SRS-sid4gov.cabinetoffice.gov.uk/fNvE288z,CHESHIRE EAST COUNCIL,Limited,2,264078.0,132039.0,60.20291966310002
ID:GB-SRS-sid4gov.cabinetoffice.gov.uk/fNvE288z,CHESHIRE EAST COUNCIL,Selective,4,174568.5,37702.25,39.79708033689999
ID:GB-SRS-sid4gov.cabinetoffice.gov.uk/fkUb93zH,DEPARTMENT FOR BUSINESS AND TRADE,Direct,1,48904.75,48904.75,100.0
ID:GB-SRS-sid4gov.cabinetoffice.gov.uk/fyBy7A5x,Halton Housing,Open,4,2408000.0,184000.0,46.27743398547104
ID:GB-SRS-sid4gov.cabinetoffice.gov.uk/fyBy7A5x,Halton Housing,Unknown,2,2795400.0,1397700.0,53.72256601452896
ID:GB-SRS-sid4gov.cabinetoffice.gov.uk/gAt5NMW9,Staffordshire County Council,Limited,1,26700000.0,26700000.0,70.22293968336334
ID:GB-SRS-sid4gov.cabinetoffice.gov.uk/gAt5NMW9,Staffordshire County Council,Open,3,10276927.43,250000.0,27.02906573210458
ID:GB-SRS-sid4gov.cabinetoffice.gov.uk/gAt5NMW9,Staffordshire County Council,Selective,3,1044836.0,88756.0,2.747994584532083
ID:GB-SRS-sid4gov.cabinetoffice.gov.uk/gFSQ3767,St Ives Town Council,Open,1,68430.0,68430.0,100.0
ID:GB-SRS-sid4gov.cabinetoffice.gov.uk/gj9M6AD4,Leicestershire Police,Selective,20,11302736.63,187509.0,100.0
ID:GB-SRS-sid4gov.cabinetoffice.gov.uk/gn3s25GE,BRUNEL UNIVERSITY LONDON,Selective,1,410151.95,410151.95,100.0
ID:GB-SRS-sid4gov.cabinetoffice.gov.uk/gph66JB4,FORESTRY COMMISSION,Open,4,609700.0,29200.0,5.855727625780491
ID:GB-SRS-sid4gov.cabinetoffice.gov.uk/gph66JB4,FORESTRY COMMISSION,Selective,5,9802328.0,400000.0,94.14427237421953
ID:GB-SRS-sid4gov.cabinetoffice.gov.uk/gr8g2YX3,Babergh and Mid Suffolk District Councils,Limited,1,47890.0,47890.0,9.921440176284662
ID:GB-SRS-sid4gov.cabinetoffice.gov.uk/gr8g2YX3,Babergh and Mid Suffolk District Councils,Selective,4,434802.02,111732.51,90.07855982371534
ID:GB-SRS-sid4gov.cabinetoffice.gov.uk/h5v4C2ej,Suffolk Coastal District Council and Waveney District Council,Limited,10,485679.55,50065.0,5.428980512347432
ID:GB-SRS-sid4gov.cabinetoffice.gov.uk/h5v4C2ej,Suffolk Coastal District Council and Waveney District Council,Open,1,87075.5,87075.5,0.973339710520875
ID:GB-SRS-sid4gov.cabinetoffice.gov.uk/h5v4C2ej,Suffolk Coastal District Council and Waveney District Council,Selective,25,8235866.35,138645.0,92.06143828054522
ID:GB-SRS-sid4gov.cabinetoffice.gov.uk/h5v4C2ej,Suffolk Coastal District Council and Waveney District Council,Unknown,3,137433.0,47796.0,1.5362414965864728
ID:GB-SRS-sid4gov.cabinetoffice.gov.uk/hEym842U,LIFECYCLE MANAGEMENT GROUP LIMITED,Open,7,631385.67,64236.0,100.0
ID:GB-SRS-sid4gov.cabinetoffice.gov.uk/hKdp67c8,Air Training Corps,Selective,2,8085068.0,4042534.0,54.4807826299071
ID:GB-SRS-sid4gov.cabinetoffice.gov.uk/hKdp67c8,Air Training Corps,Unknown,1,6755152.0,6755152.0,45.519217370092896
ID:GB-SRS-sid4gov.cabinetoffice.gov.uk/hRK774t6,UNIVERSITY OF DERBY,Direct,17,2709885.12,54000.0,14.38153167470271
ID:GB-SRS-sid4gov.cabinetoffice.gov.uk/hRK774t6,UNIVERSITY OF DERBY,Limited,1,39000.0,39000.0,0.2069754659243288
ID:GB-SRS-sid4gov.cabinetoffice.gov.uk/hRK774t6,UNIVERSITY OF DERBY,Open,4,1623857.2,349428.6,8.617912834989127
ID:GB-SRS-sid4gov.cabinetoffice.gov.uk/hRK774t6,UNIVERSITY OF DERBY,Selective,19,12415372.13,269760.0,65.88916490335069
ID:GB-SRS-sid4gov.cabinetoffice.gov.uk/hRK774t6,UNIVERSITY OF DERBY,Unknown,11,2054698.55,60000.0,10.90441512103315
ID:GB-SRS-sid4gov.cabinetoffice.gov.uk/hWvd872d,Natural England,Direct,2,26760.0,13380.0,1.3611578065271557
ID:GB-SRS-sid4gov.cabinetoffice.gov.uk/hWvd872d,Natural England,Limited,1,17197.0,17197.0,0.874732092632567
ID:GB-SRS-sid4gov.cabinetoffice.gov.uk/hWvd872d,Natural England,Open,63,1471105.85,18900.0,74.82837114929995
ID:GB-SRS-sid4gov.cabinetoffice.gov.uk/hWvd872d,Natural England,Selective,19,450910.52,23850.72,22.935738951540323
ID:GB-SRS-sid4gov.cabinetoffice.gov.uk/hZnr5Nq7,University of Sussex,Unknown,2,71473.09,35736.545,100.0
ID:GB-SRS-sid4gov.cabinetoffice.gov.uk/hjZ626cD,Gloucestershire Fire & Rescue Service,Selective,4,267544.0,61272.0,100.0
ID:GB-SRS-sid4gov.cabinetoffice.gov.uk/hu9j9Du9,ATAMIS LTD,Selective,1,683875.2,683875.2,100.0
ID:GB-SRS-sid4gov.cabinetoffice.gov.uk/jBH47Kwp,Nottingham College,Selective,6,1553500.0,77750.0,100.0
ID:GB-SRS-sid4gov.cabinetoffice.gov.uk/jBZs3Y7f,West Midlands Fire Service,Direct,2,290000.0,145000.0,4.56968632426649
ID:GB-SRS-sid4gov.cabinetoffice.gov.uk/jBZs3Y7f,West Midlands Fire Service,Limited,20,1167239.86,31612.65,18.39282767372666
ID:GB-SRS-sid4gov.cabinetoffice.gov.uk/jBZs3Y7f,West Midlands Fire Service,Open,2,61140.0,30570.0,0.9634159374677695
ID:GB-SRS-sid4gov.cabinetoffice.gov.uk/jBZs3Y7f,West Midlands Fire Service,Selective,35,4827788.77,52630.0,76.07407006453909
ID:GB-SRS-sid4gov.cabinetoffice.gov.uk/jZcD7PFg,COMMUNITY HEALTH PARTNERSHIPS LIMITED,Selective,4,438196.0,116905.5,100.0
ID:GB-SRS-sid4gov.cabinetoffice.gov.uk/jv925UDD,MEDICINES DISCOVERY CATAPULT SERVICES LIMITED,Selective,1,195000.0,195000.0,100.0
ID:GB-SRS-sid4gov.cabinetoffice.gov.uk/jxfb36Bw,Southampton City Council,Direct,2,84189.72,42094.86,0.0589361803058399
ID:GB-SRS-sid4gov.cabinetoffice.gov.uk/jxfb36Bw,Southampton City Council,Limited,2,139093.0,69546.5,0.0973706781217492
ID:GB-SRS-sid4gov.cabinetoffice.gov.uk/jxfb36Bw,Southampton City Council,Open,3,1307877.7,310000.0,0.9155668405262212
ID:GB-SRS-sid4gov.cabinetoffice.gov.uk/jxfb36Bw,Southampton City Council,Selective,42,141263826.51,126751.785,98.89034373657792
ID:GB-SRS-sid4gov.cabinetoffice.gov.uk/jxfb36Bw,Southampton City Council,Unknown,6,53972.0,0.0,0.0377825644682841
ID:GB-SRS-sid4gov.cabinetoffice.gov.uk/jxu233Hg,NORTHERN IRELAND WATER LIMITED,Selective,1,1200000.0,1200000.0,100.0
ID:GB-SRS-sid4gov.cabinetoffice.gov.uk/k2ZPW3m7,Leybourne Village Hall,Limited,1,39843.0,39843.0,100.0
ID:GB-SRS-sid4gov.cabinetoffice.gov.uk/k3Hx4y9N,UNIVERSITY OF CHESTER,Open,2,975000.0,487500.0,8.575197889182059
ID:GB-SRS-sid4gov.cabinetoffice.gov.uk/k3Hx4y9N,UNIVERSITY OF CHESTER,Selective,15,10395000.0,500000.0,91.42480211081794
ID:GB-SRS-sid4gov.cabinetoffice.gov.uk/kAv63w3S,Reading Borough Council,Selective,2,1047392.74,523696.37,100.0
ID:GB-SRS-sid4gov.cabinetoffice.gov.uk/kbZb6NPF,NORTH OF ENGLAND COMMISSIONING SUPPORT,Open,1,81544000.0,81544000.0,94.3793958658482
ID:GB-SRS-sid4gov.cabinetoffice.gov.uk/kbZb6NPF,NORTH OF ENGLAND COMMISSIONING SUPPORT,Selective,2,4856214.0,2428107.0,5.620604134151797
ID:GB-SRS-sid4gov.cabinetoffice.gov.uk/m4hc8Tk6,N E L Commissioning Support Unit,Limited,1,360000.0,360000.0,100.0
ID:GB-SRS-sid4gov.cabinetoffice.gov.uk/m64uJDvU,West Berkshire Council,Selective,31,8700956.7,95190.0,100.0
ID:GB-SRS-sid4gov.cabinetoffice.gov.uk/m6gv6TMA,N H S Shared Business Services,Direct,1,14195.2,14195.2,0.0002213630400607
ID:GB-SRS-sid4gov.cabinetoffice.gov.uk/m6gv6TMA,N H S Shared Business Services,Limited,7,342250.68,45009.68,0.0053371316351774
ID:GB-SRS-sid4gov.cabinetoffice.gov.uk/m6gv6TMA,N H S Shared Business Services,Open,12,6400397240.0,137500000.0,99.80918836247886
ID:GB-SRS-sid4gov.cabinetoffice.gov.uk/m6gv6TMA,N H S Shared Business Services,Selective,47,11879604.71,82967.0,0.1852531428458933
ID:GB-SRS-sid4gov.cabinetoffice.gov.uk/mNZE2gBB,WAKEFIELD COUNCIL,Open,1,488884.52,488884.52,1.174033547517381
ID:GB-SRS-sid4gov.cabinetoffice.gov.uk/mNZE2gBB,WAKEFIELD COUNCIL,Selective,22,40996639.29,232238.785,98.45153178899824
ID:GB-SRS-sid4gov.cabinetoffice.gov.uk/mNZE2gBB,WAKEFIELD COUNCIL,Unknown,1,155920.0,155920.0,0.3744346634843543
ID:GB-SRS-sid4gov.cabinetoffice.gov.uk/mmm75Jp3,WANDLE HOUSING ASSOCIATION LIMITED,Direct,1,100000.0,100000.0,0.6122608046198389
ID:GB-SRS-sid4gov.cabinetoffice.gov.uk/mmm75Jp3,WANDLE HOUSING ASSOCIATION LIMITED,Limited,4,410000.0,100000.0,2.5102692989413398
ID:GB-SRS-sid4gov.cabinetoffice.gov.uk/mmm75Jp3,WANDLE HOUSING ASSOCIATION LIMITED,Open,2,4671263.0,2335631.5,28.600312429708826
ID:GB-SRS-sid4gov.cabinetoffice.gov.uk/mmm75Jp3,WANDLE HOUSING ASSOCIATION LIMITED,Selective,26,11081645.99,255966.0,67.8485749034961
ID:GB-SRS-sid4gov.cabinetoffice.gov.uk/mmm75Jp3,WANDLE HOUSING ASSOCIATION LIMITED,Unknown,1,70000.0,70000.0,0.4285825632338872
ID:GB-SRS-sid4gov.cabinetoffice.gov.uk/mmzS66Aw,CHESHIRE EAST COUNCIL,Direct,2,134095.1,67047.55,9.340191127632332
ID:GB-SRS-sid4gov.cabinetoffice.gov.uk/mmzS66Aw,CHESHIRE EAST COUNCIL,Limited,1,90310.05,90310.05,6.290409774451357
ID:GB-SRS-sid4gov.cabinetoffice.gov.uk/mmzS66Aw,CHESHIRE EAST COUNCIL,Selective,14,1117703.54,62545.6,77.85194751807671
ID:GB-SRS-sid4gov.cabinetoffice.gov.uk/mmzS66Aw,CHESHIRE EAST COUNCIL,Unknown,3,93569.64,25318.0,6.517451579839616
ID:GB-SRS-sid4gov.cabinetoffice.gov.uk/mp6d7XVx,Stroud Town Council,Open,1,19992.0,19992.0,100.0
ID:GB-SRS-sid4gov.cabinetoffice.gov.uk/n6P4ErCA,UNIVERSITY OF SUSSEX(THE),Direct,3,187915.15,47074.8,0.492507835855267
ID:GB-SRS-sid4gov.cabinetoffice.gov.uk/n6P4ErCA,UNIVERSITY OF SUSSEX(THE),Limited,8,675743.02,75114.22,1.7710585462348427
ID:GB-SRS-sid4gov.cabinetoffice.gov.uk/n6P4ErCA,UNIVERSITY OF SUSSEX(THE),Open,3,478830.0,126822.0,1.254968144093637
ID:GB-SRS-sid4gov.cabinetoffice.gov.uk/n6P4ErCA,UNIVERSITY OF SUSSEX(THE),Selective,17,35376929.17,147368.91,92.7195855401854
ID:GB-SRS-sid4gov.cabinetoffice.gov.uk/n6P4ErCA,UNIVERSITY OF SUSSEX(THE),Unknown,4,1435336.01,285620.005,3.761879933630864
ID:GB-SRS-sid4gov.cabinetoffice.gov.uk/nADB9qtX,Birmingham Metropolitan College,Open,1,132000.0,132000.0,100.0
ID:GB-SRS-sid4gov.cabinetoffice.gov.uk/nAGk82Ar,Warwickshire Police,Direct,12,1255713.88,54270.44,13.92891275756038
ID:GB-SRS-sid4gov.cabinetoffice.gov.uk/nAGk82Ar,Warwickshire Police,Limited,2,88034.0,44017.0,0.9765105930811808
ID:GB-SRS-sid4gov.cabinetoffice.gov.uk/nAGk82Ar,Warwickshire Police,Selective,42,7531486.34,146250.0,83.54245169657418
ID:GB-SRS-sid4gov.cabinetoffice.gov.uk/nAGk82Ar,Warwickshire Police,Unknown,4,139926.56,34963.28,1.5521249527842589
ID:GB-SRS-sid4gov.cabinetoffice.gov.uk/nByR87H8,EFFICIENCY EAST MIDLANDS LIMITED,Open,1,255000000.0,255000000.0,19.47570762680946
ID:GB-SRS-sid4gov.cabinetoffice.gov.uk/nByR87H8,EFFICIENCY EAST MIDLANDS LIMITED,Selective,4,1054323414.0,2375000.0,80.52429237319055
ID:GB-SRS-sid4gov.cabinetoffice.gov.uk/nF2n25tJ,Swindon Borough Council,Direct,1,36000.0,36000.0,15.7547565579393
ID:GB-SRS-sid4gov.cabinetoffice.gov.uk/nF2n25tJ,Swindon Borough Council,Limited,3,192502.42,31424.7,84.2452434420607
ID:GB-SRS-sid4gov.cabinetoffice.gov.uk/nG9ZrBV5,STAFFORDSHIRE AND LANCASHIRE COMMISSIONING SUPPORT UNIT,Limited,2,340000.0,170000.0,100.0
ID:GB-SRS-sid4gov.cabinetoffice.gov.uk/nTk69j3z,University Of Creative Arts,Selective,1,25000.0,25000.0,100.0
ID:GB-SRS-sid4gov.cabinetoffice.gov.uk/na369RMs,NORFOLK COUNTY COUNCIL,Open,1,323780.0,323780.0,1.15649880322162
ID:GB-SRS-sid4gov.cabinetoffice.gov.uk/na369RMs,NORFOLK COUNTY COUNCIL,Selective,11,27672790.26,309600.0,98.84350119677838
ID:GB-SRS-sid4gov.cabinetoffice.gov.uk/nb7K3Nvb,University of Portsmouth,Direct,1,95500.0,95500.0,0.2121672340386557
ID:GB-SRS-sid4gov.cabinetoffice.gov.uk/nb7K3Nvb,University of Portsmouth,Selective,51,44916162.82,180000.0,99.78783276596135
ID:GB-SRS-sid4gov.cabinetoffice.gov.uk/nh2Y8962,LUTON COMMUNITY HOUSING LIMITED,Selective,1,0.0,0.0,
ID:GB-SRS-sid4gov.cabinetoffice.gov.uk/nj2R58my,Hampshire Police & Crime Commissioner,Direct,2,92060.0,46030.0,42.64090117463964
ID:GB-SRS-sid4gov.cabinetoffice.gov.uk/nj2R58my,Hampshire Police & Crime Commissioner,Limited,2,123836.0,61918.0,57.35909882536036
ID:GB-SRS-sid4gov.cabinetoffice.gov.uk/nmZW44Zs,BOLTON AT HOME LIMITED,Direct,5,791000.0,78000.0,3.729517245521369
ID:GB-SRS-sid4gov.cabinetoffice.gov.uk/nmZW44Zs,BOLTON AT HOME LIMITED,Open,1,3125000.0,3125000.0,14.73418633660465
ID:GB-SRS-sid4gov.cabinetoffice.gov.uk/nmZW44Zs,BOLTON AT HOME LIMITED,Selective,26,17293179.31,168907.03999999998,81.53629641787397
ID:GB-SRS-sid4gov.cabinetoffice.gov.uk/p6mu7UBB,County Durham and Darlington Fire and Rescue Service,Unknown,1,119161.0,119161.0,100.0
ID:GB-SRS-sid4gov.cabinetoffice.gov.uk/p8FE7Utp,Bristol City Council,Selective,2,2368332.75,1184166.375,100.0
ID:GB-SRS-sid4gov.cabinetoffice.gov.uk/pBjD768F,Merseyside Police,Open,1,550000.0,550000.0,100.0
ID:GB-SRS-sid4gov.cabinetoffice.gov.uk/pH2E93Mx,British Transport Police,Direct,4,174000.0,44500.0,0.4256623943147427
ID:GB-SRS-sid4gov.cabinetoffice.gov.uk/pH2E93Mx,British Transport Police,Limited,7,279418.0,34000.0,0.6835502005438896
ID:GB-SRS-sid4gov.cabinetoffice.gov.uk/pH2E93Mx,British Transport Police,Open,4,7443543.0,1196605.0,18.20940422738358
ID:GB-SRS-sid4gov.cabinetoffice.gov.uk/pH2E93Mx,British Transport Police,Selective,58,32980504.88,97326.0,80.6813831777578
ID:GB-SRS-sid4gov.cabinetoffice.gov.uk/pv8V8QD7,ASPIRE HOUSING LIMITED,Direct,1,206000.0,206000.0,8.52244373974959
ID:GB-SRS-sid4gov.cabinetoffice.gov.uk/pv8V8QD7,ASPIRE HOUSING LIMITED,Limited,2,537530.0,268765.0,22.23819991955144
ID:GB-SRS-sid4gov.cabinetoffice.gov.uk/pv8V8QD7,ASPIRE HOUSING LIMITED,Selective,7,1458581.08,166052.0,60.34308346681164
ID:GB-SRS-sid4gov.cabinetoffice.gov.uk/pv8V8QD7,ASPIRE HOUSING LIMITED,Unknown,1,215036.0,215036.0,8.896272873887343
ID:GB-SRS-sid4gov.cabinetoffice.gov.uk/q8fD7u3G,Cainscross Town Council,Open,1,44780.0,44780.0,100.0
ID:GB-SRS-sid4gov.cabinetoffice.gov.uk/qBjs85D2,REED IN PARTNERSHIP LIMITED,Open,2,134200.0,67100.0,100.0
ID:GB-SRS-sid4gov.cabinetoffice.gov.uk/qZFM727t,GREAT BRITISH ENERGY - NUCLEAR,Selective,12,2928786.99,146307.0,100.0
ID:GB-SRS-sid4gov.cabinetoffice.gov.uk/qyGH967D,General Pharmaceutical Council,Direct,1,10000.0,10000.0,0.2050785655984808
ID:GB-SRS-sid4gov.cabinetoffice.gov.uk/qyGH967D,General Pharmaceutical Council,Selective,10,4866180.0,342921.5,99.79492143440152
ID:GB-SRS-sid4gov.cabinetoffice.gov.uk/r6ZG8u32,NHS ARDEN AND GREATER EAST MIDLANDS COMMISSIONING SUPPORT UNIT,Unknown,1,2250000.0,2250000.0,100.0
ID:GB-SRS-sid4gov.cabinetoffice.gov.uk/rFBk7FPE,EU SUPPLY LIMITED,Direct,2,273909.77,136954.885,0.4881829723792807
ID:GB-SRS-sid4gov.cabinetoffice.gov.uk/rFBk7FPE,EU SUPPLY LIMITED,Open,5,10305870.56,89882.0,18.367911896450146
ID:GB-SRS-sid4gov.cabinetoffice.gov.uk/rFBk7FPE,EU SUPPLY LIMITED,Selective,2,302571.0,151285.5,0.5392652118096092
ID:GB-SRS-sid4gov.cabinetoffice.gov.uk/rFBk7FPE,EU SUPPLY LIMITED,Unknown,34,45225662.57,165570.65,80.60463991936096
ID:GB-SRS-sid4gov.cabinetoffice.gov.uk/rVF3265Z,BOURNEMOUTH UNIVERSITY,Selective,4,1660026.0,200943.0,100.0
ID:GB-SRS-sid4gov.cabinetoffice.gov.uk/rZMs3g9n,NORTHERN HOUSING CONSORTIUM LIMITED,Selective,212,56551263.21,91028.0,100.0
ID:GB-SRS-sid4gov.cabinetoffice.gov.uk/rhvG75Vh,THE EDUCATION ENDOWMENT FOUNDATION,Open,1,150000.0,150000.0,100.0
ID:GB-SRS-sid4gov.cabinetoffice.gov.uk/rkj82J4v,Portsmouth City Council,Direct,1,37940.0,37940.0,3.613539821323123
ID:GB-SRS-sid4gov.cabinetoffice.gov.uk/rkj82J4v,Portsmouth City Council,Selective,2,1012000.0,506000.0,96.38646017867688
ID:GB-SRS-sid4gov.cabinetoffice.gov.uk/rmvc95F8,Hartlepool Borough Council,Open,1,88930.0,88930.0,100.0
ID:GB-SRS-sid4gov.cabinetoffice.gov.uk/s3bk8PB5,Buckinghamshire & Milton Keynes Fire Authority,Direct,2,101000.0,50500.0,1.0186022385085178
ID:GB-SRS-sid4gov.cabinetoffice.gov.uk/s3bk8PB5,Buckinghamshire & Milton Keynes Fire Authority,Limited,1,138900.0,138900.0,1.4008302072161698
ID:GB-SRS-sid4gov.cabinetoffice.gov.uk/s3bk8PB5,Buckinghamshire & Milton Keynes Fire Authority,Open,1,39000.0,39000.0,0.3933216564537841
ID:GB-SRS-sid4gov.cabinetoffice.gov.uk/s3bk8PB5,Buckinghamshire & Milton Keynes Fire Authority,Selective,11,9636648.6,332754.0,97.18724589782153
ID:GB-SRS-sid4gov.cabinetoffice.gov.uk/s4Rw35Tf,Home Office,Open,1,105858.0,105858.0,2.758057535548056
ID:GB-SRS-sid4gov.cabinetoffice.gov.uk/s4Rw35Tf,Home Office,Selective,6,3732278.03,240364.8,97.24194246445197
ID:GB-SRS-sid4gov.cabinetoffice.gov.uk/sBN45ywB,National Audit Office,Direct,10,1232726.6,91363.3,3.686758670685423
ID:GB-SRS-sid4gov.cabinetoffice.gov.uk/sBN45ywB,National Audit Office,Limited,32,698649.42,18330.09,2.089475319956868
ID:GB-SRS-sid4gov.cabinetoffice.gov.uk/sBN45ywB,National Audit Office,Open,27,18153506.0,0.01,54.29232698380959
ID:GB-SRS-sid4gov.cabinetoffice.gov.uk/sBN45ywB,National Audit Office,Selective,42,12831270.92,120000.0,38.37493189505582
ID:GB-SRS-sid4gov.cabinetoffice.gov.uk/sBN45ywB,National Audit Office,Unknown,9,520443.0,56520.0,1.5565071304923035
ID:GB-SRS-sid4gov.cabinetoffice.gov.uk/sHA36gaM,SUSTRANS,Open,1,599931.0,599931.0,100.0
ID:GB-SRS-sid4gov.cabinetoffice.gov.uk/sSHu94gA,NOTTINGHAMSHIRE COUNTY COUNCIL,Open,1,602556.47,602556.47,2.9950197161862517
ID:GB-SRS-sid4gov.cabinetoffice.gov.uk/sSHu94gA,NOTTINGHAMSHIRE COUNTY COUNCIL,Selective,11,19516058.0,1945956.0,97.00498028381377
ID:GB-SRS-sid4gov.cabinetoffice.gov.uk/sWfz42zD,West Midlands Combined Authority,Direct,5,371794.16,45600.0,0.8804675146216066
ID:GB-SRS-sid4gov.cabinetoffice.gov.uk/sWfz42zD,West Midlands Combined Authority,Limited,6,333666.74,54748.75,0.7901757393921781
ID:GB-SRS-sid4gov.cabinetoffice.gov.uk/sWfz42zD,West Midlands Combined Authority,Selective,88,41521441.72,76350.0,98.32935674598622
ID:GB-SRS-sid4gov.cabinetoffice.gov.uk/sjnS37wV,WAKEFIELD AND DISTRICT HOUSING LIMITED,Selective,1,104504.69,104504.69,100.0
ID:GB-SRS-sid4gov.cabinetoffice.gov.uk/skz96Va7,Liverpool John Moores University,Open,2,166943.0,83471.5,34.79334657460302
ID:GB-SRS-sid4gov.cabinetoffice.gov.uk/skz96Va7,Liverpool John Moores University,Selective,1,72870.0,72870.0,15.187166667014024
ID:GB-SRS-sid4gov.cabinetoffice.gov.uk/skz96Va7,Liverpool John Moores University,Unknown,1,240000.0,240000.0,50.01948675838296
ID:GB-SRS-sid4gov.cabinetoffice.gov.uk/t7A7KJFS,FINANCIAL SERVICES COMPENSATION SCHEME LIMITED,Direct,12,974028.12,79495.44,9.446036639158208
ID:GB-SRS-sid4gov.cabinetoffice.gov.uk/t7A7KJFS,FINANCIAL SERVICES COMPENSATION SCHEME LIMITED,Limited,1,83570.0,83570.0,0.8104543038597811
ID:GB-SRS-sid4gov.cabinetoffice.gov.uk/t7A7KJFS,FINANCIAL SERVICES COMPENSATION SCHEME LIMITED,Open,3,425700.0,196200.0,4.12840010952625
ID:GB-SRS-sid4gov.cabinetoffice.gov.uk/t7A7KJFS,FINANCIAL SERVICES COMPENSATION SCHEME LIMITED,Selective,17,4570892.99,163000.0,44.328106931051856
ID:GB-SRS-sid4gov.cabinetoffice.gov.uk/t7A7KJFS,FINANCIAL SERVICES COMPENSATION SCHEME LIMITED,Unknown,1,4257309.44,4257309.44,41.2870020164039
ID:GB-SRS-sid4gov.cabinetoffice.gov.uk/t9Gu6N7M,Post Office,Direct,6,704853.15,110383.075,0.2216073949874554
ID:GB-SRS-sid4gov.cabinetoffice.gov.uk/t9Gu6N7M,Post Office,Limited,6,987500.0,178000.0,0.3104721920447007
ID:GB-SRS-sid4gov.cabinetoffice.gov.uk/t9Gu6N7M,Post Office,Selective,45,316042063.44,900000.0,99.36432629321232
ID:GB-SRS-sid4gov.cabinetoffice.gov.uk/t9Gu6N7M,Post Office,Unknown,5,329495.51,49265.51,0.1035941197555307
ID:GB-SRS-sid4gov.cabinetoffice.gov.uk/tZTc5SHc,Tavistock Town Council,Limited,1,294893.0,294893.0,100.0
ID:GB-SRS-sid4gov.cabinetoffice.gov.uk/thRP693t,NATIONAL NUCLEAR LABORATORY LIMITED,Direct,2,91674.0,45837.0,14.059654657374482
ID:GB-SRS-sid4gov.cabinetoffice.gov.uk/thRP693t,NATIONAL NUCLEAR LABORATORY LIMITED,Selective,6,481191.93,84793.345,73.7983764176922
ID:GB-SRS-sid4gov.cabinetoffice.gov.uk/thRP693t,NATIONAL NUCLEAR LABORATORY LIMITED,Unknown,1,79170.0,79170.0,12.141968924933323
ID:GB-SRS-sid4gov.cabinetoffice.gov.uk/u35f7G67,UNIVERSITY HOSPITALS OF DERBY & BURTON NHS FOUNDATION TRUST,Selective,1,100000.0,100000.0,100.0
ID:GB-SRS-sid4gov.cabinetoffice.gov.uk/u3RQ73WG,Thorne Moorends Council,Direct,1,18000.0,18000.0,12.595339724302008
ID:GB-SRS-sid4gov.cabinetoffice.gov.uk/u3RQ73WG,Thorne Moorends Council,Limited,1,124910.0,124910.0,87.40466027569799
ID:GB-SRS-sid4gov.cabinetoffice.gov.uk/u9rJ3UUB,Oakham Town Council,Open,1,120000.0,120000.0,100.0
ID:GB-SRS-sid4gov.cabinetoffice.gov.uk/uAWz242B,Railway Housing Association & Benefit Fund,Limited,2,239559.0,119779.5,100.0
ID:GB-SRS-sid4gov.cabinetoffice.gov.uk/uKa76m58,MAGENTA LIVING,Selective,2,9480000.0,4740000.0,89.71702795120756
ID:GB-SRS-sid4gov.cabinetoffice.gov.uk/uKa76m58,MAGENTA LIVING,Unknown,6,1086556.0,70000.0,10.282972048792436
ID:GB-SRS-sid4gov.cabinetoffice.gov.uk/uUVZ36Ar,Lancashire Fire & Rescue Service,Selective,3,5101768.0,1210758.0,100.0
ID:GB-SRS-sid4gov.cabinetoffice.gov.uk/uqTv38A3,YOUR HOUSING GROUP LIMITED,Direct,1,30626.09,30626.09,1.8604078484827944
ID:GB-SRS-sid4gov.cabinetoffice.gov.uk/uqTv38A3,YOUR HOUSING GROUP LIMITED,Selective,5,1615576.92,217590.92,98.1395921515172
ID:GB-SRS-sid4gov.cabinetoffice.gov.uk/urSt89dk,South Yorkshire Police Headquarters,Selective,47,55679683.78,240000.0,99.60816414109128
ID:GB-SRS-sid4gov.cabinetoffice.gov.uk/urSt89dk,South Yorkshire Police Headquarters,Unknown,3,219031.21,36000.0,0.391835858908713
ID:GB-SRS-sid4gov.cabinetoffice.gov.uk/uxz69Ne3,Winchester City Council,Limited,5,985740.57,210555.0,27.324494079622912
ID:GB-SRS-sid4gov.cabinetoffice.gov.uk/uxz69Ne3,Winchester City Council,Selective,6,639794.0,84314.5,17.734937464507787
ID:GB-SRS-sid4gov.cabinetoffice.gov.uk/uxz69Ne3,Winchester City Council,Unknown,1,1982000.0,1982000.0,54.94056845586929
ID:GB-SRS-sid4gov.cabinetoffice.gov.uk/v2gr32H4,Lancashire County Council,Direct,4,231377.55,54738.775,0.0703516003001115
ID:GB-SRS-sid4gov.cabinetoffice.gov.uk/v2gr32H4,Lancashire County Council,Limited,1,70255.0,70255.0,0.0213614141868316
ID:GB-SRS-sid4gov.cabinetoffice.gov.uk/v2gr32H4,Lancashire County Council,Open,22,133990511.5,985386.25,40.74054249885308
ID:GB-SRS-sid4gov.cabinetoffice.gov.uk/v2gr32H4,Lancashire County Council,Selective,37,87081034.45,236112.92,26.47746131526869
ID:GB-SRS-sid4gov.cabinetoffice.gov.uk/v2gr32H4,Lancashire County Council,Unknown,28,107514222.8,123355.5,32.69028317139128
ID:GB-SRS-sid4gov.cabinetoffice.gov.uk/vAyU95u5,Chesterfield Borough Council,Limited,1,56915.68,56915.68,0.5336815231341303
ID:GB-SRS-sid4gov.cabinetoffice.gov.uk/vAyU95u5,Chesterfield Borough Council,Open,2,202836.53,101418.265,1.9019382405277725
ID:GB-SRS-sid4gov.cabinetoffice.gov.uk/vAyU95u5,Chesterfield Borough Council,Selective,13,10342729.83,391500.95,96.98072322142517
ID:GB-SRS-sid4gov.cabinetoffice.gov.uk/vAyU95u5,Chesterfield Borough Council,Unknown,1,62245.43,62245.43,0.5836570149129183
ID:GB-SRS-sid4gov.cabinetoffice.gov.uk/vNU233s4,National Savings & Investments,Direct,6,2127736.0,135864.0,58.080115737897344
ID:GB-SRS-sid4gov.cabinetoffice.gov.uk/vNU233s4,National Savings & Investments,Selective,3,191000.0,55000.0,5.213664714954483
ID:GB-SRS-sid4gov.cabinetoffice.gov.uk/vNU233s4,National Savings & Investments,Unknown,2,1344714.0,672357.0,36.70621954714818
ID:GB-SRS-sid4gov.cabinetoffice.gov.uk/vR5y4aT7,TORBAY COUNCIL,Limited,4,143806.22,34000.0,0.6441738297844667
ID:GB-SRS-sid4gov.cabinetoffice.gov.uk/vR5y4aT7,TORBAY COUNCIL,Open,4,18041681.0,1431768.5,80.81694064081266
ID:GB-SRS-sid4gov.cabinetoffice.gov.uk/vR5y4aT7,TORBAY COUNCIL,Selective,2,897450.99,448725.495,4.020093437350353
ID:GB-SRS-sid4gov.cabinetoffice.gov.uk/vR5y4aT7,TORBAY COUNCIL,Unknown,23,3241194.4,75000.0,14.518792092052532
ID:GB-SRS-sid4gov.cabinetoffice.gov.uk/vcMa44X5,THE LONDON BOROUGH OF HAVERING,Selective,8,1737343.0,194122.0,100.0
ID:GB-SRS-sid4gov.cabinetoffice.gov.uk/vkU269eN,University Of The West Of England,Direct,1,21905.0,21905.0,0.1593601474664751
ID:GB-SRS-sid4gov.cabinetoffice.gov.uk/vkU269eN,University Of The West Of England,Limited,7,342467.03,51652.27,2.491467537238336
ID:GB-SRS-sid4gov.cabinetoffice.gov.uk/vkU269eN,University Of The West Of England,Open,1,40700.0,40700.0,0.2960948642723367
ID:GB-SRS-sid4gov.cabinetoffice.gov.uk/vkU269eN,University Of The West Of England,Selective,71,9539270.37,58458.9,69.39874608015414
ID:GB-SRS-sid4gov.cabinetoffice.gov.uk/vkU269eN,University Of The West Of England,Unknown,56,3801252.31,40426.5,27.65433137086871
ID:GB-SRS-sid4gov.cabinetoffice.gov.uk/vpJD4jvD,Health & Safety Executive,Direct,2,189072.0,94536.0,0.1569788140662904
ID:GB-SRS-sid4gov.cabinetoffice.gov.uk/vpJD4jvD,Health & Safety Executive,Open,8,116979320.0,40861.5,97.12318547368774
ID:GB-SRS-sid4gov.cabinetoffice.gov.uk/vpJD4jvD,Health & Safety Executive,Selective,10,3110886.5,139770.75,2.582842903575532
ID:GB-SRS-sid4gov.cabinetoffice.gov.uk/vpJD4jvD,Health & Safety Executive,Unknown,1,165000.0,165000.0,0.1369928086704425
ID:GB-SRS-sid4gov.cabinetoffice.gov.uk/w6Y28DTT,THE COMMUNITY HOUSING GROUP LIMITED,Open,2,913652.38,456826.19,100.0
ID:GB-SRS-sid4gov.cabinetoffice.gov.uk/wBAP5Awf,UNIVERSITY OF PLYMOUTH,Direct,15,911418.06,39135.0,20.97561488098099
ID:GB-SRS-sid4gov.cabinetoffice.gov.uk/wBAP5Awf,UNIVERSITY OF PLYMOUTH,Limited,6,228031.8,32323.705,5.247983803850541
ID:GB-SRS-sid4gov.cabinetoffice.gov.uk/wBAP5Awf,UNIVERSITY OF PLYMOUTH,Selective,25,3205681.69,62916.0,73.77640131516847
ID:GB-SRS-sid4gov.cabinetoffice.gov.uk/wBZN8QA2,MERSEYTRAVEL LIMITED,Selective,1,298607.58,298607.58,100.0
ID:GB-SRS-sid4gov.cabinetoffice.gov.uk/wFhD2sYK,HUMBER TEACHING NHS FOUNDATION TRUST,Selective,1,2941850.0,2941850.0,18.84920202684745
ID:GB-SRS-sid4gov.cabinetoffice.gov.uk/wFhD2sYK,HUMBER TEACHING NHS FOUNDATION TRUST,Unknown,8,12665442.0,0.0,81.15079797315255
ID:GB-SRS-sid4gov.cabinetoffice.gov.uk/wMwH648A,North Somerset Council,Direct,1,62500.0,62500.0,1.0019398886821058
ID:GB-SRS-sid4gov.cabinetoffice.gov.uk/wMwH648A,North Somerset Council,Selective,16,6175399.17,186979.975,98.9980601113179
ID:GB-SRS-sid4gov.cabinetoffice.gov.uk/wYBr9sWT,BISHOP WILKINSON CATHOLIC EDUCATION TRUST,Limited,3,131920.0,16920.0,0.5595733075036918
ID:GB-SRS-sid4gov.cabinetoffice.gov.uk/wYBr9sWT,BISHOP WILKINSON CATHOLIC EDUCATION TRUST,Selective,25,23443185.93,388633.12,99.4404266924963
ID:GB-SRS-sid4gov.cabinetoffice.gov.uk/wmvV48YG,The Christie NHS Foundation Trust,Selective,1,237615.0,237615.0,100.0
ID:GB-SRS-sid4gov.cabinetoffice.gov.uk/wrP44fnV,ASTON UNIVERSITY,Direct,1,80000.0,80000.0,0.99135217720666
ID:GB-SRS-sid4gov.cabinetoffice.gov.uk/wrP44fnV,ASTON UNIVERSITY,Limited,1,70632.0,70632.0,0.8752648372557603
ID:GB-SRS-sid4gov.cabinetoffice.gov.uk/wrP44fnV,ASTON UNIVERSITY,Selective,11,7769154.08,230000.0,96.2745976532751
ID:GB-SRS-sid4gov.cabinetoffice.gov.uk/wrP44fnV,ASTON UNIVERSITY,Unknown,1,150000.0,150000.0,1.858785332262488
ID:GB-SRS-sid4gov.cabinetoffice.gov.uk/wwFx2665,Thames Valley Police,Limited,1,39500.0,39500.0,0.1537754201475387
ID:GB-SRS-sid4gov.cabinetoffice.gov.uk/wwFx2665,Thames Valley Police,Selective,9,25647310.0,249000.0,99.84622457985246
ID:GB-SRS-sid4gov.cabinetoffice.gov.uk/wy2u84Mq,Derbyshire Dales District Council,Direct,2,277313.0,138656.5,5.660349552757414
ID:GB-SRS-sid4gov.cabinetoffice.gov.uk/wy2u84Mq,Derbyshire Dales District Council,Selective,23,4621907.4,109330.69,94.3396504472426
ID:GB-SRS-sid4gov.cabinetoffice.gov.uk/x6ZG4d4t,Walsall Council,Selective,2,4537500.0,2268750.0,100.0
ID:GB-SRS-sid4gov.cabinetoffice.gov.uk/x99Z57kn,DERBY HOMES LIMITED,Selective,2,1477500.0,738750.0,100.0
ID:GB-SRS-sid4gov.cabinetoffice.gov.uk/xMEv79c5,LONDON BOROUGH OF WALTHAM FOREST,Selective,1,44268.0,44268.0,100.0
ID:GB-SRS-sid4gov.cabinetoffice.gov.uk/xTJy93Ss,UNIVERSITY OF EXETER,Selective,1,184797.6,184797.6,100.0
ID:GB-SRS-sid4gov.cabinetoffice.gov.uk/xqB63NF3,Street Parish Council,Limited,1,59028.0,59028.0,100.0
ID:GB-SRS-sid4gov.cabinetoffice.gov.uk/y72tK3Wa,Northumbria Healthcare N H S Foundation Trust,Selective,1,294560.8,294560.8,100.0
ID:GB-SRS-sid4gov.cabinetoffice.gov.uk/yDSF5WFV,RYKNELD HOMES LIMITED,Selective,1,160000.0,160000.0,100.0
ID:GB-SRS-sid4gov.cabinetoffice.gov.uk/yUE92Yy8,MINING REMEDIATION AUTHORITY,Open,4,1042725.0,161999.5,10.618826683915836
ID:GB-SRS-sid4gov.cabinetoffice.gov.uk/yUE92Yy8,MINING REMEDIATION AUTHORITY,Selective,8,8776862.71,73802.25,89.38117331608416
ID:GB-SRS-sid4gov.cabinetoffice.gov.uk/yuTz99EE,Lisburn & Castlereagh City Council,Selective,1,192778.31,192778.31,100.0
ID:GB-SRS-sid4gov.cabinetoffice.gov.uk/yw6V6BQx,QE FACILITIES LIMITED,Direct,1,22400.0,22400.0,0.7916656829749326
ID:GB-SRS-sid4gov.cabinetoffice.gov.uk/yw6V6BQx,QE FACILITIES LIMITED,Selective,22,2733265.1,51081.91,96.59965098852892
ID:GB-SRS-sid4gov.cabinetoffice.gov.uk/yw6V6BQx,QE FACILITIES LIMITED,Unknown,2,73812.1,36906.05,2.608683328496162
ID:GB-SRS-sid4gov.cabinetoffice.gov.uk/yzdk77U9,POLICE & CRIME COMMISSIONER FOR CLEVELAND,Selective,1,1458000.0,1458000.0,100.0
ID:GB-SRS-sid4gov.cabinetoffice.gov.uk/zNa263jj,Oswestry Town Council,Limited,2,123000.0,61500.0,100.0
ID:GB-SRS-sid4gov.cabinetoffice.gov.uk/zUF854B8,Bedford Borough Council,Selective,13,53897286.13,300000.0,93.0679225700538
ID:GB-SRS-sid4gov.cabinetoffice.gov.uk/zUF854B8,Bedford Borough Council,Unknown,23,4014489.1,105110.0,6.932077429946193
ID:GB-SRS-sid4gov.cabinetoffice.gov.uk/zXxx45v7,LONDON & QUADRANT HOUSING TRUST,Limited,2,463041.6,231520.8,5.018377941196863
ID:GB-SRS-sid4gov.cabinetoffice.gov.uk/zXxx45v7,LONDON & QUADRANT HOUSING TRUST,Selective,13,8609104.3,191066.4,93.30422820019425
ID:GB-SRS-sid4gov.cabinetoffice.gov.uk/zXxx45v7,LONDON & QUADRANT HOUSING TRUST,Unknown,2,154771.75,77385.875,1.677393858608893
ID:GB-SRS-sid4gov.cabinetoffice.gov.uk/zbKz776r,Lancashire Constabulary,Direct,6,494212.26,90707.0,0.6368840528669337
ID:GB-SRS-sid4gov.cabinetoffice.gov.uk/zbKz776r,Lancashire Constabulary,Limited,8,8268300.25,26621.325,10.655236625535515
ID:GB-SRS-sid4gov.cabinetoffice.gov.uk/zbKz776r,Lancashire Constabulary,Open,2,3390000.0,1695000.0,4.368643018323555
ID:GB-SRS-sid4gov.cabinetoffice.gov.uk/zbKz776r,Lancashire Constabulary,Selective,92,65346313.78,122932.56,84.21083111155673
ID:GB-SRS-sid4gov.cabinetoffice.gov.uk/zbKz776r,Lancashire Constabulary,Unknown,2,99640.46,49820.23,0.1284051917172706
ID:GB-SRS-sid4gov.cabinetoffice.gov.uk/zc6B3AWu,NHS HUMBER & NORTH YORKSHIRE ICB,Direct,14,1396540.0,90457.5,1.4634828638008792
ID:GB-SRS-sid4gov.cabinetoffice.gov.uk/zc6B3AWu,NHS HUMBER & NORTH YORKSHIRE ICB,Limited,6,1414655.0,141266.5,1.482466202679646
ID:GB-SRS-sid4gov.cabinetoffice.gov.uk/zc6B3AWu,NHS HUMBER & NORTH YORKSHIRE ICB,Open,4,83538742.0,18774751.0,87.54315478287968
ID:GB-SRS-sid4gov.cabinetoffice.gov.uk/zc6B3AWu,NHS HUMBER & NORTH YORKSHIRE ICB,Selective,10,6443396.24,227766.5,6.752259141821228
ID:GB-SRS-sid4gov.cabinetoffice.gov.uk/zc6B3AWu,NHS HUMBER & NORTH YORKSHIRE ICB,Unknown,3,2632451.0,396000.0,2.758637008818572
ID:GB-SRS-sid4gov.cabinetoffice.gov.uk/zsJa76Y7,Staffordshire Police,Limited,1,72500.0,72500.0,3.2936580047246955
ID:GB-SRS-sid4gov.cabinetoffice.gov.uk/zsJa76Y7,Staffordshire Police,Selective,1,2128700.0,2128700.0,96.7063419952753
ID:GB-SRS-supplierregistration.cabinetoffice.gov.uk/22G225qW,SOCIAL WORK ENGLAND,Selective,2,212600.0,106300.0,70.25776602775942
ID:GB-SRS-supplierregistration.cabinetoffice.gov.uk/22G225qW,SOCIAL WORK ENGLAND,Unknown,1,90000.0,90000.0,29.742233972240584
ID:GB-SRS-supplierregistration.cabinetoffice.gov.uk/25wM52dT,Cinderford Town Council,Open,1,15967.0,15967.0,100.0
ID:GB-SRS-supplierregistration.cabinetoffice.gov.uk/29yF6WW9,WESTFIELD PARISH COUNCIL,Open,1,125621.0,125621.0,100.0
ID:GB-SRS-supplierregistration.cabinetoffice.gov.uk/2D5f8pBF,Chartham Parish Council,Open,1,23106.0,23106.0,100.0
ID:GB-SRS-supplierregistration.cabinetoffice.gov.uk/2GDm35T6,Mersey and West Lancashire Teaching Hospitals NHS Trust,Selective,2,291243.2,145621.6,100.0
ID:GB-SRS-supplierregistration.cabinetoffice.gov.uk/2RQS6jar,Leicester Forest East Parish Council,Open,1,23805.0,23805.0,100.0
ID:GB-SRS-supplierregistration.cabinetoffice.gov.uk/2yKS4Htu,Platform Housing Group,Unknown,15,310722853.45,135007.14,100.0
ID:GB-SRS-supplierregistration.cabinetoffice.gov.uk/33rD6A8J,GOVERNMENT PROPERTY AGENCY,Direct,2,163883.0,81941.5,0.0961939707454466
ID:GB-SRS-supplierregistration.cabinetoffice.gov.uk/33rD6A8J,GOVERNMENT PROPERTY AGENCY,Limited,1,440000.0,440000.0,0.2582656354106071
ID:GB-SRS-supplierregistration.cabinetoffice.gov.uk/33rD6A8J,GOVERNMENT PROPERTY AGENCY,Selective,42,169734543.48,364979.0,99.6286357340716
ID:GB-SRS-supplierregistration.cabinetoffice.gov.uk/33rD6A8J,GOVERNMENT PROPERTY AGENCY,Unknown,1,28800.0,28800.0,0.0169046597723306
ID:GB-SRS-supplierregistration.cabinetoffice.gov.uk/37G7t5AD,NHS SCW CSU,Selective,2,428333.0,214166.5,100.0
ID:GB-SRS-supplierregistration.cabinetoffice.gov.uk/3C7Zp6Gp,BELFAST WATERFRONT AND ULSTER HALL LIMITED,Unknown,1,300000.0,300000.0,100.0
ID:GB-SRS-supplierregistration.cabinetoffice.gov.uk/3Rpv2fBR,CITIZEN HOUSING GROUP LIMITED,Limited,3,156500.0,40000.0,0.5095827607989216
ID:GB-SRS-supplierregistration.cabinetoffice.gov.uk/3Rpv2fBR,CITIZEN HOUSING GROUP LIMITED,Selective,19,30554900.0,400000.0,99.49041723920108
ID:GB-SRS-supplierregistration.cabinetoffice.gov.uk/3TqU8FBE,NHS DORSET ICB,Limited,1,94392.0,94392.0,100.0
ID:GB-SRS-supplierregistration.cabinetoffice.gov.uk/3ae2HrvA,THE UNIVERSITY OF WOLVERHAMPTON,Limited,1,384000.0,384000.0,5.57815223707147
ID:GB-SRS-supplierregistration.cabinetoffice.gov.uk/3ae2HrvA,THE UNIVERSITY OF WOLVERHAMPTON,Selective,2,6500000.0,3250000.0,94.42184776292854
ID:GB-SRS-supplierregistration.cabinetoffice.gov.uk/425BgBDy,South Hampshire College Group,Selective,2,3565000.0,1782500.0,100.0
ID:GB-SRS-supplierregistration.cabinetoffice.gov.uk/462vZ6cK,Central Swindon North Parish Council,Open,2,1556281.54,778140.77,100.0
ID:GB-SRS-supplierregistration.cabinetoffice.gov.uk/4DmJ8snJ,Lowestoft Town Council,Open,1,67492.0,67492.0,100.0
ID:GB-SRS-supplierregistration.cabinetoffice.gov.uk/4J63mJfJ,ONGO HOMES LIMITED,Unknown,2,10000000.0,5000000.0,100.0
ID:GB-SRS-supplierregistration.cabinetoffice.gov.uk/4TdY252M,Royal Sutton Coldfield Town Council,Direct,1,153000.0,153000.0,11.07348137878305
ID:GB-SRS-supplierregistration.cabinetoffice.gov.uk/4TdY252M,Royal Sutton Coldfield Town Council,Selective,7,1228679.3,139899.0,88.92651862121696
ID:GB-SRS-supplierregistration.cabinetoffice.gov.uk/4nJF53Z9,Cheshire East Council,Selective,1,150000.0,150000.0,100.0
ID:GB-SRS-supplierregistration.cabinetoffice.gov.uk/55BBNxBC,Hook Parish Council,Open,1,2456079.33,2456079.33,100.0
ID:GB-SRS-supplierregistration.cabinetoffice.gov.uk/5A56EzTj,ST IVES TOWN COUNCIL,Open,1,128289.0,128289.0,100.0
ID:GB-SRS-supplierregistration.cabinetoffice.gov.uk/5BBvWMVF,Lenham Parish Council,Open,1,83852.5,83852.5,100.0
ID:GB-SRS-supplierregistration.cabinetoffice.gov.uk/5UWD4h49,BLUELIGHT COMMERCIAL LIMITED,Direct,1,165275.0,165275.0,0.4345800368309887
ID:GB-SRS-supplierregistration.cabinetoffice.gov.uk/5UWD4h49,BLUELIGHT COMMERCIAL LIMITED,Limited,2,31946709.41,15973354.705,84.00182817744181
ID:GB-SRS-supplierregistration.cabinetoffice.gov.uk/5UWD4h49,BLUELIGHT COMMERCIAL LIMITED,Selective,7,5918984.8,89271.96,15.5635917857272
ID:GB-SRS-supplierregistration.cabinetoffice.gov.uk/5WZN7n3P,THE VETERINARY MEDICINES DIRECTORATE,Selective,1,87000.0,87000.0,100.0
ID:GB-SRS-supplierregistration.cabinetoffice.gov.uk/5Z7XjjkA,Eccleshall Parish Council,Limited,1,99858.0,99858.0,100.0
ID:GB-SRS-supplierregistration.cabinetoffice.gov.uk/5t5fDQB9,FAIR4ALL FINANCE LIMITED,Open,1,74774.0,74774.0,100.0
ID:GB-SRS-supplierregistration.cabinetoffice.gov.uk/5wk9HQzC,Office Of The Children's Commissioner,Selective,1,24000.0,24000.0,100.0
ID:GB-SRS-supplierregistration.cabinetoffice.gov.uk/63ETt9Hk,WEST KENT HOUSING ASSOCIATION,Direct,2,88407.0,44203.5,0.4016508660648194
ID:GB-SRS-supplierregistration.cabinetoffice.gov.uk/63ETt9Hk,WEST KENT HOUSING ASSOCIATION,Limited,6,5435975.0,81363.5,24.696732913193603
ID:GB-SRS-supplierregistration.cabinetoffice.gov.uk/63ETt9Hk,WEST KENT HOUSING ASSOCIATION,Selective,15,16486525.35,199217.0,74.90161622074157
ID:GB-SRS-supplierregistration.cabinetoffice.gov.uk/63saN6Z6,Goring-on-Thames Parish Council,Open,1,200000.0,200000.0,100.0
ID:GB-SRS-supplierregistration.cabinetoffice.gov.uk/6Dd7Ggp9,Aylesbury Town Council,Open,1,270000.0,270000.0,100.0
ID:GB-SRS-supplierregistration.cabinetoffice.gov.uk/6G3Un2vS,TODDINGTON PARISH COUNCIL,Open,1,69984.17,69984.17,100.0
ID:GB-SRS-supplierregistration.cabinetoffice.gov.uk/6YAJ2hDM,GENOMICS ENGLAND LIMITED,Direct,21,829290.31,30335.26,17.40164925328699
ID:GB-SRS-supplierregistration.cabinetoffice.gov.uk/6YAJ2hDM,GENOMICS ENGLAND LIMITED,Limited,2,88027.6,44013.8,1.8471521990997888
ID:GB-SRS-supplierregistration.cabinetoffice.gov.uk/6YAJ2hDM,GENOMICS ENGLAND LIMITED,Selective,26,3848266.65,70328.13500000001,80.75119854761323
ID:GB-SRS-supplierregistration.cabinetoffice.gov.uk/6dx3SptK,Brampton Memorial Playing Field,Limited,1,62500.0,62500.0,100.0
ID:GB-SRS-supplierregistration.cabinetoffice.gov.uk/6gKE6MZH,SOUTHERN HOUSING,Direct,16,13306224.0,204280.725,21.390884284978792
ID:GB-SRS-supplierregistration.cabinetoffice.gov.uk/6gKE6MZH,SOUTHERN HOUSING,Limited,17,7765802.79,360533.33,12.484187013600213
ID:GB-SRS-supplierregistration.cabinetoffice.gov.uk/6gKE6MZH,SOUTHERN HOUSING,Open,1,3000000.0,3000000.0,4.822754588750075
ID:GB-SRS-supplierregistration.cabinetoffice.gov.uk/6gKE6MZH,SOUTHERN HOUSING,Selective,28,38133087.42,325000.0,61.302174112670926
ID:GB-SRS-supplierregistration.cabinetoffice.gov.uk/6sQD8uds,Crown Commercial Service,Direct,9,512284.62,25062.62,0.00036448812865
ID:GB-SRS-supplierregistration.cabinetoffice.gov.uk/6sQD8uds,Crown Commercial Service,Open,31,136957173821.0,1200000000.0,97.44439329686811
ID:GB-SRS-supplierregistration.cabinetoffice.gov.uk/6sQD8uds,Crown Commercial Service,Selective,185,3513471453.6,508000.0,2.499818626583116
ID:GB-SRS-supplierregistration.cabinetoffice.gov.uk/6sQD8uds,Crown Commercial Service,Unknown,40,77897329.71,116218.0,0.0554235884201135
ID:GB-SRS-supplierregistration.cabinetoffice.gov.uk/73TY7evj,Horncastle Town Council,Limited,1,45885.0,45885.0,27.60472725765429
ID:GB-SRS-supplierregistration.cabinetoffice.gov.uk/73TY7evj,Horncastle Town Council,Selective,1,120336.53,120336.53,72.39527274234571
ID:GB-SRS-supplierregistration.cabinetoffice.gov.uk/77EpxvMC,Crowthorne Parish Council,Open,2,95352.45,47676.225,100.0
ID:GB-SRS-supplierregistration.cabinetoffice.gov.uk/7Qf85gu5,Hayle Town Council,Open,1,145820.0,145820.0,100.0
ID:GB-SRS-supplierregistration.cabinetoffice.gov.uk/7TEj73D9,UK Debt Management Office,Selective,9,733028.35,59850.0,100.0
ID:GB-SRS-supplierregistration.cabinetoffice.gov.uk/7XvK3H5Z,LOCAL GOVERNMENT ASSOCIATION,Selective,2,1763273.11,881636.555,100.0
ID:GB-SRS-supplierregistration.cabinetoffice.gov.uk/7ZQhCR3D,Penzance Council,Open,4,728369.02,88282.515,100.0
ID:GB-SRS-supplierregistration.cabinetoffice.gov.uk/7fCC8nV3,HULL ROYAL INFIRMARY,Direct,3,138655.68,48654.0,32.20945785189348
ID:GB-SRS-supplierregistration.cabinetoffice.gov.uk/7fCC8nV3,HULL ROYAL INFIRMARY,Selective,4,291825.58,50353.78999999999,67.79054214810651
ID:GB-SRS-supplierregistration.cabinetoffice.gov.uk/7kXM7EhD,Wychavon District Council,Selective,1,41170.0,41170.0,100.0
ID:GB-SRS-supplierregistration.cabinetoffice.gov.uk/85wCE699,Melksham Without Parish Council,Open,1,123089.25,123089.25,100.0
ID:GB-SRS-supplierregistration.cabinetoffice.gov.uk/89sV7UBq,Cleveland Fire Authority,Limited,1,29960.0,29960.0,0.4360093827356374
ID:GB-SRS-supplierregistration.cabinetoffice.gov.uk/89sV7UBq,Cleveland Fire Authority,Open,1,110000.0,110000.0,1.600835517387187
ID:GB-SRS-supplierregistration.cabinetoffice.gov.uk/89sV7UBq,Cleveland Fire Authority,Selective,17,6581451.76,168000.0,95.78019757616738
ID:GB-SRS-supplierregistration.cabinetoffice.gov.uk/89sV7UBq,Cleveland Fire Authority,Unknown,1,150000.0,150000.0,2.1829575237098
ID:GB-SRS-supplierregistration.cabinetoffice.gov.uk/8GAa7tfE,NEWCASTLE COLLEGE GROUP,Open,1,194080.56,194080.56,1.158508861449482
ID:GB-SRS-supplierregistration.cabinetoffice.gov.uk/8GAa7tfE,NEWCASTLE COLLEGE GROUP,Selective,10,16558537.09,500000.0,98.84149113855052
ID:GB-SRS-supplierregistration.cabinetoffice.gov.uk/8PyB7dFX,UNIVERSITY OF SUFFOLK,Selective,3,2091128.78,595858.0,100.0
ID:GB-SRS-supplierregistration.cabinetoffice.gov.uk/8Trm5n4H,West Yorkshire Combined Authority,Direct,1,42669.71,42669.71,0.8792838766703066
ID:GB-SRS-supplierregistration.cabinetoffice.gov.uk/8Trm5n4H,West Yorkshire Combined Authority,Selective,7,4810110.05,300000.0,99.1207161233297
ID:GB-SRS-supplierregistration.cabinetoffice.gov.uk/8ats8TtU,MERSEYSIDE FIRE AND RESCUE AUTHORITY,Open,4,233614.0,47176.0,3.907555971034107
ID:GB-SRS-supplierregistration.cabinetoffice.gov.uk/8ats8TtU,MERSEYSIDE FIRE AND RESCUE AUTHORITY,Selective,11,5744905.61,315333.0,96.0924440289659
ID:GB-SRS-supplierregistration.cabinetoffice.gov.uk/8kdd5W3D,HABINTEG HOUSING ASSOCIATION LIMITED,Selective,2,716273.52,358136.76,100.0
ID:GB-SRS-supplierregistration.cabinetoffice.gov.uk/8uw25HB5,SWAYTHLING HOUSING SOCIETY LIMITED,Selective,1,2100000.0,2100000.0,100.0
ID:GB-SRS-supplierregistration.cabinetoffice.gov.uk/92BQqwVR,Crewe Town Council,Open,1,90000.0,90000.0,100.0
ID:GB-SRS-supplierregistration.cabinetoffice.gov.uk/936jFw88,BROMYARD & WINSLOW TOWN COUNCIL,Direct,1,67000.0,67000.0,100.0
ID:GB-SRS-supplierregistration.cabinetoffice.gov.uk/98daTnKc,East Herts Council,Direct,3,120821.06,35850.0,11.697185998515684
ID:GB-SRS-supplierregistration.cabinetoffice.gov.uk/98daTnKc,East Herts Council,Limited,1,49409.0,49409.0,4.78348942643494
ID:GB-SRS-supplierregistration.cabinetoffice.gov.uk/98daTnKc,East Herts Council,Selective,5,862677.0,150000.0,83.51932457504937
ID:GB-SRS-supplierregistration.cabinetoffice.gov.uk/992V7dNA,N I Local Government Officer Superannuation Committee,Selective,1,0.0,0.0,
ID:GB-SRS-supplierregistration.cabinetoffice.gov.uk/9BCK5kBF,The Police and Crime Commissioner for Humberside,Direct,2,79446.9,39723.45,9.61925817454541
ID:GB-SRS-supplierregistration.cabinetoffice.gov.uk/9BCK5kBF,The Police and Crime Commissioner for Humberside,Selective,3,746468.14,220000.0,90.3807418254546
ID:GB-SRS-supplierregistration.cabinetoffice.gov.uk/9DPAex7K,ST OSYTH PRIORY & PARISH TRUST,Open,2,29803.0,14901.5,7.798035511504869
ID:GB-SRS-supplierregistration.cabinetoffice.gov.uk/9DPAex7K,ST OSYTH PRIORY & PARISH TRUST,Selective,2,352383.0,176191.5,92.20196448849514
ID:GB-SRS-supplierregistration.cabinetoffice.gov.uk/A23Rnp6g,City of Ely Council,Limited,1,63124.8,63124.8,52.98067938525934
ID:GB-SRS-supplierregistration.cabinetoffice.gov.uk/A23Rnp6g,City of Ely Council,Unknown,1,56022.03,56022.03,47.01932061474065
ID:GB-SRS-supplierregistration.cabinetoffice.gov.uk/A6tfSM6M,Dorset Council,Selective,1,260000.0,260000.0,100.0
ID:GB-SRS-supplierregistration.cabinetoffice.gov.uk/A7BG2p2r,Swingfield Parish Council,Limited,1,46600.0,46600.0,100.0
ID:GB-SRS-supplierregistration.cabinetoffice.gov.uk/ABuN49gK,WELLINGBOROUGH TOWN COUNCIL,Open,1,322775.97,322775.97,100.0
ID:GB-SRS-supplierregistration.cabinetoffice.gov.uk/AGq46R3e,CITY OF PORTSMOUTH COLLEGE,Selective,1,339613.0,339613.0,84.91874767145003
ID:GB-SRS-supplierregistration.cabinetoffice.gov.uk/AGq46R3e,CITY OF PORTSMOUTH COLLEGE,Unknown,1,60314.0,60314.0,15.08125232854996
ID:GB-SRS-supplierregistration.cabinetoffice.gov.uk/AYzg4DhH,Ebbsfleet Development Corporation,Limited,3,147480.0,41207.0,15.889604526834985
ID:GB-SRS-supplierregistration.cabinetoffice.gov.uk/AYzg4DhH,Ebbsfleet Development Corporation,Open,2,373446.0,186723.0,40.2353488752944
ID:GB-SRS-supplierregistration.cabinetoffice.gov.uk/AYzg4DhH,Ebbsfleet Development Corporation,Selective,1,57780.0,57780.0,6.225260032279127
ID:GB-SRS-supplierregistration.cabinetoffice.gov.uk/AYzg4DhH,Ebbsfleet Development Corporation,Unknown,3,349448.0,119448.0,37.64978656559149
ID:GB-SRS-supplierregistration.cabinetoffice.gov.uk/Aw3KJ8Uw,Poynton Town Council,Open,1,15000.0,15000.0,100.0
ID:GB-SRS-supplierregistration.cabinetoffice.gov.uk/B2te3ABH,GATEWAY HOUSING ASSOCIATION LIMITED,Selective,5,2501682.08,350000.0,100.0
ID:GB-SRS-supplierregistration.cabinetoffice.gov.uk/B6qD5Dn9,INSPIRATION TRUST,Selective,1,897682.14,897682.14,100.0
ID:GB-SRS-supplierregistration.cabinetoffice.gov.uk/BABt8nMa,MEDICINES DISCOVERY CATAPULT LIMITED,Limited,2,116600.18,58300.09,16.271462161519747
ID:GB-SRS-supplierregistration.cabinetoffice.gov.uk/BABt8nMa,MEDICINES DISCOVERY CATAPULT LIMITED,Selective,1,599992.95,599992.95,83.72853783848026
ID:GB-SRS-supplierregistration.cabinetoffice.gov.uk/BS2eeknW,Gateshead Council,Unknown,1,632000.0,632000.0,100.0
ID:GB-SRS-supplierregistration.cabinetoffice.gov.uk/BWBB3g89,Sandwell Metropolitan Borough Council,Selective,3,11280373.07,2990198.07,100.0
ID:GB-SRS-supplierregistration.cabinetoffice.gov.uk/BaFP9raB,STAR Procurement,Selective,5,1038664.0,272000.0,100.0
ID:GB-SRS-supplierregistration.cabinetoffice.gov.uk/Batb4U2c,CELTIC SEA POWER LIMITED,Open,1,40000.0,40000.0,100.0
ID:GB-SRS-supplierregistration.cabinetoffice.gov.uk/Bb9pER3M,Great Waltham Parish Council,Open,1,160000.0,160000.0,100.0
ID:GB-SRS-supplierregistration.cabinetoffice.gov.uk/Bvjz4J5a,WEST SUFFOLK COUNCIL,Open,4,2219603.98,420558.99,92.60562360450864
ID:GB-SRS-supplierregistration.cabinetoffice.gov.uk/Bvjz4J5a,WEST SUFFOLK COUNCIL,Unknown,2,177231.0,88615.5,7.394376395491357
ID:GB-SRS-supplierregistration.cabinetoffice.gov.uk/C5Ph8Dsz,DIGITAL DEFENCE LIMITED,Selective,47,48251835.24,598430.0,100.0
ID:GB-SRS-supplierregistration.cabinetoffice.gov.uk/C9U4w9Jm,Newbury Town Council,Direct,1,360731.0,360731.0,100.0
ID:GB-SRS-supplierregistration.cabinetoffice.gov.uk/CNsE523w,LANCASHIRE RENEWABLES LIMITED,Direct,1,150000.0,150000.0,1.8353113911660344
ID:GB-SRS-supplierregistration.cabinetoffice.gov.uk/CNsE523w,LANCASHIRE RENEWABLES LIMITED,Selective,3,8023000.0,1000000.0,98.16468860883396
ID:GB-SRS-supplierregistration.cabinetoffice.gov.uk/CQ6N6h2X,Ward Hadaway,Selective,1,15708933.96,15708933.96,100.0
ID:GB-SRS-supplierregistration.cabinetoffice.gov.uk/CXR46rwB,DEPARTMENTAL NUCLEAR COMPANY LIMITED,Selective,4,11800000.0,2400000.0,100.0
ID:GB-SRS-supplierregistration.cabinetoffice.gov.uk/Ca8D6DBA,Whaley Bridge Town Council,Selective,1,209633.09,209633.09,100.0
ID:GB-SRS-supplierregistration.cabinetoffice.gov.uk/D8JBmaGh,Partners Procurement Service,Direct,17,795399.09,45045.0,6.52144545437596
ID:GB-SRS-supplierregistration.cabinetoffice.gov.uk/D8JBmaGh,Partners Procurement Service,Limited,1,16694.1,16694.1,0.1368742608944872
ID:GB-SRS-supplierregistration.cabinetoffice.gov.uk/D8JBmaGh,Partners Procurement Service,Selective,44,11384575.41,70273.3,93.34168028472956
ID:GB-SRS-supplierregistration.cabinetoffice.gov.uk/DFBF9ptG,THE ROYAL INSTITUTION OF CORNWALL,Unknown,1,541197.0,541197.0,100.0
ID:GB-SRS-supplierregistration.cabinetoffice.gov.uk/DK9Puw9e,THE CAMBRIDGE HOUSING SOCIETY LIMITED,Direct,1,68210.1,68210.1,10.957461625245726
ID:GB-SRS-supplierregistration.cabinetoffice.gov.uk/DK9Puw9e,THE CAMBRIDGE HOUSING SOCIETY LIMITED,Open,1,23040.0,23040.0,3.701210170424343
ID:GB-SRS-supplierregistration.cabinetoffice.gov.uk/DK9Puw9e,THE CAMBRIDGE HOUSING SOCIETY LIMITED,Selective,5,531249.0,120000.0,85.34132820432994
ID:GB-SRS-supplierregistration.cabinetoffice.gov.uk/DqhR3YfZ,PROCUREMENT FOR SCHOOLS LTD,Open,2,1972000.0,986000.0,92.19860477141806
ID:GB-SRS-supplierregistration.cabinetoffice.gov.uk/DqhR3YfZ,PROCUREMENT FOR SCHOOLS LTD,Selective,1,166861.0,166861.0,7.801395228581942
ID:GB-SRS-supplierregistration.cabinetoffice.gov.uk/DwBA95BF,Manchester University NHS Foundation Trust,Selective,23,23427512.46,216000.0,100.0
ID:GB-SRS-supplierregistration.cabinetoffice.gov.uk/DyTN57AZ,Greater Manchester Combined Authority (GMCA),Limited,5,2012541.2,57541.2,21.16360705045861
ID:GB-SRS-supplierregistration.cabinetoffice.gov.uk/DyTN57AZ,Greater Manchester Combined Authority (GMCA),Selective,2,7461902.04,3730951.02,78.46833775307334
ID:GB-SRS-supplierregistration.cabinetoffice.gov.uk/DyTN57AZ,Greater Manchester Combined Authority (GMCA),Unknown,1,35000.0,35000.0,0.3680551964680531
ID:GB-SRS-supplierregistration.cabinetoffice.gov.uk/DzhZ3Aww,FAMILY HOUSING ASSOCIATION (BIRKENHEAD AND WIRRAL)LIMITED,Unknown,2,84431.05,42215.525,100.0
ID:GB-SRS-supplierregistration.cabinetoffice.gov.uk/EZ7z5wJ2,7 Force Commercial Services,Selective,4,585600.0,155300.0,100.0
ID:GB-SRS-supplierregistration.cabinetoffice.gov.uk/EdAh45M3,Ramsbury & Axford Parish Council,Limited,1,41800.8,41800.8,100.0
ID:GB-SRS-supplierregistration.cabinetoffice.gov.uk/F2A99Z72,West Coker Parish Council,Limited,1,61210.0,61210.0,100.0
ID:GB-SRS-supplierregistration.cabinetoffice.gov.uk/F4sE9dqg,Regulator of Social Housing,Direct,2,112400.0,56200.0,3.5238987111121007
ID:GB-SRS-supplierregistration.cabinetoffice.gov.uk/F4sE9dqg,Regulator of Social Housing,Limited,1,33660.0,33660.0,1.055288528612396
ID:GB-SRS-supplierregistration.cabinetoffice.gov.uk/F4sE9dqg,Regulator of Social Housing,Selective,5,3043589.0,167767.0,95.42081276027552
ID:GB-SRS-supplierregistration.cabinetoffice.gov.uk/F7Be962a,University of Cumbria,Direct,1,189020.46,189020.46,5.437377565453172
ID:GB-SRS-supplierregistration.cabinetoffice.gov.uk/F7Be962a,University of Cumbria,Selective,9,1602357.16,102928.32,46.09353333299082
ID:GB-SRS-supplierregistration.cabinetoffice.gov.uk/F7Be962a,University of Cumbria,Unknown,2,1684939.0,842469.5,48.469089101556
ID:GB-SRS-supplierregistration.cabinetoffice.gov.uk/FdrJ277p,North Northamptonshire Council,Direct,8,364447.6,40540.0,0.0750464815882044
ID:GB-SRS-supplierregistration.cabinetoffice.gov.uk/FdrJ277p,North Northamptonshire Council,Limited,12,964466.52,74399.01999999999,0.1986014421157379
ID:GB-SRS-supplierregistration.cabinetoffice.gov.uk/FdrJ277p,North Northamptonshire Council,Open,27,212421509.9,270500.0,43.741506135995785
ID:GB-SRS-supplierregistration.cabinetoffice.gov.uk/FdrJ277p,North Northamptonshire Council,Selective,50,269010025.6,150566.5,55.39412506278765
ID:GB-SRS-supplierregistration.cabinetoffice.gov.uk/FdrJ277p,North Northamptonshire Council,Unknown,24,2868712.85,81000.0,0.590720877512626
ID:GB-SRS-supplierregistration.cabinetoffice.gov.uk/FfCM8J2s,Luminate Education Group,Selective,7,300510.31,31798.8,76.98102855472936
ID:GB-SRS-supplierregistration.cabinetoffice.gov.uk/FfCM8J2s,Luminate Education Group,Unknown,1,89859.0,89859.0,23.018971445270637
ID:GB-SRS-supplierregistration.cabinetoffice.gov.uk/Fp87uDa2,Social Mobility Commission,Open,1,27500.0,27500.0,100.0
ID:GB-SRS-supplierregistration.cabinetoffice.gov.uk/FsA934sF,RICHMOND HOUSING PARTNERSHIP LIMITED,Limited,2,102792.0,51396.0,0.1864221842465993
ID:GB-SRS-supplierregistration.cabinetoffice.gov.uk/FsA934sF,RICHMOND HOUSING PARTNERSHIP LIMITED,Open,1,232600.0,232600.0,0.4218402215713188
ID:GB-SRS-supplierregistration.cabinetoffice.gov.uk/FsA934sF,RICHMOND HOUSING PARTNERSHIP LIMITED,Selective,6,54803968.38,1378816.19,99.39173759418208
ID:GB-SRS-supplierregistration.cabinetoffice.gov.uk/FzbA4FwZ,Westbury Town Council,Open,1,234996.0,234996.0,100.0
ID:GB-SRS-supplierregistration.cabinetoffice.gov.uk/GF2Z8uK2,Cranbrook Town Council,Open,2,211835.0,105917.5,100.0
ID:GB-SRS-supplierregistration.cabinetoffice.gov.uk/GUeG48Mt,BERNARD LEACH (ST IVES) TRUST LIMITED,Open,1,79915.0,79915.0,100.0
ID:GB-SRS-supplierregistration.cabinetoffice.gov.uk/GVAt3Cfm,TOGETHER HOUSING GROUP LIMITED,Direct,1,4800000.0,4800000.0,5.258012307035056
ID:GB-SRS-supplierregistration.cabinetoffice.gov.uk/GVAt3Cfm,TOGETHER HOUSING GROUP LIMITED,Selective,17,86489250.0,600000.0,94.74198769296494
ID:GB-SRS-supplierregistration.cabinetoffice.gov.uk/Ghxe296B,West Northamptonshire Council,Direct,4,381000.0,99500.0,0.542457062159001
ID:GB-SRS-supplierregistration.cabinetoffice.gov.uk/Ghxe296B,West Northamptonshire Council,Limited,23,1353424.49,43575.0,1.9269676448804312
ID:GB-SRS-supplierregistration.cabinetoffice.gov.uk/Ghxe296B,West Northamptonshire Council,Open,10,34608483.15,100000.0,49.27458292737084
ID:GB-SRS-supplierregistration.cabinetoffice.gov.uk/Ghxe296B,West Northamptonshire Council,Selective,91,31606982.15,95000.0,45.00113039580312
ID:GB-SRS-supplierregistration.cabinetoffice.gov.uk/Ghxe296B,West Northamptonshire Council,Unknown,26,2286084.0,45677.0,3.254861969786608
ID:GB-SRS-supplierregistration.cabinetoffice.gov.uk/GncK87c6,Bristol and Weston NHS Purchasing Consortium,Selective,9,3017536.76,297138.0,100.0
ID:GB-SRS-supplierregistration.cabinetoffice.gov.uk/H5cG8BF3,GATESHEAD HEALTH N H S FOUNDATION TRUST,Selective,15,2328656.68,71181.0,100.0
ID:GB-SRS-supplierregistration.cabinetoffice.gov.uk/HgAy6CF5,JNCC SUPPORT CO,Open,1,107956.09,107956.09,100.0
ID:GB-SRS-supplierregistration.cabinetoffice.gov.uk/JKk59mDm,Alfreton Town Council,Open,1,130500.0,130500.0,100.0
ID:GB-SRS-supplierregistration.cabinetoffice.gov.uk/JXKR33ky,Plymouth Marjon University,Selective,1,82000.0,82000.0,100.0
ID:GB-SRS-supplierregistration.cabinetoffice.gov.uk/Jbum387T,THE UNIVERSITY CATERERS ORGANISATION LIMITED,Selective,1,300000.0,300000.0,100.0
ID:GB-SRS-supplierregistration.cabinetoffice.gov.uk/K7b37h5S,IMPERIAL COLLEGE HEALTH PARTNERS LIMITED,Selective,2,166097.0,83048.5,100.0
ID:GB-SRS-supplierregistration.cabinetoffice.gov.uk/KAcD749j,NUNEATON AND BEDWORTH COMMUNITY ENTERPRISES LIMITED,Unknown,2,1615000.0,807500.0,100.0
ID:GB-SRS-supplierregistration.cabinetoffice.gov.uk/KgBX2R7n,"ATC FITNESS OF OLIVE BRANCH, INC.",Limited,1,25050.0,25050.0,100.0
ID:GB-SRS-supplierregistration.cabinetoffice.gov.uk/M6e69DtN,NHS England and NHS Improvement,Open,1,1.0,1.0,1.8768765246102617e-05
ID:GB-SRS-supplierregistration.cabinetoffice.gov.uk/M6e69DtN,NHS England and NHS Improvement,Selective,1,5328000.0,5328000.0,99.99998123123476
ID:GB-SRS-supplierregistration.cabinetoffice.gov.uk/MgM64MZ8,South Downs National Park Authority,Selective,1,535673.0,535673.0,100.0
ID:GB-SRS-supplierregistration.cabinetoffice.gov.uk/N4qT9T2X,Okehampton Town Council,Open,1,49991.36,49991.36,100.0
ID:GB-SRS-supplierregistration.cabinetoffice.gov.uk/N7HQ7mvN,BENSON PARISH COUNCIL,Open,2,61400.0,30700.0,100.0
ID:GB-SRS-supplierregistration.cabinetoffice.gov.uk/N8Wz8qW2,ISLINGTON & SHOREDITCH HOUSING ASSOCIATION LIMITED,Direct,4,73064.0,19032.0,0.6242378458012618
ID:GB-SRS-supplierregistration.cabinetoffice.gov.uk/N8Wz8qW2,ISLINGTON & SHOREDITCH HOUSING ASSOCIATION LIMITED,Limited,2,194106.28,97053.14,1.6583883456106503
ID:GB-SRS-supplierregistration.cabinetoffice.gov.uk/N8Wz8qW2,ISLINGTON & SHOREDITCH HOUSING ASSOCIATION LIMITED,Open,1,290536.0,290536.0,2.482256196864604
ID:GB-SRS-supplierregistration.cabinetoffice.gov.uk/N8Wz8qW2,ISLINGTON & SHOREDITCH HOUSING ASSOCIATION LIMITED,Selective,2,11098221.61,5549110.805,94.82002012005108
ID:GB-SRS-supplierregistration.cabinetoffice.gov.uk/N8Wz8qW2,ISLINGTON & SHOREDITCH HOUSING ASSOCIATION LIMITED,Unknown,1,48585.14,48585.14,0.4150974916724066
ID:GB-SRS-supplierregistration.cabinetoffice.gov.uk/NFv886AZ,Buckingham Town Council,Open,2,1020352.0,510176.0,100.0
ID:GB-SRS-supplierregistration.cabinetoffice.gov.uk/P3Mu8NYF,THE LONDON BOROUGH OF HAVERING,Selective,2,619000.0,309500.0,100.0
ID:GB-SRS-supplierregistration.cabinetoffice.gov.uk/PFcF5f84,The Insolvency Service,Direct,4,285644.95,68850.72,0.4114018752665873
ID:GB-SRS-supplierregistration.cabinetoffice.gov.uk/PFcF5f84,The Insolvency Service,Selective,40,68646452.27,218515.2,98.86847008594508
ID:GB-SRS-supplierregistration.cabinetoffice.gov.uk/PFcF5f84,The Insolvency Service,Unknown,10,500000.0,50000.0,0.7201280387883406
ID:GB-SRS-supplierregistration.cabinetoffice.gov.uk/QEQn82G8,POLICE DIGITAL SERVICE,Direct,2,159950.0,79975.0,0.8135037500829245
ID:GB-SRS-supplierregistration.cabinetoffice.gov.uk/QEQn82G8,POLICE DIGITAL SERVICE,Limited,1,12566.4,12566.4,0.0639125572056396
ID:GB-SRS-supplierregistration.cabinetoffice.gov.uk/QEQn82G8,POLICE DIGITAL SERVICE,Selective,49,19489347.48,54375.0,99.12258369271144
ID:GB-SRS-supplierregistration.cabinetoffice.gov.uk/QU5B6yfQ,British Transport Police Authority,Selective,3,388243.12,112125.5,100.0
ID:GB-SRS-supplierregistration.cabinetoffice.gov.uk/QVmN56a5,Twyford Parish Council,Limited,1,200000.0,200000.0,100.0
ID:GB-SRS-supplierregistration.cabinetoffice.gov.uk/QrBy247r,THE EDUCATION ALLIANCE,Open,1,75000000.0,75000000.0,100.0
ID:GB-SRS-supplierregistration.cabinetoffice.gov.uk/R69S6myu,"TEES, ESK, & WEAR VALLEYS NHS FOUNDATON TRUST",Open,1,3000000.0,3000000.0,63.890641846963966
ID:GB-SRS-supplierregistration.cabinetoffice.gov.uk/R69S6myu,"TEES, ESK, & WEAR VALLEYS NHS FOUNDATON TRUST",Selective,14,1695523.34,81000.0,36.109358153036034
ID:GB-SRS-supplierregistration.cabinetoffice.gov.uk/R85t7EDk,CENTRE FOR DIGITAL PUBLIC SERVICES LIMITED,Selective,1,90000.0,90000.0,100.0
ID:GB-SRS-supplierregistration.cabinetoffice.gov.uk/R8n5Kb3J,MAYOR'S OFFICE FOR POLICE AND CRIME,Direct,2,248000.0,124000.0,8.607158542524163
ID:GB-SRS-supplierregistration.cabinetoffice.gov.uk/R8n5Kb3J,MAYOR'S OFFICE FOR POLICE AND CRIME,Limited,3,183250.0,48750.0,6.359926624667551
ID:GB-SRS-supplierregistration.cabinetoffice.gov.uk/R8n5Kb3J,MAYOR'S OFFICE FOR POLICE AND CRIME,Open,8,939059.55,76212.5,32.59126785371531
ID:GB-SRS-supplierregistration.cabinetoffice.gov.uk/R8n5Kb3J,MAYOR'S OFFICE FOR POLICE AND CRIME,Selective,3,1511013.0,598665.0,52.441646979092994
ID:GB-SRS-supplierregistration.cabinetoffice.gov.uk/RDdH8NGt,Chelmsford City Council,Direct,1,3410820.0,3410820.0,31.949021246143158
ID:GB-SRS-supplierregistration.cabinetoffice.gov.uk/RDdH8NGt,Chelmsford City Council,Selective,10,7265000.0,210000.0,68.05097875385685
ID:GB-SRS-supplierregistration.cabinetoffice.gov.uk/RJ82tk7Q,The Office of the Police & Crime Commissioner,Direct,1,140715.0,140715.0,100.0
ID:GB-SRS-supplierregistration.cabinetoffice.gov.uk/Rhk67xGH,THE CHESTERFIELD CANAL TRUST LIMITED,Open,3,3613593.18,67830.0,100.0
ID:GB-SRS-supplierregistration.cabinetoffice.gov.uk/SNdp53XD,Skidby Parish Council,Unknown,1,36119.34,36119.34,100.0
ID:GB-SRS-supplierregistration.cabinetoffice.gov.uk/SPWD69uc,TRINITY ACADEMY NEWCASTLE,Unknown,1,238622.09,238622.09,100.0
ID:GB-SRS-supplierregistration.cabinetoffice.gov.uk/Sy5D2Bv9,The Folk Hall,Direct,1,32500.0,32500.0,9.04516459416434
ID:GB-SRS-supplierregistration.cabinetoffice.gov.uk/Sy5D2Bv9,The Folk Hall,Open,1,326808.0,326808.0,90.95483540583568
ID:GB-SRS-supplierregistration.cabinetoffice.gov.uk/TNve65tc,HEADQUARTERS PROVOST MARSHAL (ARMY),Selective,1,984200.0,984200.0,100.0
ID:GB-SRS-supplierregistration.cabinetoffice.gov.uk/TS553w66,LUCIDEON LIMITED,Open,2,807170.0,403585.0,81.78370486252187
ID:GB-SRS-supplierregistration.cabinetoffice.gov.uk/TS553w66,LUCIDEON LIMITED,Selective,1,179787.0,179787.0,18.216295137478127
ID:GB-SRS-supplierregistration.cabinetoffice.gov.uk/TY3q2rq7,Horserace Betting Levy Board,Open,1,22785.0,22785.0,100.0
ID:GB-SRS-supplierregistration.cabinetoffice.gov.uk/TmMA73PS,Access - The Foundation for Social Investment,Open,1,187344.0,187344.0,100.0
ID:GB-SRS-supplierregistration.cabinetoffice.gov.uk/TyCT49cz,The Mayor's Office of Police and Crime,Open,1,329415.0,329415.0,100.0
ID:GB-SRS-supplierregistration.cabinetoffice.gov.uk/TyFQ4bce,HULL UNIVERSITY TEACHING HOSPITALS NHS TRUST,Direct,1,50955.0,50955.0,9.39357716765112
ID:GB-SRS-supplierregistration.cabinetoffice.gov.uk/TyFQ4bce,HULL UNIVERSITY TEACHING HOSPITALS NHS TRUST,Selective,6,491490.11,77025.715,90.60642283234888
ID:GB-SRS-supplierregistration.cabinetoffice.gov.uk/U97k6AsA,Federation of Hackbridge Primary School and Spencer Nursery School,Selective,1,836550.0,836550.0,100.0
ID:GB-SRS-supplierregistration.cabinetoffice.gov.uk/UAUq32wn,Lyneham And Bradenstoke Parish Council,Limited,1,38011.08,38011.08,100.0
ID:GB-SRS-supplierregistration.cabinetoffice.gov.uk/UG3g9w6b,Launceston Town Hall,Direct,1,139000.0,139000.0,100.0
ID:GB-SRS-supplierregistration.cabinetoffice.gov.uk/UWf28kYB,HEALTH DATA RESEARCH UK,Limited,2,75223.45999999999,37611.73,52.427387192038985
ID:GB-SRS-supplierregistration.cabinetoffice.gov.uk/UWf28kYB,HEALTH DATA RESEARCH UK,Unknown,1,68257.77,68257.77,47.57261280796102
ID:GB-SRS-supplierregistration.cabinetoffice.gov.uk/Uj72rzYV,Leominster Town Council,Open,1,73935.0,73935.0,100.0
ID:GB-SRS-supplierregistration.cabinetoffice.gov.uk/Vca37aB4,THE CALICO GROUP LIMITED,Direct,1,94561.2,94561.2,7.749673511447244
ID:GB-SRS-supplierregistration.cabinetoffice.gov.uk/Vca37aB4,THE CALICO GROUP LIMITED,Selective,4,1125634.72,244417.36,92.25032648855276
ID:GB-SRS-supplierregistration.cabinetoffice.gov.uk/Ve5968xn,Newport Town Council,Open,1,65263.88,65263.88,100.0
ID:GB-SRS-supplierregistration.cabinetoffice.gov.uk/Vjga52sA,ENDEAVOUR MULTI ACADEMY TRUST,Unknown,1,1443027.96,1443027.96,100.0
ID:GB-SRS-supplierregistration.cabinetoffice.gov.uk/Vx67BZSy,Chilton Parish Council,Open,1,63100.0,63100.0,100.0
ID:GB-SRS-supplierregistration.cabinetoffice.gov.uk/WCye96Nj,Seaford Town Council,Open,6,873421.0,29100.0,100.0
ID:GB-SRS-supplierregistration.cabinetoffice.gov.uk/WyWD57ha,Dodderhill Parish Council,Open,1,87786.32,87786.32,100.0
ID:GB-SRS-supplierregistration.cabinetoffice.gov.uk/Wyjb265s,Taunton Town Council,Limited,1,26250.0,26250.0,100.0
ID:GB-SRS-supplierregistration.cabinetoffice.gov.uk/X7nD6Bxr,Submarine Delivery Agency,Selective,1,496143.0,496143.0,100.0
ID:GB-SRS-supplierregistration.cabinetoffice.gov.uk/XASZ5wK8,Emersons Green Town Council,Direct,1,129115.71,129115.71,100.0
ID:GB-SRS-supplierregistration.cabinetoffice.gov.uk/XMF78tvj,FORHOUSING LIMITED,Selective,2,2588763.8,1294381.9,100.0
ID:GB-SRS-supplierregistration.cabinetoffice.gov.uk/XP622385,THE WESTMINSTER FOUNDATION FOR DEMOCRACY LIMITED,Limited,1,15000.0,15000.0,100.0
ID:GB-SRS-supplierregistration.cabinetoffice.gov.uk/XmBg4mR5,Rushmere St Andrew Parish Council,Open,1,60026.98,60026.98,100.0
ID:GB-SRS-supplierregistration.cabinetoffice.gov.uk/YEUF3sKv,HELSBY PARISH COUNCIL,Selective,1,31744.0,31744.0,100.0
ID:GB-SRS-supplierregistration.cabinetoffice.gov.uk/Ye3N8Dr8,Telscombe Town Council,Limited,1,35520.0,35520.0,100.0
ID:GB-SRS-supplierregistration.cabinetoffice.gov.uk/Z9Yg32z9,BECKFOOT TRUST,Selective,1,5051000.0,5051000.0,100.0
ID:GB-SRS-supplierregistration.cabinetoffice.gov.uk/Zbk63XRB,Little Marlow Parish Council,Limited,1,48027.0,48027.0,100.0
ID:GB-SRS-supplierregistration.cabinetoffice.gov.uk/Zd6N4aTC,Brittons Ash Community Hall,Open,1,69575.0,69575.0,100.0
ID:GB-SRS-supplierregistration.cabinetoffice.gov.uk/Zf6m5Hau,"The Police, Fire and Crime Commissioner for Cumbria",Selective,2,106200.0,53100.0,100.0
ID:GB-SRS-supplierregistration.cabinetoffice.gov.uk/ZwqJ32aJ,LONGWICK CUM ILMER PARISH COUNCIL,Direct,1,43800.0,43800.0,100.0
ID:GB-SRS-supplierregistration.cabinetoffice.gov.uk/ZxgH9GhE,Risedale Sports & Community College,Unknown,1,426708.0,426708.0,100.0
ID:GB-SRS-supplierregistration.cabinetoffice.gov.uk/a6wd8G6U,POPLAR HOUSING AND REGENERATION COMMUNITY ASSOCIATION LIMITED,Selective,1,239800.0,239800.0,100.0
ID:GB-SRS-supplierregistration.cabinetoffice.gov.uk/aw8m6NEs,PENZANCE DRY DOCK (2009) LIMITED,Open,1,722544.56,722544.56,100.0
ID:GB-SRS-supplierregistration.cabinetoffice.gov.uk/b4VQ3RY3,York and North Yorkshire Combined Authority acting as Fire and Rescue Authority.,Limited,2,158509.85,79254.925,11.248115685152037
ID:GB-SRS-supplierregistration.cabinetoffice.gov.uk/b4VQ3RY3,York and North Yorkshire Combined Authority acting as Fire and Rescue Authority.,Selective,3,1250702.63,400000.0,88.75188431484796
ID:GB-SRS-supplierregistration.cabinetoffice.gov.uk/bC8z9B74,Bridgwater Town Council,Open,1,390938.04,390938.04,100.0
ID:GB-SRS-supplierregistration.cabinetoffice.gov.uk/bYA9zb7F,Finedon Town Council,Open,1,68404.0,68404.0,100.0
ID:GB-SRS-supplierregistration.cabinetoffice.gov.uk/bf3h7Y7s,NATIONAL WEALTH FUND LIMITED,Direct,4,211360.0,54375.0,0.3997365522786442
ID:GB-SRS-supplierregistration.cabinetoffice.gov.uk/bf3h7Y7s,NATIONAL WEALTH FUND LIMITED,Open,1,34800.0,34800.0,0.0658158214387623
ID:GB-SRS-supplierregistration.cabinetoffice.gov.uk/bf3h7Y7s,NATIONAL WEALTH FUND LIMITED,Selective,79,51108790.38,170000.0,96.65997188509245
ID:GB-SRS-supplierregistration.cabinetoffice.gov.uk/bf3h7Y7s,NATIONAL WEALTH FUND LIMITED,Unknown,9,1519874.0,60000.0,2.87447574119016
ID:GB-SRS-supplierregistration.cabinetoffice.gov.uk/bskv54Mh,Holmes Chapel Parish Council,Direct,3,117695.69,27405.7,61.589923875310845
ID:GB-SRS-supplierregistration.cabinetoffice.gov.uk/bskv54Mh,Holmes Chapel Parish Council,Open,2,73400.0,36700.0,38.41007612468916
ID:GB-SRS-supplierregistration.cabinetoffice.gov.uk/c2US6Edx,Radstock Town Council,Open,1,59366.0,59366.0,100.0
ID:GB-SRS-supplierregistration.cabinetoffice.gov.uk/c4XA5BB7,Witchford Parish Council,Open,1,119998.68,119998.68,100.0
ID:GB-SRS-supplierregistration.cabinetoffice.gov.uk/cFxM6s7a,Golden Lane Housing,Direct,2,500280.94,250140.47,5.598939119646753
ID:GB-SRS-supplierregistration.cabinetoffice.gov.uk/cFxM6s7a,Golden Lane Housing,Selective,4,8435000.0,642500.0,94.40106088035324
ID:GB-SRS-supplierregistration.cabinetoffice.gov.uk/cNTD45Yy,SIMPLY SERVE LIMITED,Selective,1,142500.0,142500.0,100.0
ID:GB-SRS-supplierregistration.cabinetoffice.gov.uk/cSMX38ZA,WEST LONDON WASTE AUTHORITY,Open,1,120000.0,120000.0,12.903086786097209
ID:GB-SRS-supplierregistration.cabinetoffice.gov.uk/cSMX38ZA,WEST LONDON WASTE AUTHORITY,Selective,3,810010.02,169649.74,87.0969132139028
ID:GB-SRS-supplierregistration.cabinetoffice.gov.uk/cbec97FA,Dodington Parish Council,Open,1,103871.18,103871.18,100.0
ID:GB-SRS-supplierregistration.cabinetoffice.gov.uk/dF9u4MqE,LIVESTOCK INFORMATION LIMITED,Selective,8,18325830.42,1025537.96,98.89728586806764
ID:GB-SRS-supplierregistration.cabinetoffice.gov.uk/dF9u4MqE,LIVESTOCK INFORMATION LIMITED,Unknown,1,204334.75,204334.75,1.1027141319323706
ID:GB-SRS-supplierregistration.cabinetoffice.gov.uk/dWz9965D,East Staffordshire Borough Council,Selective,2,662999.0,331499.5,100.0
ID:GB-SRS-supplierregistration.cabinetoffice.gov.uk/djMX46dB,Tees Valley Combined Authority,Direct,2,118500.0,59250.0,0.3122494292202962
ID:GB-SRS-supplierregistration.cabinetoffice.gov.uk/djMX46dB,Tees Valley Combined Authority,Limited,3,248227.0,50000.0,0.6540821862199703
ID:GB-SRS-supplierregistration.cabinetoffice.gov.uk/djMX46dB,Tees Valley Combined Authority,Selective,36,37053678.59,470225.0,97.63704633113764
ID:GB-SRS-supplierregistration.cabinetoffice.gov.uk/djMX46dB,Tees Valley Combined Authority,Unknown,9,530024.07,40000.0,1.3966220534220954
ID:GB-SRS-supplierregistration.cabinetoffice.gov.uk/eExF9neN,ROYAL HOSPITAL CHELSEA APPEAL LIMITED,Open,4,725900.0,179450.0,100.0
ID:GB-SRS-supplierregistration.cabinetoffice.gov.uk/eMxF8Fmq,Beaconsfield Town Council,Direct,1,88396.73,88396.73,42.9063413598503
ID:GB-SRS-supplierregistration.cabinetoffice.gov.uk/eMxF8Fmq,Beaconsfield Town Council,Limited,1,117625.8,117625.8,57.093658640149705
ID:GB-SRS-supplierregistration.cabinetoffice.gov.uk/eRq45UR6,Tangmere Parish Council,Open,1,87730.0,87730.0,100.0
ID:GB-SRS-supplierregistration.cabinetoffice.gov.uk/ew567JjA,Tyne Coast College,Limited,1,57426.0,57426.0,0.0602639334871543
ID:GB-SRS-supplierregistration.cabinetoffice.gov.uk/ew567JjA,Tyne Coast College,Selective,2,95172200.0,47586100.0,99.87551162585156
ID:GB-SRS-supplierregistration.cabinetoffice.gov.uk/ew567JjA,Tyne Coast College,Unknown,1,61200.0,61200.0,0.0642244406612657
ID:GB-SRS-supplierregistration.cabinetoffice.gov.uk/f45gVA2A,NHS Supply Chain Coordination,Selective,11,4221999.4,158570.0,100.0
ID:GB-SRS-supplierregistration.cabinetoffice.gov.uk/fBGb58Yp,RESTORATION AND RENEWAL DELIVERY AUTHORITY LTD,Selective,1,30000.0,30000.0,100.0
ID:GB-SRS-supplierregistration.cabinetoffice.gov.uk/fJMT279A,Littlemore Parish Council,Open,1,90000.0,90000.0,100.0
ID:GB-SRS-supplierregistration.cabinetoffice.gov.uk/fZD28Dfy,INSTITUTE FOR APPRENTICESHIPS,Selective,2,76199.4,38099.7,100.0
ID:GB-SRS-supplierregistration.cabinetoffice.gov.uk/fjJE264Q,HOMES IN SOMERSET LIMITED,Open,4,270000.0,75000.0,100.0
ID:GB-SRS-supplierregistration.cabinetoffice.gov.uk/g3BT8veD,Fawley Parish Council,Open,1,28265.0,28265.0,100.0
ID:GB-SRS-supplierregistration.cabinetoffice.gov.uk/g6M6N55r,THE FRONTLINE ORGANISATION,Open,2,105260.0,52630.0,100.0
ID:GB-SRS-supplierregistration.cabinetoffice.gov.uk/gFDY5sbW,Armthorpe Parish Council,Direct,1,157485.0,157485.0,22.678311708883545
ID:GB-SRS-supplierregistration.cabinetoffice.gov.uk/gFDY5sbW,Armthorpe Parish Council,Open,2,536945.0,268472.5,77.32168829111646
ID:GB-SRS-supplierregistration.cabinetoffice.gov.uk/gRzJ74xc,Brockworth Parish Council,Limited,1,30000.0,30000.0,100.0
ID:GB-SRS-supplierregistration.cabinetoffice.gov.uk/hAAF64ZZ,OXFORD DIRECT SERVICES LIMITED,Selective,3,3250000.0,1000000.0,100.0
ID:GB-SRS-supplierregistration.cabinetoffice.gov.uk/hgs99GUZ,TECTUM CONSULTANCY LTD,Open,1,2548912.0,2548912.0,100.0
ID:GB-SRS-supplierregistration.cabinetoffice.gov.uk/j96c5VZ2,FUTURES HOUSING GROUP LIMITED,Open,1,50500.0,50500.0,0.954541158680654
ID:GB-SRS-supplierregistration.cabinetoffice.gov.uk/j96c5VZ2,FUTURES HOUSING GROUP LIMITED,Selective,3,5240000.0,2500000.0,99.04545884131934
ID:GB-SRS-supplierregistration.cabinetoffice.gov.uk/jZ58FQ4C,Sandhurst Community Hall,Limited,1,58980.0,58980.0,100.0
ID:GB-SRS-supplierregistration.cabinetoffice.gov.uk/jt5E36a2,Clipstone Parish Council,Direct,1,55835.0,55835.0,53.89391889146189
ID:GB-SRS-supplierregistration.cabinetoffice.gov.uk/jt5E36a2,Clipstone Parish Council,Unknown,1,47766.67,47766.67,46.10608110853811
ID:GB-SRS-supplierregistration.cabinetoffice.gov.uk/jyZm67H3,Keighley Town Council,Limited,1,60000.0,60000.0,100.0
ID:GB-SRS-supplierregistration.cabinetoffice.gov.uk/k4uk3RyF,Ambulance Radio Programme (ARP),Selective,1,90000.0,90000.0,100.0
ID:GB-SRS-supplierregistration.cabinetoffice.gov.uk/kK3B7ajD,Dalton Parish Council,Unknown,1,54977.0,54977.0,100.0
ID:GB-SRS-supplierregistration.cabinetoffice.gov.uk/mGut98BW,Office for Nuclear Regulation,Selective,3,196050.0,75000.0,100.0
ID:GB-SRS-supplierregistration.cabinetoffice.gov.uk/mQxY293c,"Police, Fire and Crime Commissioner for Northamptonshire",Direct,6,432990.66,53102.0,1.624193587087614
ID:GB-SRS-supplierregistration.cabinetoffice.gov.uk/mQxY293c,"Police, Fire and Crime Commissioner for Northamptonshire",Limited,7,285465.65,26740.0,1.0708117308207004
ID:GB-SRS-supplierregistration.cabinetoffice.gov.uk/mQxY293c,"Police, Fire and Crime Commissioner for Northamptonshire",Open,1,48440.0,48440.0,0.1817035438097533
ID:GB-SRS-supplierregistration.cabinetoffice.gov.uk/mQxY293c,"Police, Fire and Crime Commissioner for Northamptonshire",Selective,30,25891912.31,279975.0,97.12329113828194
ID:GB-SRS-supplierregistration.cabinetoffice.gov.uk/mRe69ZRx,LINCOLNSHIRE HOUSING PARTNERSHIP LIMITED,Direct,2,93800.0,46900.0,31.926480599046968
ID:GB-SRS-supplierregistration.cabinetoffice.gov.uk/mRe69ZRx,LINCOLNSHIRE HOUSING PARTNERSHIP LIMITED,Selective,1,200000.0,200000.0,68.07351940095303
ID:GB-SRS-supplierregistration.cabinetoffice.gov.uk/mhzY969k,Hedge End Town Council,Direct,1,97000.0,97000.0,21.389738028411703
ID:GB-SRS-supplierregistration.cabinetoffice.gov.uk/mhzY969k,Hedge End Town Council,Open,4,356488.49,85189.5,78.6102619715883
ID:GB-SRS-supplierregistration.cabinetoffice.gov.uk/n3339Pf9,ORWELL HOUSING ASSOCIATION LIMITED,Selective,9,7558260.0,461000.0,100.0
ID:GB-SRS-supplierregistration.cabinetoffice.gov.uk/n3MFeBdp,Holybrook Parish Council,Limited,1,41100.0,41100.0,100.0
ID:GB-SRS-supplierregistration.cabinetoffice.gov.uk/nZ44GwKk,UK GOVERNMENT INVESTMENTS LIMITED,Selective,4,295020.0,55510.0,100.0
ID:GB-SRS-supplierregistration.cabinetoffice.gov.uk/naZq3B5Q,Money and Pensions Service,Open,1,368300.0,368300.0,3.3296736757065992
ID:GB-SRS-supplierregistration.cabinetoffice.gov.uk/naZq3B5Q,Money and Pensions Service,Selective,3,10692844.0,1380000.0,96.6703263242934
ID:GB-SRS-supplierregistration.cabinetoffice.gov.uk/ndrC48zK,Polegate Town Council,Selective,1,65901.0,65901.0,100.0
ID:GB-SRS-supplierregistration.cabinetoffice.gov.uk/ng58Cf27,Lower Medway Internal Drainage Board,Open,1,65570.1,65570.1,100.0
ID:GB-SRS-supplierregistration.cabinetoffice.gov.uk/nq3G9geC,CITY OF BRADFORD METROPOLITAN DISTRICT COUNCIL,Open,1,180000000.0,180000000.0,99.66381291888632
ID:GB-SRS-supplierregistration.cabinetoffice.gov.uk/nq3G9geC,CITY OF BRADFORD METROPOLITAN DISTRICT COUNCIL,Selective,1,529998.0,529998.0,0.2934534528854661
ID:GB-SRS-supplierregistration.cabinetoffice.gov.uk/nq3G9geC,CITY OF BRADFORD METROPOLITAN DISTRICT COUNCIL,Unknown,1,77180.0,77180.0,0.0427336282282202
ID:GB-SRS-supplierregistration.cabinetoffice.gov.uk/p9VU24Pz,Harbury Parish Council,Limited,1,77874.23,77874.23,100.0
ID:GB-SRS-supplierregistration.cabinetoffice.gov.uk/pFFY396Z,ST BASIL'S,Limited,2,142600.84,71300.42,100.0
ID:GB-SRS-supplierregistration.cabinetoffice.gov.uk/pZv37DUB,Wonersh Parish Council,Direct,1,42653.94,42653.94,100.0
ID:GB-SRS-supplierregistration.cabinetoffice.gov.uk/pdHB5NAF,York and North Yorkshire Combined Authority acting on behalf of itself and the Chief Constable of North Yorkshire Police,Direct,2,137371.8,68685.9,2.20468580126657
ID:GB-SRS-supplierregistration.cabinetoffice.gov.uk/pdHB5NAF,York and North Yorkshire Combined Authority acting on behalf of itself and the Chief Constable of North Yorkshire Police,Limited,1,51130.0,51130.0,0.8205875224664723
ID:GB-SRS-supplierregistration.cabinetoffice.gov.uk/pdHB5NAF,York and North Yorkshire Combined Authority acting on behalf of itself and the Chief Constable of North Yorkshire Police,Selective,29,6042399.67,97060.15,96.97472667626695
ID:GB-SRS-supplierregistration.cabinetoffice.gov.uk/pdj98ZUb,ELECTRICITY NORTH WEST LIMITED,Unknown,1,35000000.0,35000000.0,100.0
ID:GB-SRS-supplierregistration.cabinetoffice.gov.uk/qBQc82Na,BlueLight Commercial Organisation,Limited,1,13230.0,13230.0,0.0175113986233631
ID:GB-SRS-supplierregistration.cabinetoffice.gov.uk/qBQc82Na,BlueLight Commercial Organisation,Selective,3,75537560.0,300000.0,99.98248860137664
ID:GB-SRS-supplierregistration.cabinetoffice.gov.uk/qsBG46bF,SYNCHRONICITY CARE LTD.,Open,1,960000.0,960000.0,29.959332079160795
ID:GB-SRS-supplierregistration.cabinetoffice.gov.uk/qsBG46bF,SYNCHRONICITY CARE LTD.,Selective,6,2215723.8,229572.89,69.14750533322922
ID:GB-SRS-supplierregistration.cabinetoffice.gov.uk/qsBG46bF,SYNCHRONICITY CARE LTD.,Unknown,1,28620.0,28620.0,0.8931625876099812
ID:GB-SRS-supplierregistration.cabinetoffice.gov.uk/qvHt7277,Ardleigh Village Hall,Open,1,75000.0,75000.0,100.0
ID:GB-SRS-supplierregistration.cabinetoffice.gov.uk/r4hZ7MZb,Northleach with Eastington Town Council,Open,1,55034.0,55034.0,100.0
ID:GB-SRS-supplierregistration.cabinetoffice.gov.uk/r4zf6G5G,BISHOP CHADWICK CATHOLIC EDUCATION TRUST,Unknown,3,11300000.0,1800000.0,100.0
ID:GB-SRS-supplierregistration.cabinetoffice.gov.uk/rFWj967x,Ashington Town Council,Open,1,205000.0,205000.0,100.0
ID:GB-SRS-supplierregistration.cabinetoffice.gov.uk/rgk73FRq,NY HIGHWAYS LIMITED,Selective,1,175092.62,175092.62,100.0
ID:GB-SRS-supplierregistration.cabinetoffice.gov.uk/sBKh73vj,Droitwich Spa Town Council,Selective,2,204107.0,102053.5,100.0
ID:GB-SRS-supplierregistration.cabinetoffice.gov.uk/sa8J3Dp4,LOCATED PROPERTY LIMITED,Selective,2,103095000.0,51547500.0,100.0
ID:GB-SRS-supplierregistration.cabinetoffice.gov.uk/se8N77X4,ARK GROUP DMCC,Open,1,14360.0,14360.0,100.0
ID:GB-SRS-supplierregistration.cabinetoffice.gov.uk/tCHa564J,Farnham Town Council,Open,1,199180.67,199180.67,100.0
ID:GB-SRS-supplierregistration.cabinetoffice.gov.uk/thrm44Wp,BEYOND HOUSING LIMITED,Selective,3,593826.0,250000.0,100.0
ID:GB-SRS-supplierregistration.cabinetoffice.gov.uk/uF9n5BJA,GOSFORTH PARISH COUNCIL,Open,1,985941.0,985941.0,100.0
ID:GB-SRS-supplierregistration.cabinetoffice.gov.uk/uxWP32wr,East Suffolk District Council,Direct,1,55000.0,55000.0,4.648985571484455
ID:GB-SRS-supplierregistration.cabinetoffice.gov.uk/uxWP32wr,East Suffolk District Council,Limited,3,119262.0,32200.0,10.080860313206893
ID:GB-SRS-supplierregistration.cabinetoffice.gov.uk/uxWP32wr,East Suffolk District Council,Open,2,90053.0,45026.5,7.611910866707083
ID:GB-SRS-supplierregistration.cabinetoffice.gov.uk/uxWP32wr,East Suffolk District Council,Selective,6,918738.79,146710.905,77.65824324860156
ID:GB-SRS-supplierregistration.cabinetoffice.gov.uk/vAmK6BfG,York and North Yorkshire Combined Authority,Open,1,952560.0,952560.0,50.53526552595977
ID:GB-SRS-supplierregistration.cabinetoffice.gov.uk/vAmK6BfG,York and North Yorkshire Combined Authority,Selective,3,932381.12,254000.0,49.46473447404023
ID:GB-SRS-supplierregistration.cabinetoffice.gov.uk/vtB945tV,Low Carbon Contracts Company Ltd,Open,8,1200000.0,120000.0,100.0
ID:GB-SRS-supplierregistration.cabinetoffice.gov.uk/wCFM838y,FIDELITY ENERGY LIMITED,Selective,4,50501239.41,12035420.405,100.0
ID:GB-SRS-supplierregistration.cabinetoffice.gov.uk/wdCn44ZG,Kenilworth Town Council,Open,1,79000.0,79000.0,100.0
ID:GB-SRS-supplierregistration.cabinetoffice.gov.uk/xCeK472K,Teignmouth Town Council,Limited,1,1083920.35,1083920.35,100.0
ID:GB-SRS-supplierregistration.cabinetoffice.gov.uk/xFEb2AmT,UNIVERSITY OF THE WEST OF ENGLAND,Selective,36,3288764.84,40000.0,100.0
ID:GB-SRS-supplierregistration.cabinetoffice.gov.uk/xbj57P9a,TRENT & DOVE HOUSING LIMITED,Open,2,18500000.0,9250000.0,100.0
ID:GB-SRS-supplierregistration.cabinetoffice.gov.uk/xqJb36a5,Cheddar Parish Council,Open,1,81285.0,81285.0,100.0
ID:GB-SRS-supplierregistration.cabinetoffice.gov.uk/xrAh7B3F,Ravensbourne University London,Selective,3,576801.0,190000.0,100.0
ID:GB-SRS-supplierregistration.cabinetoffice.gov.uk/xsr95JTn,Institute for Apprenticeships and Technical Education,Open,3,15688487.0,5698560.0,93.88840299730738
ID:GB-SRS-supplierregistration.cabinetoffice.gov.uk/xsr95JTn,Institute for Apprenticeships and Technical Education,Selective,2,1021230.6,510615.3000000001,6.111597002692613
ID:GB-SRS-supplierregistration.cabinetoffice.gov.uk/yGDq2245,CLARITY PROCUREMENT SOLUTIONS LIMITED,Selective,1,436500.0,436500.0,54.80225988700565
ID:GB-SRS-supplierregistration.cabinetoffice.gov.uk/yGDq2245,CLARITY PROCUREMENT SOLUTIONS LIMITED,Unknown,1,360000.0,360000.0,45.19774011299435
ID:GB-SRS-supplierregistration.cabinetoffice.gov.uk/yQCC698F,Shenley Parish Council,Limited,1,19215.65,19215.65,100.0
ID:GB-SRS-supplierregistration.cabinetoffice.gov.uk/yUBg7paX,Haslingfield Parish Council,Open,2,128752.8,64376.4,100.0
ID:GB-SRS-supplierregistration.cabinetoffice.gov.uk/ysmd84Me,WEST MIDLANDS COMBINED AUTHORITY,Direct,13,3484291.0,51285.48,27.672172310124537
ID:GB-SRS-supplierregistration.cabinetoffice.gov.uk/ysmd84Me,WEST MIDLANDS COMBINED AUTHORITY,Limited,7,412573.55,49920.95,3.2766512229316613
ID:GB-SRS-supplierregistration.cabinetoffice.gov.uk/ysmd84Me,WEST MIDLANDS COMBINED AUTHORITY,Open,1,3360000.0,3360000.0,26.685055571425707
ID:GB-SRS-supplierregistration.cabinetoffice.gov.uk/ysmd84Me,WEST MIDLANDS COMBINED AUTHORITY,Selective,32,5148452.68,110770.905,40.88891246209988
ID:GB-SRS-supplierregistration.cabinetoffice.gov.uk/ysmd84Me,WEST MIDLANDS COMBINED AUTHORITY,Unknown,1,186000.0,186000.0,1.4772084334182087
ID:GB-SRS-supplierregistration.cabinetoffice.gov.uk/z47BvqZE,TEES VALLEY COMBINED AUTHORITY,Direct,3,138012.56,38012.56,0.1399021196914033
ID:GB-SRS-supplierregistration.cabinetoffice.gov.uk/z47BvqZE,TEES VALLEY COMBINED AUTHORITY,Limited,11,22072969.11,200000.0,22.375174885328324
ID:GB-SRS-supplierregistration.cabinetoffice.gov.uk/z47BvqZE,TEES VALLEY COMBINED AUTHORITY,Open,1,91702.0,91702.0,0.092957511837626
ID:GB-SRS-supplierregistration.cabinetoffice.gov.uk/z47BvqZE,TEES VALLEY COMBINED AUTHORITY,Selective,38,69308710.56,264756.5,70.25763104765211
ID:GB-SRS-supplierregistration.cabinetoffice.gov.uk/z47BvqZE,TEES VALLEY COMBINED AUTHORITY,Unknown,6,7037975.99,375749.63,7.13433443549053
ID:GB-SRS-supplierregistration.cabinetoffice.gov.uk/zB3B2S5P,Whitchurch Town Council,Open,1,42450.0,42450.0,100.0
ID:GB-SRS-supplierregistration.cabinetoffice.gov.uk/zUBz2qAf,Bishops Clyst Parish Council,Selective,1,43671.83,43671.83,100.0
ID:GB-SRS-supplierregistration.cabinetoffice.gov.uk/zZcz7M3s,WESTMORLAND AND FURNESS COUNCIL,Selective,1,480000.0,480000.0,63.49206349206349
ID:GB-SRS-supplierregistration.cabinetoffice.gov.uk/zZcz7M3s,WESTMORLAND AND FURNESS COUNCIL,Unknown,1,276000.0,276000.0,36.507936507936506
ID:GB-SRS-supplierregistration.cabinetoffice.gov.uk/zqEe46fF,Hatfield Peverel Parish Council,Direct,1,55730.0,55730.0,31.935498659087266
ID:GB-SRS-supplierregistration.cabinetoffice.gov.uk/zqEe46fF,Hatfield Peverel Parish Council,Open,1,118778.0,118778.0,68.06450134091274
