buyer_key,direct_limited_awards,direct_limited_value,buyer_name,award_count,allocated_award_value,direct_limited_award_share_percent,direct_limited_value_share_percent
ID:GB-CFS-220820,1,2900000000.0,Ministry of Defence,1,2900000000.0,100.0,100.0
ID:GB-CFS-319169,1,878000000.0,Ministry of Defence,1,878000000.0,100.0,100.0
ID:GB-SRS-sid4gov.cabinetoffice.gov.uk/7U7AuvS7,51,580772007.21,MINISTRY OF DEFENCE,337,8331354750.11,15.133531157270031,6.970919191771687
ID:GB-CFS-231214,5,474493190.0,NS&I,21,475807826.33,23.809523809523807,99.72370434926636
ID:GB-CFS-268869,1,345710030.0,Defra,1,345710030.0,100.0,100.0
ID:GB-CFS-50175,3,309334560.0,Darlington Borough Council,5,309401100.0,60.0,99.97849393554192
ID:GB-CFS-306151,1,245434247.0,Ministry of Defence,1,245434247.0,100.0,100.0
ID:GB-CFS-70802,48,239892846.28,PROSPER,59,2005035481.49,81.35593220338984,11.9645187576296
ID:GB-CFS-182065,10,201417000.0,Ministry of Defence,12,215417000.0,83.33333333333334,93.5009771745034
ID:GB-CFS-188336,12,159228841.0,East Riding of Yorkshire Council,91,414841820.59,13.186813186813188,38.38302531156096
ID:GB-CFS-228127,1,128000000.0,Sellafield Limited,4,128153900.0,25.0,99.87991001444357
ID:GB-CFS-257613,77,107755480.99,City of Doncaster Council,151,164026179.14,50.99337748344372,65.69407490619427
ID:GB-CFS-186962,163,106878667.01,Leeds City Council,252,386009990.27,64.68253968253968,27.688057227545396
ID:GB-GOR-D25,12,80868261.42,H M REVENUE & CUSTOMS,179,3443872396.59,6.70391061452514,2.348178216477268
ID:GB-CFS-311382,2,60000000.0,Ministry of Defence,2,60000000.0,100.0,100.0
ID:GB-CFS-245947,13,58205596.94,The North Yorkshire Council,103,242503497.01,12.62135922330097,24.00196189236801
ID:GB-CFS-188416,38,53108414.84,Hull City Council,187,133929438.66,20.32085561497326,39.65402630770648
ID:GB-CFS-249862,2,48515397.0,Ministry of Defence,2,48515397.0,100.0,100.0
ID:GB-CFS-148108,33,45782848.66,Home Office,168,1506115307.196,19.642857142857142,3.0397970488219723
ID:GB-CFS-26061,21,43433788.95,Liverpool City Council,61,133585717.3,34.42622950819672,32.51379700455448
ID:GB-CFS-163480,7,40050895.69,Jisc,8,40050895.69,87.5,100.0
ID:GB-CFS-50288,9,37725703.6,London Borough of Hackney,55,172859740.89,16.363636363636363,21.82445918625257
ID:GB-CFS-169116,2,36040000.0,NHS Blood and Transplant,5,40150530.0,40.0,89.76220239184887
ID:GB-CFS-187357,52,32910037.0,Sheffield City Council,128,897509900.97,40.625,3.666816038957552
ID:GB-SRS-supplierregistration.cabinetoffice.gov.uk/5UWD4h49,3,32111984.41,BLUELIGHT COMMERCIAL LIMITED,10,38030969.21,30.0,84.4364082142728
ID:GB-CFS-173293,10,29603021.55,Sefton Council,20,31046728.72,50.0,95.34988957123213
ID:GB-SRS-sid4gov.cabinetoffice.gov.uk/73RFyxJw,156,27092580.91,NHS PROPERTY SERVICES LIMITED,299,142684910.07,52.17391304347826,18.98769876696044
ID:GB-SRS-sid4gov.cabinetoffice.gov.uk/gAt5NMW9,1,26700000.0,Staffordshire County Council,7,38021763.43,14.285714285714285,70.22293968336334
ID:GB-CFS-74808,1,26198715.0,Durham County Council,2,36698715.0,50.0,71.38864398930589
ID:GB-CFS-161309,3,26034995.0,DVSA - Driver and Vehicle Standards Agency,24,162743702.06,12.5,15.997543788454236
ID:GB-CFS-19162,3,25125136.4,Halton Borough Council,10,28832426.4,30.0,87.14194237915405
ID:GB-CFS-324550,1,24000000.0,Ministry of Defence,1,24000000.0,100.0,100.0
ID:GB-SRS-supplierregistration.cabinetoffice.gov.uk/z47BvqZE,14,22210981.67,TEES VALLEY COMBINED AUTHORITY,59,98649370.22,23.728813559322035,22.51507700501973
ID:GB-CFS-18525,8,21247339.0,London Borough of Merton,39,37393837.4,20.51282051282051,56.82042945397201
ID:GB-CFS-227,50,21235270.5,Nottinghamshire County Council,69,127983081.08,72.46376811594203,16.592248225940274
ID:GB-CFS-318980,1,21086291.12,Home Office,1,21086291.12,100.0,100.0
ID:GB-SRS-supplierregistration.cabinetoffice.gov.uk/6gKE6MZH,33,21072026.79,SOUTHERN HOUSING,62,62205114.21,53.2258064516129,33.875071298579
ID:GB-CFS-243643,2,20578508.0,Ministry of Defence,3,20602088.0,66.66666666666666,99.88554558159348
ID:GB-CFS-274423,2,20392304.0,Cheshire west and Chester Borough Council,32,102524849.96,6.25,19.890108600945084
ID:GB-CFS-188959,30,19961145.17,City of Bradford Metropolitan District Council,91,67549791.8,32.967032967032964,29.55026897655072
ID:GB-CFS-321015,1,19284450.0,Ministry of Defence,1,19284450.0,100.0,100.0
ID:GB-SRS-sid4gov.cabinetoffice.gov.uk/NDfF5Gvb,19,17750804.53,Government Legal Department,91,59324711.94,20.87912087912088,29.92143400199374
ID:GB-CFS-50123,56,17069399.69,Darlington Borough Council,58,18384399.69,96.55172413793105,92.84719641558227
ID:GB-CFS-56352,13,16488606.53,Wolverhampton City Council,18,17389880.56,72.22222222222221,94.8172500271618
ID:GB-CFS-126345,124,16257691.76,Partners Procurement Service (PPS),129,39397434.22,96.12403100775194,41.26586434338616
ID:GB-CFS-119098,13,16160481.45,Rochdale Metropolitan Borough Council,25,18565599.59,52.0,87.04529779207631
ID:GB-CFS-327050,1,14925560.0,Environment Agency,1,14925560.0,100.0,100.0
ID:GB-CFS-307010,1,14830181.97,National Highways,2,15025731.97,50.0,98.69856589755209
ID:GB-CFS-58064,28,14727544.29,Bristol City Council,74,410332465.71,37.83783783783784,3.589173541147144
ID:GB-CFS-320701,1,14612024.0,Ministry of Defence,1,14612024.0,100.0,100.0
ID:GB-CFS-153693,29,14216851.22,Redditch Borough Council,58,18587946.8,50.0,76.48424741564249
ID:GB-CFS-326420,1,14184518.0,"Department for Environment, Food and Rural Affairs (Defra)",1,14184518.0,100.0,100.0
ID:GB-SRS-sid4gov.cabinetoffice.gov.uk/2cy74UBh,149,14013262.76,The Crown Estate,183,118464371.09,81.4207650273224,11.829094799611788
ID:GB-CFS-51658,5,13602263.63,South Gloucestershire Council,29,32413176.04,17.24137931034483,41.96522924262007
ID:GB-CFS-148313,1,13500000.0,Department for Work and Pensions,5,54173725.0,20.0,24.91982967757893
ID:GB-CFS-140061,81,13153837.42,Peterborough City Council,102,34311455.05,79.41176470588235,38.33657710182128
ID:GB-CFS-298406,1,12943279.0,Environment Agency,1,12943279.0,100.0,100.0
ID:GB-CFS-241000,8,12622246.73,NHS England,50,581123748.88,16.0,2.1720411107491064
ID:GB-CFS-102882,3,12500712.4,Sefton Council,13,13634146.55,23.07692307692308,91.68679795362767
ID:GB-CFS-226503,1,12486355.0,EN Procure Ltd,5,254236355.0,20.0,4.911317659506249
ID:GB-CFS-306482,1,12300000.0,Ministry of Defence,1,12300000.0,100.0,100.0
ID:GB-CFS-322157,1,12245000.0,Ministry of Defence,1,12245000.0,100.0,100.0
ID:GB-SRS-sid4gov.cabinetoffice.gov.uk/XjVA96JU,50,11824314.46,KENT COUNTY COUNCIL,107,2062115950.02,46.728971962616825,0.5734068668585448
ID:GB-CFS-311953,1,11571770.88,Wakefield and District Housing limited,1,11571770.88,100.0,100.0
ID:GB-CFS-320962,1,11367641.0,Ministry of Defence,1,11367641.0,100.0,100.0
ID:GB-CFS-131948,70,11108055.13,Derbyshire County Council,131,79862795.8,53.43511450381679,13.908923446429103
ID:GB-CFS-124340,19,10691955.1,Rochdale Metropolitan Borough Council,32,14288075.6,59.375,74.831316682003
ID:GB-CFS-88407,3,10593717.72,Bracknell Forest Borough Council,6,31795507.32,50.0,33.3182849179964
ID:GB-CFS-49436,20,10138303.5,Leicester City Council,48,15727107.5,41.66666666666667,64.46387868843651
ID:GB-CFS-175488,7,9953275.2,Ministry of Defence,18,272141969.02000004,38.88888888888889,3.657383400231267
ID:GB-SRS-sid4gov.cabinetoffice.gov.uk/8PQu5m2e,17,9685583.09,Yorkshire Purchasing Organisation,79,1088100367.44,21.518987341772156,0.8901369193347031
ID:GB-CFS-170514,41,9615799.17,Greater Manchester Combined Authority,76,48852628.0,53.94736842105263,19.6832792086436
ID:GB-CFS-178372,2,9575000.0,Dorset Council,8,327012095.83,25.0,2.9280262479885897
ID:GB-CFS-71529,25,9431420.29,Oxfordshire County Council,46,29318480.02,54.34782608695652,32.1688582885819
ID:GB-CFS-283399,21,9241877.4,The National Lottery Community Fund,26,10727064.9,80.76923076923077,86.15476354580458
ID:GB-CFS-311606,16,9197671.77,defra,34,11256079.87,47.05882352941176,81.71292204947726
ID:GB-CFS-168564,38,8923988.33,Homes England (the name adopted by the Homes and Communities Agency),128,31018372.86,29.6875,28.77000792490957
ID:GB-CFS-95246,14,8905924.95,Bath and North East Somerset Council,26,17145198.59,53.84615384615385,51.94413411574254
ID:GB-SRS-sid4gov.cabinetoffice.gov.uk/zbKz776r,14,8762512.51,Lancashire Constabulary,110,77598466.75,12.727272727272728,11.292120678402451
ID:GB-CFS-197948,13,8623789.76,Dixons Academies Charitable Trust Ltd,15,11675378.76,86.66666666666667,73.86304065393765
ID:GB-CFS-107313,25,8620608.42,Luton Council,87,358091749.76,28.735632183908045,2.407374206688006
ID:GB-CFS-164858,3,8443500.0,Department of Health and Social Care,23,14553959.22,13.043478260869565,58.01514125721179
ID:GB-CFS-214569,1,8400000.0,London Borough of Enfield,2,8595000.0,50.0,97.73123909249564
ID:GB-CFS-66347,22,8259118.37,Nottinghamshire County Council,276,246485985.65,7.971014492753622,3.3507456207784605
ID:GB-CFS-52238,5,7954520.0,The Royal Borough of Kingston upon Thames,6,8096523.0,83.33333333333334,98.246123675558
ID:GB-CFS-126175,30,7888901.06,Derbyshire County Council,119,105326075.31,25.210084033613445,7.489979130790799
ID:GB-CFS-50894,44,7681990.189999999,Wolverhampton City Council,92,44111486.89,47.82608695652174,17.4149427543815
ID:GB-CFS-100333,17,7482667.28,VIVID,49,51369187.28,34.69387755102041,14.566450582941751
ID:GB-CFS-68462,25,7477587.98,Nottinghamshire County Council,60,53555475.43,41.66666666666667,13.96232209678285
ID:GB-CFS-279772,70,7472822.81,Defra Commercial,74,747036822.81,94.5945945945946,1.0003285757575868
ID:GB-CFS-50580,3,7406233.689999999,Plymouth City Council,34,22707542.24,8.823529411764707,32.615743314367606
ID:GB-SRS-sid4gov.cabinetoffice.gov.uk/Qcy76AyS,4,7243550.0,HM Government of Gibraltar,12,278068790.89,33.33333333333333,2.604948932534268
ID:GB-CFS-233232,1,7237026.0,Enfield Council,1,7237026.0,100.0,100.0
ID:GB-CFS-173771,5,7098329.0,West Lancashire Borough Council,9,7784026.25,55.55555555555556,91.19096945491415
ID:GB-SRS-sid4gov.cabinetoffice.gov.uk/9yt6Qa35,42,7075010.08,BANK OF ENGLAND,267,572740856.4,15.730337078651685,1.2352899222993166
ID:GB-SRS-sid4gov.cabinetoffice.gov.uk/EerK53Bv,1,6899955.0,YORK AND SCARBOROUGH TEACHING HOSPITALS NHS FOUNDATION TRUST,21,15798616.7,4.761904761904762,43.674424989372646
ID:GB-CFS-262920,17,6857185.79,St.Helens Council,34,12822951.77,50.0,53.475876015090094
ID:GB-CFS-265355,13,6616525.76,St.Helens Council,31,24648262.7,41.935483870967744,26.843781407766315
ID:GB-CFS-188643,1,6607330.0,Ministry of Defence,4,49681330.0,25.0,13.299422539613976
ID:GB-CFS-125010,2,6429981.65,Wigan Council,4,14009861.65,50.0,45.89611097265904
ID:GB-CFS-241911,3,6378434.28,National Highways,27,24023904.31,11.11111111111111,26.55036499352424
ID:GB-SRS-sid4gov.cabinetoffice.gov.uk/dXGP288m,235,6325306.6,UK SHARED BUSINESS SERVICES LIMITED,628,321560306.16,37.42038216560509,1.9670669789861104
ID:GB-CFS-311358,1,6100000.0,NHS England,2,6410000.0,50.0,95.16380655226207
ID:GB-CFS-202076,19,6095383.94,Whittington Health,20,9415383.94,95.0,64.7385595621287
ID:GB-CFS-50691,21,6093462.46,Leicester City Council,98,103328703.8,21.428571428571427,5.897163359171065
ID:GB-CFS-170620,15,6039522.5200000005,Peterborough City Council,31,37689190.19,48.38709677419355,16.02454839054211
ID:GB-LAE-HAV,10,5998367.6,LONDON BOROUGH OF HAVERING,22,209498320.6,45.45454545454545,2.8632055774102465
ID:GB-CFS-143831,19,5888008.07,Bromsgrove District Council,37,8106357.11,51.35135135135135,72.63445207387366
ID:GB-CFS-320547,1,5796563.0,Midland Heart Development Limited,1,5796563.0,100.0,100.0
ID:GB-CFS-121404,10,5750365.99,The Royal Borough of Kingston upon Thames,18,20821566.73,55.55555555555556,27.617354950119065
ID:GB-CFS-52427,45,5711313.58,Leicestershire County Council,140,159634827.8,32.142857142857146,3.577736549542605
ID:GB-CFS-51118,7,5686648.41,Leicester City Council,19,34099778.97,36.84210526315789,16.676496393137764
ID:GB-SRS-sid4gov.cabinetoffice.gov.uk/BpB93Ch9,16,5614657.52,South Tyneside Council,65,79801682.11,24.615384615384617,7.035763371830509
ID:GB-SRS-sid4gov.cabinetoffice.gov.uk/8s944V4W,77,5575797.1,North Yorkshire Council,93,82200563.75,82.79569892473118,6.78316163008067
ID:GB-SRS-sid4gov.cabinetoffice.gov.uk/5TAc9PDA,2,5557766.3,STOCKPORT HOMES LIMITED,19,16811470.94,10.526315789473683,33.059369521177665
ID:GB-SRS-supplierregistration.cabinetoffice.gov.uk/63ETt9Hk,8,5524382.0,WEST KENT HOUSING ASSOCIATION,23,22010907.35,34.78260869565217,25.09838377925842
ID:GB-CFS-189872,52,5391067.84,Barnsley Metropolitan Borough Council,110,93972407.33,47.27272727272727,5.736862546330598
ID:GB-CFS-320377,1,5250000.0,Ministry of Defence,1,5250000.0,100.0,100.0
ID:GB-CFS-148375,4,5068635.0,Buckinghamshire Council,24,6757250.98,16.666666666666664,75.01031136777459
ID:GB-CFS-307868,16,5042647.8,Department for Business and Trade,102,97275579.09,15.68627450980392,5.183878468957259
ID:GB-CFS-93662,17,5024963.14,Folkestone and Hythe District Council,35,14388544.02,48.57142857142857,34.92336078629865
ID:GB-CFS-310297,1,5000000.0,ProcurePublic,3,95000000.0,33.33333333333333,5.263157894736842
ID:GB-LAE-SND,2,4890996.0,Sunderland City Council,38,152359902.62,5.263157894736842,3.210159573413883
ID:GB-CFS-291823,9,4880000.0,West Hertfordshire Teaching Hospitals NHS Trust,23,6379000.0,39.130434782608695,76.50101896849037
ID:GB-SRS-sid4gov.cabinetoffice.gov.uk/9zBK4N6s,34,4831959.32,COVENTRY CITY COUNCIL,107,42699596.41,31.77570093457944,11.316170938956189
ID:GB-GOR-D241,10,4819424.55,UK EXPORT FINANCE,56,30666676.05,17.857142857142858,15.715510028352094
ID:GB-SRS-supplierregistration.cabinetoffice.gov.uk/GVAt3Cfm,1,4800000.0,TOGETHER HOUSING GROUP LIMITED,18,91289250.0,5.555555555555555,5.258012307035056
ID:GB-CFS-82140,7,4631497.18,Liverpool City Council,24,835580671.4499999,29.166666666666668,0.5542848629998668
ID:GB-CFS-49324,13,4558211.97,Liverpool City Council,31,147734742.48,41.935483870967744,3.085402860208783
ID:GB-CFS-207906,17,4469214.26,Bournemouth Christchurch and Poole Council,67,119620180.7,25.37313432835821,3.736170798143594
ID:GB-CFS-244021,11,4425454.98,West Sussex County Council,89,24969355.89,12.359550561797752,17.723544810270237
ID:GB-CFS-301180,3,4254951.0,whg,6,9679614.0,50.0,43.95785823690904
ID:GB-GOR-EA46,85,4238400.36,Met Office,164,30930106.31,51.829268292682926,13.703154840530518
ID:GB-CFS-111581,9,4222230.54,Luton Council,27,45851520.34,33.33333333333333,9.20848536469707
ID:GB-CFS-307847,3,4221238.67,Department for Business and Trade,15,31176501.1,20.0,13.53980889792665
ID:GB-CFS-279634,10,4194889.08,Nuclear Restoration Services Limited (Dounreay),25,9322145.91,40.0,44.99917852068892
ID:GB-SRS-sid4gov.cabinetoffice.gov.uk/AB9Ap52c,67,4166053.56,East Riding of Yorkshire Council,94,180796965.22,71.27659574468085,2.304271841582408
ID:GB-CFS-318280,1,4050000.0,Broadland District Council,1,4050000.0,100.0,100.0
ID:GB-CFS-55679,1,4000000.0,Bristol City Council,23,6573687.38,4.3478260869565215,60.84864960523876
ID:GB-CFS-98892,4,3988762.0,CPS,39,114618998.6,10.256410256410255,3.4800181895848463
ID:GB-CFS-326696,1,3950000.0,Gloucestershire County Council,1,3950000.0,100.0,100.0
ID:GB-SRS-supplierregistration.cabinetoffice.gov.uk/ysmd84Me,20,3896864.55,WEST MIDLANDS COMBINED AUTHORITY,54,12591317.23,37.03703703703704,30.9488235330562
ID:GB-SRS-sid4gov.cabinetoffice.gov.uk/3P8s4Ddm,9,3871463.27,Northumbria Police,41,22894332.66,21.951219512195124,16.910138100526755
ID:GB-CFS-292673,4,3811268.13,Wirral Borough Council,7,4879235.13,57.14285714285714,78.1119996977887
ID:GB-CFS-263189,1,3780000.0,Guy's and St Thomas' NHS Foundation Trust,4,4881750.0,25.0,77.43124903979106
ID:GB-CFS-313701,1,3692753.38,Ministry of Defence,1,3692753.38,100.0,100.0
ID:GB-CFS-172305,2,3656982.88,London Borough of Enfield,3,3944552.88,66.66666666666666,92.70969337340966
ID:GB-SRS-sid4gov.cabinetoffice.gov.uk/bGjd82S8,6,3643000.0,Livv Housing Group,14,13526000.0,42.85714285714285,26.93331361821677
ID:GB-CFS-245537,7,3629681.11,Westmorland and Furness Council,47,34365023.33,14.893617021276595,10.56213777347085
ID:GB-CFS-159561,11,3609774.75,London Borough of Enfield,29,14341699.48,37.93103448275862,25.169783783532463
ID:GB-CFS-100918,1,3536100.0,HS2,3,3662500.0,33.33333333333333,96.54880546075086
ID:GB-CFS-178952,1,3500000.0,Warrington Borough Council,2,9500000.0,50.0,36.84210526315789
ID:GB-CFS-281100,1,3500000.0,Ministry of Defence,1,3500000.0,100.0,100.0
ID:GB-CFS-309062,1,3470848.0,Ministry of Defence,1,3470848.0,100.0,100.0
ID:GB-LAE-ESX,15,3450129.12,East Sussex County Council,158,93718400.37,9.49367088607595,3.681378583478697
ID:GB-SRS-supplierregistration.cabinetoffice.gov.uk/RDdH8NGt,1,3410820.0,Chelmsford City Council,11,10675820.0,9.090909090909092,31.949021246143158
ID:GB-CFS-265842,23,3309392.41,Dorset HealthCare University NHS Foundation Trust,23,3309392.41,100.0,100.0
ID:GB-CFS-198043,14,3293915.54,Cambridgeshire County Council,29,59970314.34,48.27586206896552,5.492576746096809
ID:GB-CFS-183111,20,3243998.9,Ministry of Justice,166,6810471484.46,12.048192771084338,0.0476325157135169
ID:GB-CFS-273422,7,3236837.35,"Department for Environment, Food & Rural Affairs",91,251425334.21,7.6923076923076925,1.287395067076443
ID:GB-SRS-sid4gov.cabinetoffice.gov.uk/R7P26Eu7,43,3168094.96,HAMPSHIRE COUNTY COUNCIL,282,6085754449.67,15.24822695035461,0.0520575548389368
ID:GB-CFS-288697,11,3118040.62,NHS England,46,29560739.970000003,23.91304347826087,10.547911260558338
ID:GB-CFS-217306,3,3100000.0,Redditch Borough Council,4,3147500.0,75.0,98.49086576648132
ID:GB-LAE-WAR,1,3100000.0,Warwickshire County Council,30,73944082.08,3.333333333333333,4.192357133659614
ID:GB-CFS-51197,10,3053199.81,Lincolnshire County Council,64,54510411.36,15.625,5.601131478968167
ID:GB-CFS-178432,1,3000000.0,Ministry of Defence,9,15556623.33,11.11111111111111,19.28439055418076
ID:GB-SRS-sid4gov.cabinetoffice.gov.uk/Mdj94B2D,3,2993090.34,AMEY DEFENCE SERVICES LIMITED,5,4896260.22,60.0,61.130132090896105
ID:GB-CFS-52114,8,2987875.0,Mid Devon District Council,16,4029962.0,50.0,74.1415179597227
ID:GB-LAE-BAE,35,2982179.67,Bassetlaw District Council,42,12808458.93,83.33333333333334,23.282892081694012
ID:GB-GOR-D7,19,2969407.66,DEPARTMENT FOR ENVIRONMENT FOOD & RURAL AFFAIRS,70,24662041.4,27.142857142857142,12.04039686674113
ID:GB-CFS-228174,7,2896955.0,South West Police Procurement Service,12,13588189.0,58.333333333333336,21.319654885577467
ID:GB-SRS-sid4gov.cabinetoffice.gov.uk/Qv523Vc3,6,2873966.77,Sunderland City Council,45,29061763.89,13.333333333333334,9.889168396240796
ID:GB-CFS-50611,6,2836105.0,London Borough of Merton,28,214305076.78,21.428571428571427,1.3233960868372108
ID:GB-SRS-sid4gov.cabinetoffice.gov.uk/zc6B3AWu,20,2811195.0,NHS HUMBER & NORTH YORKSHIRE ICB,37,95425784.24,54.054054054054056,2.945949066480525
ID:GB-CFS-326717,1,2770000.0,Medicines and Healthcare Products Regulatory Agency,1,2770000.0,100.0,100.0
ID:GB-CFS-49240,1,2750000.0,Wakefield and District Housing Limited,10,5315266.2,10.0,51.73776621009123
ID:GB-CFS-265853,1,2750000.0,DVSA - Driver and Vehicle Standards Agency,1,2750000.0,100.0,100.0
ID:GB-SRS-sid4gov.cabinetoffice.gov.uk/hRK774t6,18,2748885.12,UNIVERSITY OF DERBY,52,18842813.0,34.61538461538461,14.58850714062704
ID:GB-CFS-208,5,2687500.0,Devon County Council,23,86558829.64,21.73913043478261,3.104824789310772
ID:GB-CFS-60983,8,2633651.0,Paradigm Housing Group,15,29881247.8,53.333333333333336,8.813724974363353
ID:GB-CFS-138001,10,2623413.39,Gloucestershire County Council,109,27301354.6,9.174311926605505,9.609096062947732
ID:GB-CFS-205523,1,2575358.0,NHS Blood and Transplant,2,7770358.0,50.0,33.143363536145955
ID:GB-CFS-308555,3,2551225.0,Westmorland and Furness Council,5,4505145.16,60.0,56.629140890989625
ID:GB-CFS-106171,19,2547789.15,Liverpool City Council,34,5628468.09,55.88235294117647,45.26612053689372
ID:GB-GOR-EA42,37,2535839.64,Defence Science and Technology Laboratory,99,26694795.66,37.37373737373738,9.499378351862612
ID:GB-CFS-320307,4,2533505.97,The Mayor and Commonalty and Citizens of the City of London,5,3055279.53,80.0,82.92223166893014
ID:GB-CFS-284653,15,2521984.77,Wirral Borough Council,26,13969622.17,57.692307692307686,18.05334989958429
ID:GB-CFS-311519,1,2500000.0,Ministry of Justice,1,2500000.0,100.0,100.0
ID:GB-CFS-168568,1,2496690.14,Ministry of Defence,3,2595709.14,33.33333333333333,96.18528137555504
ID:GB-CFS-162230,4,2495440.0,Department of Health and Social Care (DHSC),21,53632591.23,19.047619047619047,4.652842502609024
ID:GB-CFS-49319,23,2493485.04,Isle of Wight Council,47,8225477.59,48.93617021276596,30.31416732605797
ID:GB-CFS-71400,2,2450000.0,whg,2,2450000.0,100.0,100.0
ID:GB-SRS-sid4gov.cabinetoffice.gov.uk/AnUx84x7,44,2449882.54,Coventry University,76,42245134.6,57.89473684210527,5.79920637772095
ID:GB-SRS-sid4gov.cabinetoffice.gov.uk/BjDD3hUA,41,2394794.52,East Hampshire District Council,71,8045439.02,57.74647887323944,29.765865032931416
ID:GB-GOR-D303,9,2392359.8,Office for National Statistics,113,116075209.73,7.964601769911504,2.0610428407278483
ID:GB-CFS-116151,2,2329793.0,Tameside Metropolitan Borough Council,67,20082977.89,2.985074626865672,11.60083436211959
ID:GB-CFS-155313,14,2327762.0,West Lancashire Borough Council,35,4188120.76,40.0,55.580107007229664
ID:GB-CFS-311670,7,2312001.79,Waythrough,7,2312001.79,100.0,100.0
ID:GB-SRS-sid4gov.cabinetoffice.gov.uk/Kcgf3566,1,2308952.0,Surrey Heath Borough Council,11,3767703.09,9.090909090909092,61.28274826454013
ID:GB-CFS-283401,2,2302800.0,Environment Agency,3,3015431.0,66.66666666666666,76.36719261690949
ID:GB-LAE-NEL,1,2294943.53,North East Lincolnshire Council,47,49329161.54,2.127659574468085,4.65230597552135
ID:GB-CFS-264610,3,2250998.72,"Department for Environment, Food & Rural Affairs",16,33635485.12,18.75,6.692333147475652
ID:GB-CFS-328990,1,2177123.0,Ministry of Defence,1,2177123.0,100.0,100.0
ID:GB-CFS-107820,10,2163141.33,Bristol City Council,29,136620289.72,34.48275862068966,1.583323629625809
ID:GB-SRS-sid4gov.cabinetoffice.gov.uk/vNU233s4,6,2127736.0,National Savings & Investments,11,3663450.0,54.54545454545454,58.080115737897344
ID:GB-CFS-100195,2,2117086.24,Midlands Partnership Foundation Trust,14,9062642.0,14.285714285714285,23.36058557758323
ID:GB-CFS-249188,14,2092717.48,National Highways,16,2148497.48,87.5,97.40376702699228
ID:GB-CFS-50290,6,2076538.0,London Borough of Hackney,36,122144010.97,16.666666666666664,1.7000735308340431
ID:GB-LAE-BAN,23,2064981.43,Basingstoke & Deane Borough Council,43,11173259.38,53.48837209302325,18.481459704554
ID:GB-GOR-PB131,9,2055476.0,ENGINEERING CONSTRUCTION INDUSTRY TRAINING BOARD,12,2322949.0,75.0,88.48562753637725
ID:GB-CFS-302772,1,2028605.06,West London Hospital NHS Trust,1,2028605.06,100.0,100.0
ID:GB-CFS-71687,18,2025223.76,Bristol City Council,23,3258567.05,78.26086956521739,62.15074690576032
ID:GB-SRS-supplierregistration.cabinetoffice.gov.uk/DyTN57AZ,5,2012541.2,Greater Manchester Combined Authority (GMCA),8,9509443.24,62.5,21.16360705045861
ID:GB-CFS-92560,1,2000000.0,London Borough of Waltham Forest,1,2000000.0,100.0,100.0
ID:GB-CFS-295117,1,1996939.08,Ministry of Defence,10,8806826.69,10.0,22.67489926045087
ID:GB-CFS-52395,9,1947489.95,Leicester City Council,62,9398580.0,14.516129032258066,20.721108401481924
ID:GB-SRS-sid4gov.cabinetoffice.gov.uk/sBN45ywB,42,1931376.02,National Audit Office,120,33436595.94,35.0,5.7762339906422895
ID:GB-CFS-156189,4,1929680.0,Department of Health and Social Care (DHSC),17,9225176.0,23.52941176470588,20.917541302193044
ID:GB-CFS-52107,6,1927346.69,Bath and North East Somerset Council,36,24056908.87,16.666666666666664,8.011614045740865
ID:GB-SRS-sid4gov.cabinetoffice.gov.uk/J8A7z2D3,6,1899013.31,ROOFTOP HOUSING GROUP LIMITED,28,36241091.18,21.428571428571427,5.2399451787146765
ID:GB-CFS-313127,1,1893475.0,"Department for Environment, Food & Rural Affairs",1,1893475.0,100.0,100.0
ID:GB-CFS-113159,15,1890387.05,Stockport Metropolitan Borough Council,22,24186602.24,68.18181818181817,7.815843793361195
ID:GB-CFS-49305,9,1855141.0,Isle of Wight Council,13,2816220.0,69.23076923076923,65.87344028520499
ID:GB-CFS-82225,4,1840266.3,Salford City College,6,2338163.91,66.66666666666666,78.70561563838353
ID:GB-CFS-320234,1,1770390.65,Sellafield,2,2167633.65,50.0,81.67388663670174
ID:GB-CFS-150195,2,1760000.0,West Lancashire Borough Council,2,1760000.0,100.0,100.0
ID:GB-CFS-73954,4,1756493.24,Karbon Homes,10,5446025.24,40.0,32.25275614036632
ID:GB-CFS-110469,3,1747228.0,The Royal Borough of Kingston upon Thames,23,167547071.54,13.043478260869565,1.0428281341717565
ID:GB-SRS-supplierregistration.cabinetoffice.gov.uk/Ghxe296B,27,1734424.49,West Northamptonshire Council,154,70235973.78999999,17.532467532467532,2.4694247070394324
ID:GB-SRS-sid4gov.cabinetoffice.gov.uk/t9Gu6N7M,12,1692353.15,Post Office,62,318063912.1,19.35483870967742,0.532079587032156
ID:GB-LAE-FAR,14,1687331.13,Fareham Borough Council,17,1915152.13,82.35294117647058,88.10428704689899
ID:GB-CFS-283655,4,1662151.15,Wirral Borough Council,35,16481196.22,11.428571428571429,10.085136587251917
ID:GB-CFS-121796,5,1660693.66,London Borough of Hounslow,23,62916964.6,21.73913043478261,2.639500602989992
ID:GB-CFS-104710,6,1656181.37,VIVID,8,3806181.37,75.0,43.51293879618774
ID:GB-CFS-191864,6,1644855.38,Rotherham Metropolitan Borough Council,47,66165154.18,12.76595744680851,2.485984352919708
ID:GB-CFS-248056,1,1630000.0,Ministry of Defence,2,1834377.0,50.0,88.85850618493363
ID:GB-CFS-312793,1,1600000.0,UK Atomic Energy Authority,3,2372000.0,33.33333333333333,67.45362563237775
ID:GB-CFS-325514,1,1600000.0,Incommunities Ltd,1,1600000.0,100.0,100.0
ID:GB-CFS-238711,3,1548472.36,NHS Arden and Greater East Midlands Commissioning Support Unit,15,5589007.89,20.0,27.70567496908651
ID:GB-CFS-50036,4,1533507.49,Northumberland County Council,17,4785377.0,23.52941176470588,32.04569859386209
ID:GB-CFS-53257,4,1530546.91,Bristol City Council,36,16827448.080000002,11.11111111111111,9.095537854127194
ID:GB-CFS-172132,6,1472352.32,Ministry of Defence,44,179442652.07,13.636363636363637,0.8205141325183046
ID:GB-CFS-192422,12,1461979.47,West Yorkshire Combined Authority,64,95563991.56,18.75,1.5298434547724953
ID:GB-SRS-sid4gov.cabinetoffice.gov.uk/jBZs3Y7f,22,1457239.86,West Midlands Fire Service,59,6346168.63,37.28813559322034,22.96251399799315
ID:GB-CFS-317181,1,1442739.0,Ministry of Defence,8,29348084.29,12.5,4.915956304826328
ID:GB-CFS-110696,6,1417600.0,Tameside Metropolitan Borough Council,15,8394280.59,40.0,16.887689002066107
ID:GB-CFS-311196,20,1395043.6,The Mayor and Commonalty and Citizens of the City of London,35,7615292.48,57.14285714285714,18.318975977138045
ID:GB-SRS-sid4gov.cabinetoffice.gov.uk/ecqA6349,7,1392785.6,THE LONDON BOROUGH OF CAMDEN,13,3342335.6,53.84615384615385,41.67102788840235
ID:GB-CFS-49206,10,1385419.84,Nottingham City Council,211,78082959.8901,4.739336492890995,1.7742921656017483
ID:GB-CFS-89538,3,1384984.2,Magenta Living,4,2034984.2,75.0,68.05872006278967
ID:GB-CFS-319434,1,1370231.07,Defra,1,1370231.07,100.0,100.0
ID:GB-CFS-20130,5,1354291.0,Trafford College,12,3662320.73,41.66666666666667,36.97903869823001
ID:GB-SRS-sid4gov.cabinetoffice.gov.uk/nAGk82Ar,14,1343747.88,Warwickshire Police,60,9015160.78,23.33333333333333,14.90542335064156
ID:GB-SRS-sid4gov.cabinetoffice.gov.uk/aZYN88Y6,4,1343460.0,Hertford Regional College,4,1343460.0,100.0,100.0
ID:GB-SRS-supplierregistration.cabinetoffice.gov.uk/FdrJ277p,20,1328914.12,North Northamptonshire Council,121,485629162.47,16.528925619834713,0.2736479237039424
ID:GB-SRS-sid4gov.cabinetoffice.gov.uk/3TQF8m8D,3,1324000.0,OPEN UNIVERSITY(THE),28,70029764.3,10.714285714285714,1.8906246697163311
ID:GB-CFS-151366,2,1320714.88,Foreign Commonwealth and Development Office,9,2122170.23,22.22222222222222,62.23416299643407
ID:GB-CFS-50692,5,1319985.51,Redditch Borough & Bromsgrove District Councils,19,20031394.51,26.31578947368421,6.589583712412242
ID:GB-CFS-326993,1,1300000.0,ACHIEVING FOR CHILDREN COMMUNITY INTEREST COMPANY,1,1300000.0,100.0,100.0
ID:GB-SRS-sid4gov.cabinetoffice.gov.uk/V3SG8j4A,23,1283923.88,THIRTEEN HOUSING GROUP LIMITED,85,73500641.4,27.058823529411764,1.7468199672064355
ID:GB-CFS-213835,1,1280000.0,Bournemouth Christchurch and Poole Council,17,79611289.8,5.88235294117647,1.6078121623398194
ID:GB-CFS-51922,8,1265609.17,Bristol City Council,14,19963265.55,57.14285714285714,6.339690101452364
ID:GB-CFS-316058,4,1260870.0,Vico Homes Limited,6,1848431.0,66.66666666666666,68.21298712259208
ID:GB-CFS-324391,1,1213200.0,University Hospitals of Leicester NHS Trust,3,4340947.5,33.33333333333333,27.94781554027088
ID:GB-CFS-94841,13,1207006.98,Greater Manchester Combined Authority,35,19175413.720000003,37.142857142857146,6.294555088222628
ID:GB-CFS-324030,2,1200000.0,City of Lincoln Council,2,1200000.0,100.0,100.0
ID:GB-CFS-52379,1,1193585.0,Torbay Council,2,2043585.0,50.0,58.40642791956292
ID:GB-CFS-170601,18,1161467.59,Parliamentary and Health Service Ombudsman,33,6831472.97,54.54545454545454,17.001715370909242
ID:GB-SRS-sid4gov.cabinetoffice.gov.uk/wBAP5Awf,21,1139449.86,UNIVERSITY OF PLYMOUTH,46,4345131.55,45.65217391304348,26.22359868483153
ID:GB-CFS-317214,3,1134264.0,Vico Homes Limited,3,1134264.0,100.0,100.0
ID:GB-CFS-54258,9,1115782.35,Bristol City Council,20,42727222.35,45.0,2.6114085789618384
ID:GB-CFS-199837,4,1110000.0,West Hertfordshire Teaching Hospitals NHS Trust,15,2752000.0,26.666666666666668,40.3343023255814
ID:GB-CFS-313511,1,1110000.0,Ministry of Defence,1,1110000.0,100.0,100.0
ID:GB-CFS-315807,3,1093458.88,NHS Trust,3,1093458.88,100.0,100.0
ID:GB-SRS-supplierregistration.cabinetoffice.gov.uk/xCeK472K,1,1083920.35,Teignmouth Town Council,1,1083920.35,100.0,100.0
ID:GB-SRS-sid4gov.cabinetoffice.gov.uk/UJTr6753,17,1066021.6,LEEDS TRINITY UNIVERSITY,35,3599480.2,48.57142857142857,29.61598733061513
ID:GB-CFS-42310,10,1061044.67,OFCOM,26,10416929.88,38.46153846153847,10.185771453037756
ID:GB-CFS-69003,7,1060893.0,Lancaster City Council,8,1106799.0,87.5,95.85236343726368
ID:GB-CFS-322061,10,1060000.0,Yorkshire Ambulance Service NHS Trust,10,1060000.0,100.0,100.0
ID:GB-SRS-sid4gov.cabinetoffice.gov.uk/t7A7KJFS,13,1057598.12,FINANCIAL SERVICES COMPENSATION SCHEME LIMITED,34,10311500.55,38.23529411764706,10.256490943017988
ID:GB-CFS-171478,1,1055642.0,Ministry of Defence,8,30954360.82,12.5,3.4103175515029096
ID:GB-SRS-sid4gov.cabinetoffice.gov.uk/RTZp9527,9,1048470.0,Cambridgeshire County Council,63,27941532.1,14.285714285714285,3.752371187977914
ID:GB-CFS-298005,2,1047780.0,Ministry of Defence,5,7211450.8,40.0,14.529392615422127
ID:GB-CFS-49575,3,1047750.0,Bath and North East Somerset Council,8,1561523.61,37.5,67.09792879788733
ID:GB-CFS-186378,18,1042724.37,North Lincolnshire Council,172,20492846.38,10.465116279069768,5.088235917376744
ID:GB-CFS-228381,1,1040000.0,Environment Agency,1,1040000.0,100.0,100.0
ID:GB-CFS-255544,17,1039197.16,UK Health Security Agency,89,56382322.57,19.101123595505616,1.843125846243407
ID:GB-CFS-39747,1,1027277.0,capitalEsourcing,3,1499277.0,33.33333333333333,68.51815908601279
ID:GB-CFS-254798,11,1024793.57,UK Health Security Agency,91,57672068.41,12.087912087912088,1.7769322277719917
ID:GB-CFS-116381,8,1004235.0,Trafford Council,17,25697632.76,47.05882352941176,3.9078891405248646
ID:GB-CFS-319235,1,1000000.0,ACIS Group,1,1000000.0,100.0,100.0
ID:GB-CFS-143364,2,1000000.0,Moat Homes Limited,3,27000000.0,66.66666666666666,3.7037037037037033
ID:GB-CFS-307391,1,1000000.0,Chartford Housing Limited,1,1000000.0,100.0,100.0
ID:GB-CFS-167578,1,1000000.0,Bristol City Council,2,1220000.0,50.0,81.9672131147541
ID:GB-CFS-328189,1,1000000.0,North West Leicestershire District Council,1,1000000.0,100.0,100.0
ID:GB-CFS-324204,1,1000000.0,Plus Dane Housing Limited,1,1000000.0,100.0,100.0
ID:GB-CFS-193997,5,990861.81,Prospere Learning Trust,8,8863289.81,62.5,11.17939084968271
ID:GB-CFS-260983,3,988596.0,Knowsley Council,14,2375436.11,21.428571428571427,41.61745272113423
ID:GB-SRS-sid4gov.cabinetoffice.gov.uk/uxz69Ne3,5,985740.57,Winchester City Council,12,3607534.57,41.66666666666667,27.324494079622912
ID:GB-CFS-312166,2,972506.0,CPS,4,10632638.89,50.0,9.146421787301009
ID:GB-LAE-BNH,3,965657.0,Brighton & Hove City Council,31,16208131.12,9.67741935483871,5.95785530639266
ID:GB-CFS-102547,1,962980.0,London Borough of Waltham Forest,4,2684980.0,25.0,35.86544406289805
ID:GB-SRS-sid4gov.cabinetoffice.gov.uk/3A4AmUm4,20,959307.0,Cabinet Office,114,212050596.71,17.543859649122805,0.4523953315311564
ID:GB-CFS-311377,8,955232.18,Crescent Purchasing Consortium Consultancy Ltd,8,955232.18,100.0,100.0
ID:GB-LAE-KIR,15,949575.35,Kirklees Council,418,387731020.36,3.588516746411483,0.2449056949630544
ID:GB-CFS-174882,1,946713.0,Ministry of Defence,1,946713.0,100.0,100.0
ID:GB-CFS-49287,6,940140.0,Devon County Council,64,132969174.98,9.375,0.7070360481227376
ID:GB-SRS-sid4gov.cabinetoffice.gov.uk/6Fq48XBS,5,935465.0,Kent County Council,15,15242395.7,33.33333333333333,6.137257019249278
ID:GB-CFS-327572,1,935000.0,Sport England,1,935000.0,100.0,100.0
ID:GB-CFS-51222,4,932389.01,Lincolnshire County Council,78,294654195.81,5.128205128205128,0.3164350018627349
ID:GB-CFS-314531,2,925161.12,"The Police, Fire and Crime Commissioner for Essex",2,925161.12,100.0,100.0
ID:GB-CFS-313196,1,923111.0,Department for Work and Pensions,1,923111.0,100.0,100.0
ID:GB-CFS-311356,12,920344.87,Yorkshire Ambulance Service NHS Trust,30,9591408.92,40.0,9.595512793546916
ID:GB-SRS-supplierregistration.cabinetoffice.gov.uk/6YAJ2hDM,23,917317.91,GENOMICS ENGLAND LIMITED,49,4765584.56,46.93877551020408,19.24880145238678
ID:GB-GOR-PB1164,21,916339.23,HISTORIC ENGLAND LIMITED,35,11354798.31,60.0,8.070061704160732
ID:GB-SRS-sid4gov.cabinetoffice.gov.uk/5JM9tyCn,6,910878.12,Nottingham City Council,54,35974978.43,11.11111111111111,2.531976834322177
ID:GB-CFS-314404,6,910038.0,Sheffield Teaching Hospitals NHS Foundation Trust,8,1175138.0,75.0,77.4409473610759
ID:GB-CFS-160001,4,893740.71,Chesterfield Borough Council,5,1393740.71,80.0,64.12532141649217
ID:GB-CFS-48924,12,885853.12,City of London Corporation,15,1071735.12,80.0,82.65597566682334
ID:GB-CFS-154245,6,879241.12,Offshore Renewable Energy Catapult,8,1117947.12,75.0,78.64782727827054
ID:GB-CFS-167286,8,878873.0,DfTc - Department for Transport,41,14180851.55,19.51219512195122,6.197603838536763
ID:GB-GOR-D240,14,869624.38,O F W A T,58,37214236.79,24.13793103448276,2.3368056287363674
ID:GB-CFS-151067,13,868494.13,Foreign Commonwealth and Development Office,186,438893095.949,6.989247311827956,0.1978828416341551
ID:GB-SRS-sid4gov.cabinetoffice.gov.uk/n6P4ErCA,11,863658.17,UNIVERSITY OF SUSSEX(THE),35,38154753.35,31.428571428571427,2.2635663820901097
ID:GB-CFS-95894,2,856865.0,Oxfordshire County Council,4,3738222.0,50.0,22.921725890008677
ID:GB-GOR-D106,5,853119.17,"OFFICE FOR STANDARDS IN EDUCATION, CHILDRENS SERVICES AND SKILLS",48,21802088.65,10.416666666666668,3.9130157834671495
ID:GB-CFS-52200,6,841217.0,West Lindsey District Council,17,4507396.44,35.294117647058826,18.66303555051838
ID:GB-CFS-166841,5,835496.38,Chesterfield Borough Council,8,9565375.46,62.5,8.7345905395333
ID:GB-CFS-282208,1,833245.0,Ministry of Defence,2,1007597.0,50.0,82.69625653907266
ID:GB-SRS-sid4gov.cabinetoffice.gov.uk/2gx98Qm7,7,832684.28,THE POLICE AND CRIME COMMISSIONER FOR LINCOLNSHIRE,71,20434001.73,9.859154929577464,4.074993684558135
ID:GB-CFS-299947,5,827252.7999999999,Nuclear Restoration Services Limited,7,1205303.94,71.42857142857143,68.63437283711194
ID:GB-CFS-97437,4,821208.67,Askham Bryan College,12,2848695.71,33.33333333333333,28.82753209187092
ID:GB-CFS-313330,1,816249.99,UK Atomic Energy Authority,33,21088175.35,3.0303030303030303,3.870652517122587
ID:GB-CFS-286403,12,814368.25,Nuclear Restoration Services Limited (Dounreay),27,4014830.94,44.44444444444444,20.283998558604317
ID:GB-SRS-supplierregistration.cabinetoffice.gov.uk/D8JBmaGh,18,812093.1900000001,Partners Procurement Service,62,12196668.6,29.03225806451613,6.658319715270447
ID:GB-SRS-sid4gov.cabinetoffice.gov.uk/B2BF7E7B,2,801766.6599999999,Passenger Transport Unit,4,43291965.75,50.0,1.8519987395120767
ID:GB-CFS-67701,14,799482.7,City of London Corporation,14,799482.7,100.0,100.0
ID:GB-CFS-202796,9,793320.8,Home Office,9,793320.8,100.0,100.0
ID:GB-SRS-sid4gov.cabinetoffice.gov.uk/nmZW44Zs,5,791000.0,BOLTON AT HOME LIMITED,32,21209179.31,15.625,3.729517245521369
ID:GB-CFS-171998,4,790020.0,Oxfordshire County Council,10,114554451.1,40.0,0.6896458342857007
ID:GB-CFS-159458,1,786363.0,Department of Health and Social Care (DHSC),1,786363.0,100.0,100.0
ID:GB-CFS-285235,1,783632.77,Ministry of Defence,1,783632.77,100.0,100.0
ID:GB-CFS-234553,1,780000.0,Golding Homes,3,1290646.53,33.33333333333333,60.43482718696032
ID:GB-LAE-EPP,10,775294.72,Epping Forest District Council,37,13380791.55,27.027027027027028,5.794087121848931
ID:GB-SRS-sid4gov.cabinetoffice.gov.uk/EM5q33BA,19,769163.18,"The Board of Trustees of the Royal Botanic Gardens, Kew",35,2644912.39,54.285714285714285,29.080856625273704
ID:GB-GOR-OT385,10,767183.0,Ofcom,15,1383597.0,66.66666666666666,55.44844344126216
ID:GB-SRS-sid4gov.cabinetoffice.gov.uk/6ScC25N8,10,762116.5,Lichfield District Council,29,16410388.72,34.48275862068966,4.644109978157787
ID:GB-CFS-329109,1,752000.0,North Kesteven District Council,1,752000.0,100.0,100.0
ID:GB-SRS-sid4gov.cabinetoffice.gov.uk/PdZ75VAM,6,748212.34,Salford City Council,17,16300988.34,35.294117647058826,4.589981444033104
ID:GB-CFS-112787,10,746771.34,Financial Ombudsman Service,16,5640217.34,62.5,13.240116381756309
ID:GB-SRS-sid4gov.cabinetoffice.gov.uk/pv8V8QD7,3,743530.0,ASPIRE HOUSING LIMITED,11,2417147.08,27.27272727272727,30.760643659301028
ID:GB-SRS-sid4gov.cabinetoffice.gov.uk/FxGd77hQ,6,736738.46,Nursing And Midwifery Council,23,13664907.58,26.08695652173913,5.391463174462245
ID:GB-CFS-315938,1,732219.0,Ministry of Defence,1,732219.0,100.0,100.0
ID:GB-CFS-324009,1,729052.0,University Hospitals of North Midlands NHS Trust,2,1070330.94,50.0,68.11463377859562
ID:GB-CFS-299452,3,728907.96,Westmorland and Furness Council,8,1034562.88,37.5,70.45564596324971
ID:GB-CFS-228793,1,720000.0,ACIS Group Limited,1,720000.0,100.0,100.0
ID:GB-SRS-supplierregistration.cabinetoffice.gov.uk/mQxY293c,13,718456.31,"Police, Fire and Crime Commissioner for Northamptonshire",44,26658808.62,29.545454545454547,2.695005317908314
ID:GB-CFS-326245,7,716819.0,Civil Nuclear Police Authority (CNPA) / Civil Nuclear Constabulary (CNC),7,716819.0,100.0,100.0
ID:GB-SRS-sid4gov.cabinetoffice.gov.uk/BxeD58qn,22,716369.45,FCDO Services,321,35823363.65,6.853582554517133,1.9997269296067344
ID:GB-CFS-101682,5,711166.0,Wigan Council,15,68192686.42,33.33333333333333,1.0428772311739058
ID:GB-SRS-sid4gov.cabinetoffice.gov.uk/sWfz42zD,11,705460.9,West Midlands Combined Authority,99,42226902.62,11.11111111111111,1.6706432540137843
ID:GB-LAE-HIL,6,705390.66,London Borough of Hillingdon,77,75255181.23,7.792207792207792,0.937331687294908
ID:GB-CFS-260069,9,699974.29,NHS England,24,9843278.0,37.5,7.1111909061188765
ID:GB-CFS-309962,1,699662.0,Home Office,6,52927629.04,16.666666666666664,1.32192205222575
ID:GB-CFS-49629,4,692755.0,London Borough of Sutton,14,18963872.61,28.57142857142857,3.653024960918044
ID:GB-CFS-294660,9,684845.0,OFCOM,19,4485138.52,47.368421052631575,15.26920510807323
ID:GB-CFS-303337,8,682105.0,Bath Spa University,19,1858421.11,42.10526315789473,36.70346813914527
ID:GB-SRS-sid4gov.cabinetoffice.gov.uk/3Eac6tJ3,9,681757.49,mhs homes group,39,28547352.38,23.07692307692308,2.3881636409744003
ID:GB-CFS-221551,6,679878.74,Companies House,38,10201827.75,15.789473684210526,6.664283662307473
ID:GB-SRS-sid4gov.cabinetoffice.gov.uk/FP92DXxB,1,670000.0,Durham Constabulary,19,2545519.75,5.263157894736842,26.320754337105416
ID:GB-CFS-321798,1,660000.0,ARP,1,660000.0,100.0,100.0
ID:GB-CFS-58010,11,657232.37,Leicestershire County Council,240,61177182.13,4.583333333333333,1.0743096480047043
ID:GB-SRS-sid4gov.cabinetoffice.gov.uk/Qn752tMx,2,655508.61,Surrey County Council,36,104675904.11,5.555555555555555,0.6262268432963812
ID:GB-CFS-57412,2,654983.0,South Gloucestershire Council,11,1988781.54,18.181818181818183,32.93388372862713
ID:GB-CFS-300737,3,652268.25,DVSA - Driver and Vehicle Standards Agency,3,652268.25,100.0,100.0
ID:GB-CFS-288162,2,648372.7699999999,CPS,5,2878408.93,40.0,22.52538766269044
ID:GB-CFS-120787,5,640796.7,The Royal Borough of Kingston upon Thames,48,220797401.36,10.416666666666668,0.290219312389103
ID:GB-CFS-127682,5,634223.24,North Devon District Council,22,7257551.61,22.727272727272727,8.738804407895902
ID:GB-CFS-307792,1,630864.0,Ministry of Defence,1,630864.0,100.0,100.0
ID:GB-CFS-7656,3,627287.0,Civil Nuclear Police Authority (CNPA) / Civil Nuclear Constabulary (CNC),3,627287.0,100.0,100.0
ID:GB-CFS-85898,1,621996.0,Department for Work and Pensions,9,64622340.58,11.11111111111111,0.9625092412584354
ID:GB-CFS-267787,2,614057.0,NHS England,3,3230557.0,66.66666666666666,19.007774820255456
ID:GB-CFS-284779,8,608364.0,NHS England,10,3222357.0,80.0,18.879472386206743
ID:GB-SRS-supplierregistration.cabinetoffice.gov.uk/33rD6A8J,3,603883.0,GOVERNMENT PROPERTY AGENCY,46,170367226.48,6.521739130434782,0.3544596061560537
ID:GB-CFS-246166,8,601779.47,South Yorkshire Pensions Authority,10,3732324.47,80.0,16.123450006478134
ID:GB-CFS-53006,2,601728.1499999999,Herefordshire Council,22,8872315.3,9.090909090909092,6.782087083852846
ID:GB-CFS-177110,1,600000.0,DfTc - Department for Transport,2,2600000.0,50.0,23.07692307692308
ID:GB-CFS-292432,1,600000.0,Health,5,65247135.0,20.0,0.9195806068726236
ID:GB-CFS-233573,5,599199.9,Animal and Plant Health Agency,15,1415562.15,33.33333333333333,42.32946607112941
ID:GB-CFS-51523,3,596170.0700000001,Wigan Council,29,6905257.24,10.344827586206897,8.633567864011972
ID:GB-CFS-307762,1,593880.0,Halton Borough Council,1,593880.0,100.0,100.0
ID:GB-CFS-169892,10,592864.85,Intellectual Property Office,26,2441751.74,38.46153846153847,24.280308283920785
ID:GB-CFS-269943,7,587118.0,United Kingdom Atomic Energy Authority,30,15674989.5,23.33333333333333,3.745571886985953
ID:GB-CFS-60576,2,585558.0,South Gloucestershire Council,7,2529885.66,28.57142857142857,23.14563101638356
ID:GB-CFS-292427,5,585000.0,East and North Hertfordshire NHS Trust,36,6668000.0,13.88888888888889,8.773245350929814
ID:GB-CFS-322503,1,584795.0,Senior Commercial Manager,1,584795.0,100.0,100.0
ID:GB-CFS-230050,1,584359.0,Ministry of Defence,1,584359.0,100.0,100.0
ID:GB-SRS-sid4gov.cabinetoffice.gov.uk/2URBt38P,4,569203.6,London Borough Of Barking And Dagenham Careers Service,8,1560801.35,50.0,36.46867681143407
ID:GB-CFS-74192,4,568000.0,Halton Borough Council,4,568000.0,100.0,100.0
ID:GB-CFS-265452,3,567812.0,Financial Conduct Authority,32,43663518.72,9.375,1.3004265726754511
ID:GB-SRS-sid4gov.cabinetoffice.gov.uk/AwF59kgs,5,561559.9,COLLEGE OF POLICING LIMITED,38,9325074.22,13.157894736842104,6.022042149494012
ID:GB-CFS-161959,1,559430.0,University of Plymouth,7,3600190.57,14.285714285714285,15.53889965330363
ID:GB-SRS-sid4gov.cabinetoffice.gov.uk/FrqU3KsZ,7,559317.55,Middlesbrough Council,55,10929117.67,12.727272727272728,5.117682569520729
ID:GB-SRS-sid4gov.cabinetoffice.gov.uk/6s2F948d,8,559059.56,Hull College,20,2325724.45,40.0,24.038082413417463
ID:GB-CFS-314503,1,557487.0,Nuclear Restoration Services,1,557487.0,100.0,100.0
ID:GB-CFS-99244,2,557027.2,Broxtowe Borough Council,3,1080807.99,66.66666666666666,51.53803498436387
ID:GB-CFS-325792,1,552655.0,Ministry of Defence,1,552655.0,100.0,100.0
ID:GB-CFS-305930,1,550962.75,ICS on behalf of DSIT and DESNZ,1,550962.75,100.0,100.0
ID:GB-CFS-323528,1,550000.0,Acis Group Limited,1,550000.0,100.0,100.0
ID:GB-SRS-sid4gov.cabinetoffice.gov.uk/Pesn8463,15,547415.25,"Department for Culture, Media and Sport",74,42926762.84,20.27027027027027,1.2752306807768594
ID:GB-CFS-123209,1,545800.0,London Borough of Hounslow,8,3993939.28,12.5,13.665706004423782
ID:GB-CFS-205471,2,539900.0,United Lincolnshire Hospitals NHS Trust,6,15044716.6,33.33333333333333,3.588635228928141
ID:GB-SRS-sid4gov.cabinetoffice.gov.uk/FDEK7nf7,13,534422.79,"NHS SOUTH, CENTRAL AND WEST COMMISSIONING SUPPORT UNIT",128,89319992.14,10.15625,0.5983238211243309
ID:GB-CFS-294512,5,525000.0,The Princess Alexandra Health Trust,30,8020000.0,16.666666666666664,6.546134663341646
ID:GB-CFS-52945,2,518683.44,Halton Borough Council,3,49518683.44,66.66666666666666,1.047449980427024
ID:GB-CFS-63173,2,518412.0,Cafcass,2,518412.0,100.0,100.0
ID:GB-SRS-sid4gov.cabinetoffice.gov.uk/3ZzX6jGx,3,517522.0,MINISTRY OF DEFENCE,12,11220839.95,25.0,4.612150269552682
ID:GB-SRS-sid4gov.cabinetoffice.gov.uk/635A8Pbq,6,516877.0,Southampton Solent University,11,2556406.0,54.54545454545454,20.218893243092054
ID:GB-CFS-258833,6,515849.94,Somerset NHS Foundation Trust,17,1725247.26,35.294117647058826,29.900058499440828
ID:GB-SRS-sid4gov.cabinetoffice.gov.uk/Z6sk4ppe,5,513073.0,University of Lincoln,20,13856945.0,25.0,3.702641527407376
ID:GB-SRS-supplierregistration.cabinetoffice.gov.uk/6sQD8uds,9,512284.62,Crown Commercial Service,265,140549054888.93,3.39622641509434,0.00036448812865
ID:GB-SRS-sid4gov.cabinetoffice.gov.uk/587dHx4Z,1,511360.0,Durham University,2,761351.14,50.0,67.1648038774855
ID:GB-SRS-sid4gov.cabinetoffice.gov.uk/mmm75Jp3,5,510000.0,WANDLE HOUSING ASSOCIATION LIMITED,34,16332908.99,14.705882352941178,3.122530103561178
ID:GB-CFS-170575,6,506001.0,Homes England (the name adopted by the Homes and Communities Agency),75,10821183.66,8.0,4.676022659798383
ID:GB-CFS-99308,3,504704.02,Department for Education,151,877743391.26,1.9867549668874172,0.0575001788706717
ID:GB-SRS-sid4gov.cabinetoffice.gov.uk/73xSeynZ,6,503498.63,CROYDON COUNCIL,10,1892367.45,60.0,26.606810955240224
ID:GB-CFS-295080,11,501192.98,Somerset NHS Foundation Trust,12,558449.48,91.66666666666666,89.74723729709623
ID:GB-SRS-supplierregistration.cabinetoffice.gov.uk/cFxM6s7a,2,500280.94,Golden Lane Housing,6,8935280.940000001,33.33333333333333,5.598939119646751
ID:GB-CFS-50507,1,500000.0,Wakefield and District Housing Limited,5,15283681.62,20.0,3.271463070427399
ID:GB-CFS-244842,1,500000.0,Lincolnshire Community Health Services NHS Trust,4,837222.5,25.0,59.72128078258766
ID:GB-CFS-163703,2,499488.36,The Harmony Trust Ltd,4,1297386.56,50.0,38.499578722320045
ID:GB-CFS-180415,9,499320.0,London Ambulance Service NHS Trust,64,7448685.24,14.0625,6.703464892282117
ID:GB-CFS-59199,1,496936.0,whg,15,29691918.200000003,6.666666666666667,1.6736406070255168
ID:GB-CFS-158035,4,493997.0,Warrington Borough Council,10,1853133.0,40.0,26.657395880382037
ID:GB-SRS-sid4gov.cabinetoffice.gov.uk/h5v4C2ej,10,485679.55,Suffolk Coastal District Council and Waveney District Council,39,8946054.4,25.64102564102564,5.428980512347432
ID:GB-CFS-228290,9,481039.0,Cambridgeshire & Peterborough Combined Authority,15,5340461.67,60.0,9.00744223485832
ID:GB-CFS-227645,1,480000.0,South West Police Procurement Service,1,480000.0,100.0,100.0
ID:GB-CFS-319788,2,479117.28,South West Yorkshire Partnership NHS Foundation Trust,4,984860.28,50.0,48.6482488663265
ID:GB-LAE-RCC,3,478395.42,Redcar & Cleveland Borough Council,44,46944339.88,6.8181818181818175,1.0190694367476107
ID:GB-SRS-sid4gov.cabinetoffice.gov.uk/WwVJ69wT,12,475930.12,DERBYSHIRE COMMUNITY HEALTH SERVICES NHS FOUNDATION TRUST,22,5856171.94,54.54545454545454,8.12698337542323
ID:GB-CFS-176157,1,471320.0,DHSC,6,20682544.0,16.666666666666664,2.2788299157008924
ID:GB-CFS-299407,4,470000.0,NHS England,9,7030394.4,44.44444444444444,6.6852579422855705
ID:GB-CFS-172544,2,469800.0,Humankind Charity,3,676417.0,66.66666666666666,69.45419763252549
ID:GB-CFS-146344,3,469566.9,Home Office,4,2260277.9,75.0,20.7747419023121
ID:GB-CFS-51805,2,467956.99,Derbyshire County Council,2,467956.99,100.0,100.0
ID:GB-SRS-sid4gov.cabinetoffice.gov.uk/au8q6EUc,6,467887.19,CENTRE FOR PROCESS INNOVATION LIMITED,20,6330483.77,30.0,7.391017922157947
ID:GB-CFS-79727,2,467546.0,Durham County Council,12,2345747.33,16.666666666666664,19.93164370350152
ID:GB-CFS-291008,7,467096.37,NRS Dounreay,21,1625846.59,33.33333333333333,28.72942458857696
ID:GB-SRS-sid4gov.cabinetoffice.gov.uk/SCYu64qt,36,463200.0,UNIVERSITY OF EAST ANGLIA,67,8185315.4,53.73134328358209,5.658914499495035
ID:GB-SRS-sid4gov.cabinetoffice.gov.uk/zXxx45v7,2,463041.6,LONDON & QUADRANT HOUSING TRUST,17,9226917.65,11.76470588235294,5.018377941196863
ID:GB-LAE-THR,6,459998.5,THURROCK BOROUGH COUNCIL,13,5276806.5,46.15384615384615,8.717365323136256
ID:GB-CFS-253048,4,459648.75,National Highways,17,19234414.55,23.52941176470588,2.389720512704661
ID:GB-SRS-sid4gov.cabinetoffice.gov.uk/pH2E93Mx,11,453418.0,British Transport Police,73,40877465.88,15.068493150684931,1.109212594858632
ID:GB-CFS-247732,1,450000.0,Central London Community Healthcare NHS Trust,2,1129165.0,50.0,39.85245734680051
ID:GB-CFS-168339,49,448219.76,London Borough of Enfield,50,458219.76,98.0,97.8176410375668
ID:GB-SRS-sid4gov.cabinetoffice.gov.uk/5WZu8KXU,5,442121.0,Transport for London,83,602470596.28,6.024096385542169,0.0733846602190894
ID:GB-LAE-DUR,2,439278.2,Durham County Council,76,157289335.43,2.631578947368421,0.2792803458664851
ID:GB-CFS-212111,7,433519.2,NHS England,8,15433519.2,87.5,2.808945868937008
ID:GB-CFS-41401,7,433347.44,Pension Protection Fund,25,51156681.6,28.000000000000004,0.8470984169543944
ID:GB-SRS-supplierregistration.cabinetoffice.gov.uk/R8n5Kb3J,5,431250.0,MAYOR'S OFFICE FOR POLICE AND CRIME,16,2881322.55,31.25,14.967085167191712
ID:GB-CFS-82136,1,428000.0,London Borough of Waltham Forest,1,428000.0,100.0,100.0
ID:GB-LAE-BBD,5,427366.0,Blackburn With Darwen Borough Council,21,4650906.51,23.809523809523807,9.188875310245702
ID:GB-CFS-211360,1,425000.0,Lincolnshire Partnership NHS Foundation Trust,4,755000.0,25.0,56.29139072847682
ID:GB-CFS-325799,1,424000.0,Ministry of Defence,1,424000.0,100.0,100.0
ID:GB-LAE-DOV,8,421280.49,Dover District Council,15,1095652.63,53.333333333333336,38.45018744672753
ID:GB-CFS-86087,10,418498.0,Paradigm Housing Group,25,4861832.99,40.0,8.60782344561778
ID:GB-LAE-DAR,7,411051.87,Dartford Borough Council,14,64798414.48,50.0,0.6343548268868076
ID:GB-CFS-180697,5,407929.89,MCA - Maritime and Coastguard Agency,43,29365037.0,11.627906976744184,1.3891686565898078
ID:GB-CFS-151153,4,407841.18,Buckinghamshire Council,35,92195899.99,11.428571428571429,0.4423636843332907
ID:GB-CFS-172478,5,401255.4,Leeds College of Building,11,1732897.4,45.45454545454545,23.15517352614183
ID:GB-CFS-300663,3,400109.32,ICS on behalf of DSIT and DESNZ,7,10336533.82,42.85714285714285,3.870826787465588
ID:GB-CFS-320937,1,400000.0,ACIS Group Limited,1,400000.0,100.0,100.0
ID:GB-CFS-228563,1,400000.0,Environment Agency,1,400000.0,100.0,100.0
ID:GB-CFS-316198,1,400000.0,Environment Agency,1,400000.0,100.0,100.0
ID:GB-CFS-216017,9,397762.67,Norfolk and Norwich University Hospitals NHS Foundation Trust,104,43776191.59,8.653846153846153,0.908627853526808
ID:GB-CFS-84980,8,391748.0,Folkestone and Hythe District Council,15,70622991.12,53.333333333333336,0.554703211783194
ID:GB-CFS-278135,5,390043.64,Nottingham University Hospitals NHS Trus,12,1998948.18,41.66666666666667,19.51244378931324
ID:GB-CFS-310446,3,389257.0,Somerset NHS Foundation Trust,6,2258851.09,50.0,17.232521511632715
ID:GB-SRS-sid4gov.cabinetoffice.gov.uk/U9ba2645,4,385905.0,UNIVERSITY OF GLOUCESTERSHIRE,6,779274.0,66.66666666666666,49.52109270936795
ID:GB-SRS-supplierregistration.cabinetoffice.gov.uk/3ae2HrvA,1,384000.0,THE UNIVERSITY OF WOLVERHAMPTON,3,6884000.0,33.33333333333333,5.57815223707147
ID:GB-CFS-105126,1,381120.0,Lancaster City Council,1,381120.0,100.0,100.0
ID:GB-SRS-sid4gov.cabinetoffice.gov.uk/FY63t84q,5,380999.01,Newcastle City Council,7,830999.01,71.42857142857143,45.84831093842097
ID:GB-CFS-296989,8,380075.92,Nuclear Restoration Services Limited ( Dounreay),9,448006.9,88.88888888888889,84.83706835765253
ID:GB-CFS-315169,1,378610.0,DEFRA,1,378610.0,100.0,100.0
ID:GB-CFS-153085,5,375033.0,Pension Protection Fund,8,666633.0,62.5,56.25779101844643
ID:GB-CFS-299176,3,372003.45,Somerset NHS Foundation Trust,26,1217309.0,11.538461538461538,30.55949228996089
ID:GB-CFS-26868,5,370666.66,Cefas,9,838648.66,55.55555555555556,44.19808647878839
ID:GB-CFS-292207,2,370000.0,Hertfordshire Partnership University NHS Foundation Trust,16,1540000.0,12.5,24.025974025974023
ID:GB-SRS-sid4gov.cabinetoffice.gov.uk/d9p84SEE,1,368000.0,Milton Keynes Council,47,13478732.47,2.127659574468085,2.7302270507933004
ID:GB-LAE-STT,4,366922.7,STOCKTON-ON-TEES BOROUGH COUNCIL,30,11244459.09,13.333333333333334,3.263142291355876
ID:GB-SRS-supplierregistration.cabinetoffice.gov.uk/djMX46dB,5,366727.0,Tees Valley Combined Authority,50,37950429.66,10.0,0.9663316154402664
ID:GB-CFS-299735,3,364386.64,Nuclear Restoration Services Ltd (Dounreay),4,418704.64,75.0,87.02713206139774
ID:GB-SRS-sid4gov.cabinetoffice.gov.uk/vkU269eN,8,364372.03,University Of The West Of England,136,13745594.71,5.88235294117647,2.650827684704811
ID:GB-CFS-317757,1,361000.0,Home Office,1,361000.0,100.0,100.0
ID:GB-SRS-supplierregistration.cabinetoffice.gov.uk/C9U4w9Jm,1,360731.0,Newbury Town Council,1,360731.0,100.0,100.0
ID:GB-SRS-sid4gov.cabinetoffice.gov.uk/m4hc8Tk6,1,360000.0,N E L Commissioning Support Unit,1,360000.0,100.0,100.0
ID:GB-CFS-296304,2,359990.0,West Suffolk NHS Hospital,3,392110.0,66.66666666666666,91.8084211063222
ID:GB-SRS-sid4gov.cabinetoffice.gov.uk/m6gv6TMA,8,356445.88,N H S Shared Business Services,67,6412633290.59,11.940298507462686,0.0055584946752382
ID:GB-CFS-298004,1,356000.0,Office of Qualifications and Examinations Regulation (Ofqual),2,644000.0,50.0,55.27950310559007
ID:GB-CFS-101113,1,355800.0,Cafcass,1,355800.0,100.0,100.0
ID:GB-CFS-259891,7,354073.72,UKHSA,20,8495192.02,35.0,4.16793074443066
ID:GB-CFS-328060,2,353191.63,Home Office,3,778926.63,66.66666666666666,45.34337592232532
ID:GB-CFS-101219,1,352546.13,London Borough of Enfield,2,3252546.13,50.0,10.839081627414153
ID:GB-CFS-317793,2,351375.76,Nuclear Restoration Services Limited,2,351375.76,100.0,100.0
ID:GB-CFS-244940,1,350000.0,South West Police Procurement Service,1,350000.0,100.0,100.0
ID:GB-CFS-306285,1,350000.0,Ministry of Defence,1,350000.0,100.0,100.0
ID:GB-SRS-sid4gov.cabinetoffice.gov.uk/7FXWaRZ8,4,349274.98,UNIVERSITY OF ESSEX,25,140844374.84,16.0,0.2479864605148614
ID:GB-CFS-242784,3,347705.12,Cumberland Council,94,687603075.35,3.191489361702128,0.0505677086774245
ID:GB-LAE-CRY,4,347200.0,CROYDON COUNCIL,7,729995.51,57.14285714285714,47.56193637410181
ID:GB-CFS-111624,2,347160.3,North Devon District Council,5,977561.22,40.0,35.512896061895745
ID:GB-CFS-317424,1,347000.0,Nuclear Restoration Services Ltd,7,2986228.93,14.285714285714285,11.620006641620742
ID:GB-CFS-291883,11,344377.46,NHS Resolution,13,367953.56,84.61538461538461,93.5926425062989
ID:GB-CFS-41853,1,341000.0,Darlington College,3,897363.44,33.33333333333333,38.00021092903005
ID:GB-CFS-308315,3,340711.0,Department for Business and Trade,23,47166793.4,13.043478260869565,0.7223535361214528
ID:GB-CFS-179733,3,340208.9,DVLA - Driver & Vehicle Licensing Agency,13,20640241.82,23.07692307692308,1.6482796227239165
ID:GB-SRS-sid4gov.cabinetoffice.gov.uk/nG9ZrBV5,2,340000.0,STAFFORDSHIRE AND LANCASHIRE COMMISSIONING SUPPORT UNIT,2,340000.0,100.0,100.0
ID:GB-CFS-187681,1,339000.0,Oxfordshire County Council,1,339000.0,100.0,100.0
ID:GB-CFS-210480,3,335607.6,Bath and North East Somerset Council,12,5452405.03,25.0,6.155221377601876
ID:GB-SRS-sid4gov.cabinetoffice.gov.uk/2FNT5Nff,1,332000.0,Metropolitan Police Service,80,129129103.24,1.25,0.2571070282916339
ID:GB-CFS-52302,2,326997.09,Derbyshire County Council,3,466997.09,66.66666666666666,70.02122647059748
ID:GB-CFS-56471,1,325272.24,York College,6,1133244.24,16.666666666666664,28.70274813838895
ID:GB-CFS-58900,1,325000.0,Cornwall Council,18,6677914.61,5.555555555555555,4.866788795312254
ID:GB-CFS-49453,1,323431.2,Stockton Borough Council,2,347421.2,50.0,93.0948370450623
ID:GB-GOR-EA71,10,322440.37,The National Archives,69,57863694.37,14.492753623188406,0.5572412434266769
ID:GB-CFS-310988,3,322054.85,Environment Agency,5,540774.3099999999,60.0,59.55439155384434
ID:GB-CFS-71839,3,320305.34,Worcester City Council,9,16971457.11,33.33333333333333,1.8873178532871415
ID:GB-CFS-327172,1,320000.0,CITY of LINCOLN COUNCIL,1,320000.0,100.0,100.0
ID:GB-CFS-163473,5,318911.81,DfTc - Department for Transport,52,38771008.68,9.615384615384617,0.8225522648434742
ID:GB-CFS-314271,2,318000.0,7 Force Commercial Services,14,2235681.0,14.285714285714285,14.22385393980626
ID:GB-CFS-100714,2,312272.0,Wokingham Borough Council,11,830051.5,18.181818181818183,37.620798227579854
ID:GB-CFS-73888,1,310635.0,Great Places Housing Group,3,1325127.65,33.33333333333333,23.441892560312965
ID:GB-CFS-327240,2,302125.0,VICO HOMES LIMITED,2,302125.0,100.0,100.0
ID:GB-SRS-sid4gov.cabinetoffice.gov.uk/v2gr32H4,5,301632.55,Lancashire County Council,92,328887401.3,5.434782608695652,0.0917130144869431
ID:GB-CFS-325961,3,301300.05,Liverpool City Council,4,356625.05,75.0,84.48650760792042
ID:GB-CFS-310936,1,300000.0,Sanctuary Housing Group,1,300000.0,100.0,100.0
ID:GB-CFS-293920,1,300000.0,Salvation Army Housing Association,3,915825.0,33.33333333333333,32.75734993039063
ID:GB-CFS-294701,1,300000.0,UK Health Security Agency,6,1228107.2,16.666666666666664,24.427834964244163
ID:GB-CFS-307416,1,300000.0,Bath and North East Somerset Council,1,300000.0,100.0,100.0
ID:GB-CFS-306781,3,299957.68,University Hospitals Sussex NHS Foundation Trust,13,2760938.85,23.07692307692308,10.864336238377753
ID:GB-SRS-sid4gov.cabinetoffice.gov.uk/PFEA6gBq,6,295401.75,HULL UNIVERSITY TEACHING HOSPITALS NHS TRUST,58,9919705.47,10.344827586206897,2.977928638036468
ID:GB-CFS-303341,3,295000.0,National Highways,4,355000.0,75.0,83.09859154929578
ID:GB-SRS-sid4gov.cabinetoffice.gov.uk/tZTc5SHc,1,294893.0,Tavistock Town Council,1,294893.0,100.0,100.0
ID:GB-CFS-295261,4,292027.0,OFCOM,12,867193.59,33.33333333333333,33.67494909642955
ID:GB-SRS-sid4gov.cabinetoffice.gov.uk/d74ZA5zA,4,287400.0,UNIVERSITY OF SOUTHAMPTON,66,47180927.9,6.0606060606060606,0.6091444420278136
ID:GB-SRS-supplierregistration.cabinetoffice.gov.uk/PFcF5f84,4,285644.95,The Insolvency Service,54,69432097.22,7.4074074074074066,0.4114018752665873
ID:GB-LAE-GRT,7,284691.21,Guildford Borough Council,29,9525898.99,24.13793103448276,2.988602023797021
ID:GB-CFS-164415,8,281566.0,MCA - Maritime and Coastguard Agency,21,2359870.64,38.095238095238095,11.931416715282325
ID:GB-LAE-SOS,1,278997.55,Southend-on-sea Borough Council,23,364736485.59,4.3478260869565215,0.076492909545008
ID:GB-CFS-325271,1,278663.97,DVSA - Driver and Vehicle Standards Agency,1,278663.97,100.0,100.0
ID:GB-SRS-sid4gov.cabinetoffice.gov.uk/wy2u84Mq,2,277313.0,Derbyshire Dales District Council,25,4899220.4,8.0,5.660349552757414
ID:GB-CFS-324802,1,275379.64,TAWD Valley Developments Limited,1,275379.64,100.0,100.0
ID:GB-SRS-sid4gov.cabinetoffice.gov.uk/rFBk7FPE,2,273909.77,EU SUPPLY LIMITED,43,56108013.9,4.651162790697675,0.4881829723792807
ID:GB-SRS-sid4gov.cabinetoffice.gov.uk/5JGh45xy,5,270819.2,Sussex Police,9,1062172.48,55.55555555555556,25.4967253529295
ID:GB-LAE-SRI,2,270688.83,South Ribble Borough Council,27,13120237.23,7.4074074074074066,2.063139753152161
ID:GB-CFS-313785,4,267619.44,NOTTINGHAMSHIRE POLICE,16,5166474.21,25.0,5.179924047274011
ID:GB-SRS-supplierregistration.cabinetoffice.gov.uk/N8Wz8qW2,6,267170.28,ISLINGTON & SHOREDITCH HOUSING ASSOCIATION LIMITED,10,11704513.03,60.0,2.2826261914119126
ID:GB-CFS-171860,1,267000.0,Nottinghamshire County Council,3,416983.0,33.33333333333333,64.03138737070816
ID:GB-CFS-314670,1,266760.0,Home Office,9,59378963.0,11.11111111111111,0.4492500146895458
ID:GB-CFS-314336,5,265460.0,Somerset NHS Foundation Trust,5,265460.0,100.0,100.0
ID:GB-CFS-285281,6,265000.0,NHS England,7,322750.0,85.71428571428571,82.10689388071263
ID:GB-SRS-sid4gov.cabinetoffice.gov.uk/fNvE288z,2,264078.0,CHESHIRE EAST COUNCIL,6,438646.5,33.33333333333333,60.20291966310002
ID:GB-CFS-235542,4,262814.5,CEFAS,6,461240.5,66.66666666666666,56.97992695784521
ID:GB-CFS-172674,4,261836.5,Department for International Trade,18,3964966.17,22.22222222222222,6.603751173998037
ID:GB-CFS-307343,1,261300.0,Nuclear Restoration Services,1,261300.0,100.0,100.0
ID:GB-SRS-sid4gov.cabinetoffice.gov.uk/6skA8DF4,1,260334.5,South of England Procurement Centre,15,23452959.54,6.666666666666667,1.1100283508185338
ID:GB-CFS-185304,1,257856.48,Bristol City Council,1,257856.48,100.0,100.0
ID:GB-CFS-305893,1,255957.0,The Newcastle Upon Tyne Hospitals NHS Foundation Trust,2,3467663.0,50.0,7.381253599326117
ID:GB-SRS-sid4gov.cabinetoffice.gov.uk/UMKB7mqB,2,255252.0,INFORMATION COMMISSIONER'S OFFICE,33,19507630.48,6.0606060606060606,1.3084726013325632
ID:GB-CFS-259740,11,254323.95,Somerset NHS Foundation Trust,16,742195.95,68.75,34.26641576257591
ID:GB-CFS-324623,4,253528.0,OFCOM,7,1402213.0,57.14285714285714,18.08056265346277
ID:GB-GOR-D550,7,252376.21,COMPETITION AND MARKETS AUTHORITY,45,10008257.03,15.555555555555555,2.521679941307423
ID:GB-CFS-134560,15,251737.76,Department for Education,76,681495881.45,19.73684210526316,0.0369389994645873
ID:GB-CFS-294787,6,251525.14,MCA - Maritime and Coastguard Agency,52,5395036.14,11.538461538461538,4.662158574529958
ID:GB-CFS-277303,1,249300.0,NHS England,3,504300.0,33.33333333333333,49.43486020226056
ID:GB-SRS-sid4gov.cabinetoffice.gov.uk/bh4j7TBN,3,248142.62,PROACTIS TENDERS LIMITED,6,10862282.62,50.0,2.284442678218586
ID:GB-LAE-DER,4,246713.0,DERBY CITY COUNCIL,118,334531050.62,3.389830508474576,0.0737489089705594
ID:GB-CFS-327613,2,246509.46,defra,4,477647.53,50.0,51.60907248907996
ID:GB-SRS-sid4gov.cabinetoffice.gov.uk/YMAF58aB,1,245895.0,Wigan Council,8,2449544.19,12.5,10.038398205014625
ID:GB-CFS-302601,3,241169.0,DEFRA,5,349669.0,60.0,68.97065510525668
ID:GB-CFS-54216,1,240000.0,Stockton Borough Council,2,274072.0,50.0,87.56823024606672
ID:GB-CFS-304594,1,240000.0,Amplius,3,656856.5,33.33333333333333,36.537660813282656
ID:GB-SRS-sid4gov.cabinetoffice.gov.uk/s3bk8PB5,3,239900.0,Buckinghamshire & Milton Keynes Fire Authority,15,9915548.6,20.0,2.4194324457246874
ID:GB-SRS-sid4gov.cabinetoffice.gov.uk/uAWz242B,2,239559.0,Railway Housing Association & Benefit Fund,2,239559.0,100.0,100.0
ID:GB-SRS-sid4gov.cabinetoffice.gov.uk/6A7e9Tu3,4,238733.0,SOUTH YORKSHIRE MAYORAL COMBINED AUTHORITY,7,329633.0,57.14285714285714,72.4238774637248
ID:GB-CFS-312785,1,238294.56,Amplius,2,274294.56,50.0,86.87542326759961
ID:GB-CFS-262286,2,236230.17,Rushcliffe Borough Council,2,236230.17,100.0,100.0
ID:GB-SRS-sid4gov.cabinetoffice.gov.uk/8n9JRxqD,1,236116.8,City Of Sunderland,4,15927283.1,25.0,1.482467527685246
ID:GB-CFS-74325,3,236000.0,Halton Borough Council,3,236000.0,100.0,100.0
ID:GB-CFS-168735,3,234310.0,DfTc - Department for Transport,26,22331281.25,11.538461538461538,1.0492456629643674
ID:GB-CFS-117985,1,233415.0,Lichfield District Council,3,1000297915.0,33.33333333333333,0.0233345482880467
ID:GB-CFS-301254,3,232017.5,DfTc - Department for Transport,3,232017.5,100.0,100.0
ID:GB-CFS-314362,1,230659.0,The Pensions Regulator,1,230659.0,100.0,100.0
ID:GB-CFS-197565,2,230000.0,Nottingham University Hospitals NHS Trust,6,415683.0,33.33333333333333,55.33062453841028
ID:GB-SRS-sid4gov.cabinetoffice.gov.uk/nF2n25tJ,4,228502.42,Swindon Borough Council,4,228502.42,100.0,100.0
ID:GB-CFS-310428,4,227916.99,Somerset NHS Foundation Trust,5,290316.99,80.0,78.50625276874081
ID:GB-SRS-sid4gov.cabinetoffice.gov.uk/3s5k9C9Y,3,227118.75,Houghton Regis Town Council,3,227118.75,100.0,100.0
ID:GB-CFS-123385,3,226865.0,Gosport Borough Council,14,2578650.0300000003,21.428571428571427,8.797820462670538
ID:GB-CFS-308211,6,225194.32,NHS England,8,924251.32,75.0,24.36505257033336
ID:GB-CFS-312307,1,224577.36,Ministry of Defence,1,224577.36,100.0,100.0
ID:GB-SRS-sid4gov.cabinetoffice.gov.uk/mmzS66Aw,3,224405.15,CHESHIRE EAST COUNCIL,20,1435678.33,15.0,15.630600902083684
ID:GB-CFS-306227,1,224000.0,Cambridge City Council,6,905889.0,16.666666666666664,24.727091288226266
ID:GB-CFS-1409,1,223601.0,Halton Borough Council,3,3268994.0,33.33333333333333,6.840055380952061
ID:GB-SRS-sid4gov.cabinetoffice.gov.uk/jxfb36Bw,4,223282.72,Southampton City Council,55,142848958.93,7.272727272727272,0.1563068584275891
ID:GB-LAE-WLV,5,222750.0,Wolverhampton City Council,25,114549615.0,20.0,0.1944572227501594
ID:GB-SRS-sid4gov.cabinetoffice.gov.uk/3NB9f7GD,2,221850.0,REGENDA LIMITED,11,10317112.95,18.181818181818183,2.1503108580390213
ID:GB-CFS-305500,1,220859.37,Cumberland Council,4,374199.17,25.0,59.02187597048919
ID:GB-CFS-311150,4,220421.0,The Mayor and Commonalty and Citizens of the City of London,4,220421.0,100.0,100.0
ID:GB-CFS-41411,2,216577.92,Department for Work and Pensions,9,5163131.92,22.22222222222222,4.194700491015151
ID:GB-SRS-sid4gov.cabinetoffice.gov.uk/nj2R58my,4,215896.0,Hampshire Police & Crime Commissioner,4,215896.0,100.0,100.0
ID:GB-CFS-24293,3,214049.8,Hartlepool College of Further Education,8,546894.8,37.5,39.13911779742648
ID:GB-LAE-DAL,2,212000.0,Darlington Borough Council,225,57506152.3,0.8888888888888888,0.3686562072420206
ID:GB-GOR-D115,3,211657.0,SERIOUS FRAUD OFFICE,42,18310835.22,7.142857142857142,1.1559112266425606
ID:GB-SRS-supplierregistration.cabinetoffice.gov.uk/bf3h7Y7s,4,211360.0,NATIONAL WEALTH FUND LIMITED,93,52874824.38,4.301075268817205,0.3997365522786442
ID:GB-CFS-325771,1,210000.0,Greener Ealing Ltd,17,11286000.0,5.88235294117647,1.8607123870281763
ID:GB-LAE-FEN,2,209470.0,Fenland District Council,22,5079411.78,9.090909090909092,4.123902709065261
ID:GB-SRS-supplierregistration.cabinetoffice.gov.uk/eMxF8Fmq,2,206022.53,Beaconsfield Town Council,2,206022.53,100.0,100.0
ID:GB-CFS-316331,1,204691.97,Amplius Living,4,3947669.23,25.0,5.185134773816904
ID:GB-CFS-322593,1,202000.0,NRS,1,202000.0,100.0,100.0
ID:GB-SRS-sid4gov.cabinetoffice.gov.uk/EQQe36T5,3,200682.4,ESSEX COUNTY COUNCIL,23,16173413.73,13.043478260869565,1.240816585479137
ID:GB-CFS-172434,1,200000.0,DfTc - Department for Transport,9,34920000.0,11.11111111111111,0.572737686139748
ID:GB-CFS-227241,1,200000.0,Ministry of Defence,1,200000.0,100.0,100.0
ID:GB-CFS-311546,1,200000.0,ATTAIN HEALTH MANAGEMENT SERVICES LTD,1,200000.0,100.0,100.0
ID:GB-SRS-sid4gov.cabinetoffice.gov.uk/5rVw2ET6,1,200000.0,UNIVERSITY OF WOLVERHAMPTON ENTERPRISE LIMITED,21,19886808.01,4.761904761904762,1.0056918128813377
ID:GB-SRS-supplierregistration.cabinetoffice.gov.uk/QVmN56a5,1,200000.0,Twyford Parish Council,1,200000.0,100.0,100.0
ID:GB-CFS-157139,1,200000.0,Sanctuary Housing Association,3,31620000.0,33.33333333333333,0.6325110689437065
ID:GB-CFS-164356,1,200000.0,Homes England (the name adopted by the Homes and Communities Agency),4,421956.0,25.0,47.398306932476366
ID:GB-CFS-302529,1,200000.0,DfTc - Department for Transport,2,1208000.0,50.0,16.55629139072848
ID:GB-CFS-323533,1,200000.0,Acis Group Limited,1,200000.0,100.0,100.0
ID:GB-CFS-240035,2,199276.22,West Hertfordshire Hospitals NHS Trust,8,1042089.38,25.0,19.122757013414724
ID:GB-CFS-312318,1,198863.14,Nuclear Restoration Services,1,198863.14,100.0,100.0
ID:GB-CFS-232123,3,198650.65,Chesterfield College,4,311724.76,75.0,63.72629816123685
ID:GB-GOR-D1117,4,196365.0,OFFICE OF RAIL REGULATION,15,900859.78,26.666666666666668,21.79750992990274
ID:GB-CFS-304245,2,195420.0,United Lincolnshire Teaching Hospitals NHS Trust,6,406361.12,33.33333333333333,48.09023067954927
ID:GB-CFS-63252,1,195000.0,South Kesteven District Council,2,445000.0,50.0,43.82022471910113
ID:GB-CFS-249436,3,191786.22,Food Standards Agency,7,1679371.97,42.85714285714285,11.42011558046905
ID:GB-CFS-211960,2,191593.0,Manchester City Council,15,91590209.63,13.333333333333334,0.2091850218205467
ID:GB-SRS-sid4gov.cabinetoffice.gov.uk/vpJD4jvD,2,189072.0,Health & Safety Executive,21,120444278.5,9.523809523809524,0.1569788140662904
ID:GB-SRS-supplierregistration.cabinetoffice.gov.uk/F7Be962a,1,189020.46,University of Cumbria,12,3476316.62,8.333333333333332,5.437377565453172
ID:GB-SRS-supplierregistration.cabinetoffice.gov.uk/pdHB5NAF,3,188501.8,York and North Yorkshire Combined Authority acting on behalf of itself and the Chief Constable of North Yorkshire Police,32,6230901.47,9.375,3.0252733237330425
ID:GB-CFS-169717,2,187707.0,Ministry of Defence,8,60431853.64,25.0,0.3106093702142478
ID:GB-CFS-272670,2,186564.67,Surrey and Borders Partnership NHS Foundation Trust,17,2377625.5,11.76470588235294,7.846680227815524
ID:GB-SRS-sid4gov.cabinetoffice.gov.uk/F8M5r6jA,10,186071.0,Suffolk Constabulary,12,269168.24,83.33333333333334,69.12814082374652
ID:GB-CFS-248067,1,185580.0,Ministry of Defence,2,185581.0,50.0,99.99946115173428
ID:GB-LAE-NET,4,185238.25,NEWCASTLE CITY COUNCIL,38,32607051.72,10.526315789473683,0.5680926064418804
ID:GB-SRS-sid4gov.cabinetoffice.gov.uk/2ec44HZ6,3,183680.8,University Of Bedfordshire,5,327883.61,60.0,56.020122506275925
ID:GB-SRS-sid4gov.cabinetoffice.gov.uk/D2F85Eq6,2,183480.66,NORTHUMBRIA HEALTHCARE NHS FOUNDATION TRUST,20,1655382.18,10.0,11.0838851726675
ID:GB-CFS-133926,2,183128.4,National Employment Savings Trust (NEST),7,1846900.4,28.57142857142857,9.91544535915418
ID:GB-CFS-326260,1,183000.0,Sellafield Ltd,2,313000.0,50.0,58.46645367412141
ID:GB-CFS-260705,2,181891.72,Yorkshire Ambulance Service NHS Trust,45,36152789.48,4.444444444444445,0.5031194621942627
ID:GB-CFS-306891,2,181730.83,UKHSA,4,387072.33,50.0,46.95009586451194
ID:GB-CFS-71774,3,180780.0,Oxfordshire County Council,15,20958976.621,20.0,0.8625421139067743
ID:GB-SRS-sid4gov.cabinetoffice.gov.uk/Uy8H6GqT,1,180000.0,ORBIT GROUP LIMITED,19,13819736.0,5.263157894736842,1.3024850836513808
ID:GB-CFS-310401,2,178500.0,South Gloucestershire Council,5,594380.0,40.0,30.031293112150475
ID:GB-CFS-293693,2,178000.0,Nuclear Restoration Services Limited,2,178000.0,100.0,100.0
ID:GB-CFS-273198,7,177975.91,DESNZ,52,369722222.06,13.461538461538462,0.048137736760415
ID:GB-LAE-STV,3,177538.0,Stevenage Borough Council,36,84227270.09,8.333333333333332,0.2107844642362194
ID:GB-CFS-60313,1,177000.0,Kent Fire and Rescue Service,1,177000.0,100.0,100.0
ID:GB-SRS-supplierregistration.cabinetoffice.gov.uk/uxWP32wr,4,174262.0,East Suffolk District Council,12,1183053.79,33.33333333333333,14.729845884691343
ID:GB-SRS-supplierregistration.cabinetoffice.gov.uk/QEQn82G8,3,172516.4,POLICE DIGITAL SERVICE,52,19661863.88,5.769230769230769,0.8774163072885641
ID:GB-CFS-168661,2,172346.0,London Ambulance Service NHS Trust,36,37375868.0,5.555555555555555,0.4611157124163645
ID:GB-SRS-sid4gov.cabinetoffice.gov.uk/CHD5h3B6,4,171304.08000000002,Nottinghamshire Police,19,5510177.51,21.052631578947366,3.1088668139840023
ID:GB-CFS-315395,2,170819.77000000002,British Tourism Authority t/a VisitBritain/VisitEngland,2,170819.77000000002,100.0,100.0
ID:GB-SRS-supplierregistration.cabinetoffice.gov.uk/98daTnKc,4,170230.06,East Herts Council,9,1032907.06,44.44444444444444,16.480675424950622
ID:GB-CFS-281365,1,170046.4,Northumbria Healthcare NHS Foundation Trust,8,1454571.08,12.5,11.690484042897372
ID:GB-CFS-312094,1,169800.0,Homes England (the name adopted by the Homes and Communities Agency),1,169800.0,100.0,100.0
ID:GB-CFS-69744,1,169774.74,Department for Work and Pensions,13,4213226.36,7.6923076923076925,4.029566073444959
ID:GB-CFS-315732,2,169650.0,NHS Blood & Transplant,4,1145462.64,50.0,14.81060962407294
ID:GB-CFS-59870,3,169302.0,Department for Work and Pensions,6,517895.89,50.0,32.690354040075505
ID:GB-CFS-305865,1,168754.0,University Hospitals Sussex NHS Foundation Trust,3,857186.74,33.33333333333333,19.68695876000135
ID:GB-SRS-sid4gov.cabinetoffice.gov.uk/CkD254kv,5,167771.29,"Ministry of Housing, Communities and Local Government",45,262470637.43,11.11111111111111,0.0639200223090645
ID:GB-CFS-286826,1,167378.16,"Dept for Environment, Food and Rural Affairs",1,167378.16,100.0,100.0
ID:GB-SRS-sid4gov.cabinetoffice.gov.uk/EWxF9D9q,2,167224.0,Cambridge Regional College,2,167224.0,100.0,100.0
ID:GB-CFS-292413,3,164542.0,NHS Business Services Authority,15,989438.6,20.0,16.629834332317337
ID:GB-SRS-sid4gov.cabinetoffice.gov.uk/8u5J6V4e,6,164460.0,BIP SOLUTIONS LIMITED,67,3189878775.63,8.955223880597014,0.0051556818163887
ID:GB-CFS-229303,5,164130.8,Cefas,9,632846.8,55.55555555555556,25.93531325432948
ID:GB-GOR-OT269,3,163404.0,Equality and Human Rights Commission,29,2042569.98,10.344827586206897,7.999921745643201
ID:GB-SRS-sid4gov.cabinetoffice.gov.uk/dv87Bqmk,4,161764.0,Tyne and Wear Fire and Rescue Service,28,4985574.9,14.285714285714285,3.244640853755903
ID:GB-SRS-sid4gov.cabinetoffice.gov.uk/ZDXR269t,2,161417.6,Devon & Somerset Fire & Rescue Service,19,10964156.61,10.526315789473683,1.4722299739204474
ID:GB-CFS-124582,4,161138.5,Department for Education,26,139892618.55,15.384615384615383,0.1151872784069778
ID:GB-SRS-sid4gov.cabinetoffice.gov.uk/YEuQ44xM,1,160845.43,HAMPSHIRE & ISLE OF WIGHT FIRE AND RESCUE SERVICE,1,160845.43,100.0,100.0
ID:GB-CFS-310883,7,160335.96,MCA - Maritime and Coastguard Agency,17,786364.79,41.17647058823529,20.389514133764813
ID:GB-CFS-213051,3,160000.0,Princess Alexandra Hospital NHS Trust,28,3389500.0,10.714285714285714,4.720460244873875
ID:GB-CFS-120445,1,158635.0,Stoke On Trent College,3,618649.48,33.33333333333333,25.64214553287913
ID:GB-SRS-supplierregistration.cabinetoffice.gov.uk/b4VQ3RY3,2,158509.85,York and North Yorkshire Combined Authority acting as Fire and Rescue Authority.,5,1409212.48,40.0,11.248115685152037
ID:GB-CFS-307690,3,158361.8,United Lincolnshire Teaching Hospitals NHS Trust,44,31976088.33,6.8181818181818175,0.4952506959752947
ID:GB-CFS-277828,1,158064.0,Cheshire west and Chester Borough Council,38,16434713.05,2.631578947368421,0.961769149963954
ID:GB-SRS-supplierregistration.cabinetoffice.gov.uk/gFDY5sbW,1,157485.0,Armthorpe Parish Council,3,694430.0,33.33333333333333,22.678311708883545
ID:GB-CFS-278890,1,157255.0,Nuclear Restoration Services Ltd,1,157255.0,100.0,100.0
ID:GB-SRS-supplierregistration.cabinetoffice.gov.uk/3Rpv2fBR,3,156500.0,CITIZEN HOUSING GROUP LIMITED,22,30711400.0,13.636363636363637,0.5095827607989216
ID:GB-CFS-279072,3,156485.0,London Borough of Hammersmith & Fulham,28,86917586.25,10.714285714285714,0.1800383636401315
ID:GB-SRS-sid4gov.cabinetoffice.gov.uk/BGcP2776,3,153673.0,NSAH (ALLIANCE HOMES) LIMITED,12,9609627.86,25.0,1.5991566191617332
ID:GB-SRS-supplierregistration.cabinetoffice.gov.uk/4TdY252M,1,153000.0,Royal Sutton Coldfield Town Council,8,1381679.3,12.5,11.07348137878305
ID:GB-CFS-171504,1,152650.0,The Northern School of Art,5,563398.74,20.0,27.094487289765684
ID:GB-CFS-306797,2,152500.0,City of London Corporation,2,152500.0,100.0,100.0
ID:GB-SRS-sid4gov.cabinetoffice.gov.uk/wrP44fnV,2,150632.0,ASTON UNIVERSITY,14,8069786.08,14.285714285714285,1.8666170144624203
ID:GB-CFS-323122,3,150000.0,Yorkshire Ambulance Service NHS Trust,3,150000.0,100.0,100.0
ID:GB-LAE-BPL,1,150000.0,BLACKPOOL COUNCIL,11,2715639.54,9.090909090909092,5.523560759466626
ID:GB-CFS-50636,1,150000.0,Mid Devon District Council,4,421098.85,25.0,35.62108991748612
ID:GB-SRS-supplierregistration.cabinetoffice.gov.uk/CNsE523w,1,150000.0,LANCASHIRE RENEWABLES LIMITED,4,8173000.0,25.0,1.8353113911660344
ID:GB-CFS-256924,1,150000.0,National Highways,5,594905.84,20.0,25.21407421382853
ID:GB-CFS-242962,1,150000.0,NHS England,3,19150007.54,33.33333333333333,0.783289508824914
ID:GB-CFS-225434,4,149715.26,Environment Agency,291,256749244.24,1.3745704467353952,0.058311860057532
ID:GB-CFS-316215,2,149437.5,Westminster City Council,2,149437.5,100.0,100.0
ID:GB-GOR-PC469,4,149123.07,Civil Aviation Authority,5,248390.07,80.0,60.035842012524895
ID:GB-CFS-261434,2,149000.0,Knowsley Council,21,4129606.77,9.523809523809524,3.608091721527277
ID:GB-CFS-306009,1,149000.0,Home Office,1,149000.0,100.0,100.0
ID:GB-LAE-EPS,1,148000.0,Epsom & Ewell Borough Council,1,148000.0,100.0,100.0
ID:GB-SRS-supplierregistration.cabinetoffice.gov.uk/AYzg4DhH,3,147480.0,Ebbsfleet Development Corporation,9,928154.0,33.33333333333333,15.889604526834985
ID:GB-CFS-278575,2,147096.0,Home Office,14,108324037.25,14.285714285714285,0.1357925754378214
ID:GB-SRS-supplierregistration.cabinetoffice.gov.uk/F4sE9dqg,3,146060.0,Regulator of Social Housing,8,3189649.0,37.5,4.579187239724496
ID:GB-CFS-327169,1,144600.0,Harmony Works Trust CIC,1,144600.0,100.0,100.0
ID:GB-SRS-sid4gov.cabinetoffice.gov.uk/vR5y4aT7,4,143806.22,TORBAY COUNCIL,33,22324132.61,12.12121212121212,0.6441738297844666
ID:GB-SRS-sid4gov.cabinetoffice.gov.uk/u3RQ73WG,2,142910.0,Thorne Moorends Council,2,142910.0,100.0,100.0
ID:GB-SRS-supplierregistration.cabinetoffice.gov.uk/pFFY396Z,2,142600.84,ST BASIL'S,2,142600.84,100.0,100.0
ID:GB-CFS-264015,3,141776.0,National Highways,5,776776.0,60.0,18.251851241541964
ID:GB-SRS-supplierregistration.cabinetoffice.gov.uk/RJ82tk7Q,1,140715.0,The Office of the Police & Crime Commissioner,1,140715.0,100.0,100.0
ID:GB-CFS-199356,2,140000.0,Cambridgeshire County Council,13,32496920.47,15.384615384615383,0.4308100520762976
ID:GB-CFS-224944,2,140000.0,Bromsgrove District Council,3,140000.0,66.66666666666666,100.0
ID:GB-CFS-315135,1,140000.0,DfTc - Department for Transport,2,440000.0,50.0,31.818181818181817
ID:GB-SRS-supplierregistration.cabinetoffice.gov.uk/UG3g9w6b,1,139000.0,Launceston Town Hall,1,139000.0,100.0,100.0
ID:GB-SRS-supplierregistration.cabinetoffice.gov.uk/7fCC8nV3,3,138655.68,HULL ROYAL INFIRMARY,7,430481.26,42.85714285714285,32.20945785189348
ID:GB-SRS-sid4gov.cabinetoffice.gov.uk/ZC8UrnF3,1,138553.74,Crown Prosecution Service,2,688604.74,50.0,20.120939045525592
ID:GB-CFS-202557,2,138550.0,City of Wolverhampton College,5,1005658.0,40.0,13.777049454188203
ID:GB-CFS-295792,1,138528.0,Bridgwater & Taunton College,3,427590.0,33.33333333333333,32.39739002315302
ID:GB-CFS-308209,2,138171.0,Ministry of Defence,2,138171.0,100.0,100.0
ID:GB-CFS-281737,1,137774.0,The Queen Elizabeth Hospital King's Lynn NHS Foundation Trust,10,6295076.63,10.0,2.188599251412131
ID:GB-CFS-273199,3,136890.0,DSIT,26,4951887.95,11.538461538461538,2.764400192052003
ID:GB-CFS-322437,1,136000.0,"department for environment, food and rural affairs",1,136000.0,100.0,100.0
ID:GB-CFS-269121,1,135650.0,NHS England,1,135650.0,100.0,100.0
ID:GB-CFS-219047,1,135000.0,Ministry of Defence,2,1277549.0,50.0,10.56710936331992
ID:GB-CFS-196798,1,135000.0,Hertfordshire Partnership University NHS Foundation Trust,8,2262538.0,12.5,5.96675061369135
ID:GB-CFS-312199,2,133435.0,Nuclear Restoration Services,2,133435.0,100.0,100.0
ID:GB-SRS-sid4gov.cabinetoffice.gov.uk/3NZZ9cBv,1,132850.0,HAMPSHIRE AND ISLE OF WIGHT CONSTABULARY,9,9919458.0,11.11111111111111,1.339286884424532
ID:GB-CFS-224258,1,132347.7,Sellafield Ltd,2,13132347.7,50.0,1.0077992376031897
ID:GB-CFS-306635,1,132075.0,European Economic Research Ltd,1,132075.0,100.0,100.0
ID:GB-SRS-sid4gov.cabinetoffice.gov.uk/wYBr9sWT,3,131920.0,BISHOP WILKINSON CATHOLIC EDUCATION TRUST,28,23575105.93,10.714285714285714,0.5595733075036918
ID:GB-CFS-306613,3,131333.0,Ministry of Defence,8,835355.48,37.5,15.721809833581268
ID:GB-CFS-131834,1,130000.0,Durham County Council,2,220000.0,50.0,59.09090909090909
ID:GB-CFS-310572,1,130000.0,United Lincolnshire teaching Hospital NHS Trust,1,130000.0,100.0,100.0
ID:GB-CFS-327160,1,129468.0,VICO HOMES LIMITED,1,129468.0,100.0,100.0
ID:GB-SRS-supplierregistration.cabinetoffice.gov.uk/XASZ5wK8,1,129115.71,Emersons Green Town Council,1,129115.71,100.0,100.0
ID:GB-CFS-305117,1,128600.0,Ministry of Defence,1,128600.0,100.0,100.0
ID:GB-CFS-83976,1,127835.0,Basingstoke and Deane Borough Council,4,1415118.39,25.0,9.033519803244165
ID:GB-CFS-262777,4,127656.84,NHS England,25,191299774.78,16.0,0.0667313070006532
ID:GB-CFS-278016,2,127300.0,University Hospitals Sussex NHS Foundation Trust,28,18036412.43,7.142857142857142,0.7057944615873923
ID:GB-SRS-sid4gov.cabinetoffice.gov.uk/CBxa343K,4,126344.34,Government Actuary's Department,8,384271.34,50.0,32.87893913712118
ID:GB-SRS-sid4gov.cabinetoffice.gov.uk/Ehru64hJ,3,126018.89,FRIMLEY HEALTH NHS FOUNDATION TRUST,48,73462185.41,6.25,0.1715425280321782
ID:GB-CFS-325892,1,126000.0,Yorkshire Housing Limited,3,653517.0,33.33333333333333,19.28029416220236
ID:GB-CFS-307299,1,124386.99,Broxtowe Borough Council,1,124386.99,100.0,100.0
ID:GB-SRS-sid4gov.cabinetoffice.gov.uk/zNa263jj,2,123000.0,Oswestry Town Council,2,123000.0,100.0,100.0
ID:GB-CFS-325677,1,122800.0,City of Bradford Metropolitan District Council,1,122800.0,100.0,100.0
ID:GB-LAE-ROH,1,122070.75,Rother District Council,14,4007579.01,7.142857142857142,3.0459973389270747
ID:GB-CFS-306101,1,121980.0,Nottingham University Hospitals Trust,9,6036453.73,11.11111111111111,2.020722852455294
ID:GB-SRS-sid4gov.cabinetoffice.gov.uk/3khd5KJZ,2,121772.0,Islington Council,8,1829742.98,25.0,6.6551423522881885
ID:GB-SRS-sid4gov.cabinetoffice.gov.uk/eADB3BB9,2,121755.0,WORTHING BOROUGH COUNCIL,12,3238514.0,16.666666666666664,3.759594678299986
ID:GB-CFS-188310,1,121083.5,Royal Free London NHS Foundation Trust,2,875099.52,50.0,13.836540557124293
ID:GB-CFS-55333,2,120448.06,Preston City Council,4,200501.97,50.0,60.0732551405854
ID:GB-CFS-321923,1,120000.0,Yorkshire Ambulance Service NHS Trust,2,167410.12,50.0,71.68025445534595
ID:GB-CFS-112307,1,120000.0,Trafford Council,4,2545517.04,25.0,4.714169974678308
ID:GB-SRS-sid4gov.cabinetoffice.gov.uk/Z37KdXES,1,120000.0,SUFFOLK COUNTY COUNCIL,82,84334233.67999999,1.2195121951219512,0.1422909710134215
ID:GB-CFS-303283,1,120000.0,Civil Nuclear Police Authority (CNPA) / Civil Nuclear Constabulary (CNC),2,370000.0,50.0,32.432432432432435
ID:GB-CFS-229416,2,119025.0,West Hertfordshire Hospitals NHS Trust,33,5983581.91,6.0606060606060606,1.9891931252930737
ID:GB-SRS-sid4gov.cabinetoffice.gov.uk/2Ee29T9E,2,118550.0,WEST MIDLANDS GROWTH COMPANY LIMITED,3,163550.0,66.66666666666666,72.48547844695811
ID:GB-CFS-288182,1,118000.0,The Pensions Regulator,5,524425.0,20.0,22.500834247032465
ID:GB-SRS-supplierregistration.cabinetoffice.gov.uk/bskv54Mh,3,117695.69,Holmes Chapel Parish Council,5,191095.69,60.0,61.589923875310845
ID:GB-CFS-310953,2,117332.43,Nuclear Restoration Services Limited ( Dounreay),2,117332.43,100.0,100.0
ID:GB-SRS-supplierregistration.cabinetoffice.gov.uk/BABt8nMa,2,116600.18,MEDICINES DISCOVERY CATAPULT LIMITED,3,716593.1299999999,66.66666666666666,16.271462161519747
ID:GB-CFS-307362,1,116010.0,Nuclear Restoration Services,1,116010.0,100.0,100.0
ID:GB-CFS-209591,1,115000.0,Chesterfield Royal Hospital NHS Foundation Trust,1,115000.0,100.0,100.0
ID:GB-CFS-293076,1,114999.0,DEFRA,2,229998.0,50.0,50.0
ID:GB-CFS-288703,5,114391.0,NHS England,7,181871.0,71.42857142857143,62.89677848584986
ID:GB-CFS-282199,1,114250.5,United Lincolnshire Hospitals Trust,2,297662.1,50.0,38.38261572433978
ID:GB-CFS-321057,1,112859.0,NHS England,3,2018277.27,33.33333333333333,5.5918481408652045
ID:GB-CFS-254460,1,112680.0,Lincolnshire Partnership NHS Foundation Trust,2,225360.0,50.0,50.0
ID:GB-CFS-307190,1,112680.0,Lincolnshire Partnership NHS Foundation Trust,1,112680.0,100.0,100.0
ID:GB-CFS-315242,1,112500.0,Cafcass,1,112500.0,100.0,100.0
ID:GB-CFS-184469,1,111000.0,DVLA - Driver & Vehicle Licensing Agency,14,3898103.61,7.142857142857142,2.847538472688262
ID:GB-CFS-78916,1,110940.0,London Borough of Lewisham,13,39846366.72,7.6923076923076925,0.2784193619949698
ID:GB-CFS-262109,5,110084.54,DfTc - Department for Transport,7,260364.54,71.42857142857143,42.28092658086236
ID:GB-SRS-sid4gov.cabinetoffice.gov.uk/4jRH3Z2S,2,110000.0,GREENSQUAREACCORD LIMITED,5,4162465.0,40.0,2.6426648632481
ID:GB-CFS-278884,1,110000.0,Ministry of Defence,1,110000.0,100.0,100.0
ID:GB-CFS-313321,1,110000.0,Financial Ombudsman Service,1,110000.0,100.0,100.0
ID:GB-CFS-320320,1,110000.0,Medicines and Healthcare products Regulatory Agency,17,30248000.0,5.88235294117647,0.3636604072996562
ID:GB-CFS-307220,1,109410.84,Ministry of Defence,1,109410.84,100.0,100.0
ID:GB-CFS-91942,2,108838.0,Lancaster City Council,6,391543.01,33.33333333333333,27.797201640759724
ID:GB-CFS-269125,1,106232.0,UK Health Security Agency,2,474384.51,50.0,22.39364856158562
ID:GB-SRS-sid4gov.cabinetoffice.gov.uk/9Bfv4kxB,2,106200.0,WIGAN METROPOLITAN BOROUGH COUNCIL,3,431200.0,66.66666666666666,24.628942486085343
ID:GB-CFS-311118,1,106000.0,United Lincs Hospital Trust,1,106000.0,100.0,100.0
ID:GB-CFS-282593,1,104436.0,Nuclear Restoration Services,1,104436.0,100.0,100.0
ID:GB-CFS-283532,3,104262.0,NHS Resolution,5,280033.99,60.0,37.23190888363231
ID:GB-CFS-328207,1,103055.0,Dorset County Hospital,1,103055.0,100.0,100.0
ID:GB-SRS-sid4gov.cabinetoffice.gov.uk/9Vvb7DnC,3,102947.5,South Kesteven District Council,5,372325.99,60.0,27.64982911883213
ID:GB-SRS-supplierregistration.cabinetoffice.gov.uk/FsA934sF,2,102792.0,RICHMOND HOUSING PARTNERSHIP LIMITED,9,55139360.38,22.22222222222222,0.1864221842465993
ID:GB-CFS-59163,1,102500.0,Greater Manchester Combined Authority - Greater Manchester Police,7,20640894.0,14.285714285714285,0.496587017984783
ID:GB-SRS-sid4gov.cabinetoffice.gov.uk/5Hah47A5,3,102000.0,Uttlesford District Council,17,2800565.31,17.647058823529413,3.642121811470985
ID:GB-CFS-307839,1,101947.99,Amalgamated,1,101947.99,100.0,100.0
ID:GB-CFS-268102,2,101650.0,DEFRA,4,8866712.16,50.0,1.146422689332006
ID:GB-CFS-307505,1,100662.34,Northumbria Healthcare Facilities Management Ltd,1,100662.34,100.0,100.0
ID:GB-CFS-311710,1,100406.0,NHS Salisbury Foundation Trust,1,100406.0,100.0,100.0
ID:GB-CFS-241321,2,100280.0,University Hospitals Dorset NHS Foundation Trust,5,772290.0,40.0,12.984759611026949
ID:GB-CFS-311071,1,100000.0,NHS Blood & Transplant,4,5231784.34,25.0,1.9113937712501357
ID:GB-CFS-239725,2,100000.0,Sussex Community NHS Foundation Trust,9,2125199.16,22.22222222222222,4.705441347906423
ID:GB-SRS-sid4gov.cabinetoffice.gov.uk/6mSZ7wBV,1,100000.0,Transport For Greater Manchester,10,6119702.79,10.0,1.634066284451046
ID:GB-CFS-310924,1,100000.0,Sanctuary Housing Association,1,100000.0,100.0,100.0
ID:GB-LAE-WOI,1,100000.0,Woking Borough Council,1,100000.0,100.0,100.0
ID:GB-CFS-307335,1,100000.0,MHRA,1,100000.0,100.0,100.0
ID:GB-SRS-supplierregistration.cabinetoffice.gov.uk/5Z7XjjkA,1,99858.0,Eccleshall Parish Council,1,99858.0,100.0,100.0
ID:GB-CFS-306362,1,99856.0,Ministry of Defence,1,99856.0,100.0,100.0
ID:GB-CFS-90429,1,99801.0,Financial Conduct Authority,5,386601.0,20.0,25.81498754529864
ID:GB-CFS-292300,1,99600.0,Sellafield Limited,1,99600.0,100.0,100.0
ID:GB-CFS-224894,2,98957.61,NHS Resolution,3,498957.61,66.66666666666666,19.83286916898612
ID:GB-CFS-238199,2,98128.0,Care Quality Commission,35,46660623.37,5.714285714285714,0.2103015195958364
ID:GB-CFS-307880,1,98000.0,London Borough of Enfield,1,98000.0,100.0,100.0
ID:GB-CFS-319315,1,98000.0,Halton Borough Council,1,98000.0,100.0,100.0
ID:GB-CFS-214475,1,97944.0,Health Education England,2,246294.0,50.0,39.76710760310848
ID:GB-CFS-250491,1,97860.0,The Newcastle Upon Tyne Hospitals NHS Foundation Trust,6,1014417.69,16.666666666666664,9.646913787554316
ID:GB-CFS-274052,1,97740.0,Ministry of Defence,3,7175999.2,33.33333333333333,1.36204028562322
ID:GB-CFS-301939,2,97660.0,HEALTH SCIENCES UNIVERSITY,5,379885.0,40.0,25.707779986048408
ID:GB-SRS-supplierregistration.cabinetoffice.gov.uk/mhzY969k,1,97000.0,Hedge End Town Council,5,453488.49,20.0,21.389738028411703
ID:GB-CFS-310870,3,96859.0,The Rotherham NHS Foundation Trust,12,948043.34,25.0,10.216727011657506
ID:GB-CFS-311557,2,96402.32,Dounreay,4,699319.6,50.0,13.785159174717826
ID:GB-CFS-251591,2,96400.0,DEFRA,11,2475062.1,18.181818181818183,3.8948517695778215
ID:GB-CFS-231045,2,96265.18,Dounreay,3,164591.28,66.66666666666666,58.48741196982002
ID:GB-CFS-250313,2,96085.0,Walsall Healthcare NHS Trust,17,4418932.33,11.76470588235294,2.1743940125012053
ID:GB-CFS-315651,2,95873.0,United Lincolnshire Teaching Hospitals NHS Trust,7,384998.0,28.57142857142857,24.902207284193683
ID:GB-CFS-264595,1,95850.0,FCA,38,99025858.46,2.631578947368421,0.0967928998451623
ID:GB-CFS-164746,1,95800.0,Ministry of Defence,7,9900350.51,14.285714285714285,0.9676425082448924
ID:GB-CFS-55220,1,95680.0,Department for Work and Pensions,11,24916448.45,9.090909090909092,0.3840033630475133
ID:GB-SRS-sid4gov.cabinetoffice.gov.uk/nb7K3Nvb,1,95500.0,University of Portsmouth,52,45011662.82,1.9230769230769231,0.2121672340386557
ID:GB-CFS-307874,1,95500.0,London Borough of Enfield,1,95500.0,100.0,100.0
ID:GB-CFS-311189,2,95315.0,United Lincolnshire Teaching Hospitals NHS Trust,8,614278.24,25.0,15.51658414597268
ID:GB-CFS-310895,1,95000.0,"DEPARTMENT OF ENVIRONMENT, FOOD AND RURAL AFFAIRS",1,95000.0,100.0,100.0
ID:GB-CFS-51066,1,95000.0,Nottingham City Council,73,75716044.239,1.36986301369863,0.1254687840005608
ID:GB-SRS-supplierregistration.cabinetoffice.gov.uk/Vca37aB4,1,94561.2,THE CALICO GROUP LIMITED,5,1220195.92,20.0,7.749673511447244
ID:GB-SRS-supplierregistration.cabinetoffice.gov.uk/3TqU8FBE,1,94392.0,NHS DORSET ICB,1,94392.0,100.0,100.0
ID:GB-SRS-supplierregistration.cabinetoffice.gov.uk/mRe69ZRx,2,93800.0,LINCOLNSHIRE HOUSING PARTNERSHIP LIMITED,3,293800.0,66.66666666666666,31.926480599046968
ID:GB-CFS-324456,1,93746.49,Pickering and Ferens Homes,1,93746.49,100.0,100.0
ID:GB-CFS-314351,1,93040.0,The Pensions Regulator,1,93040.0,100.0,100.0
ID:GB-SRS-sid4gov.cabinetoffice.gov.uk/7yhX2H36,2,92866.0,South Tees Hospitals NHS Foundation Trust,11,857291.87,18.181818181818183,10.832483457471724
ID:GB-CFS-314370,1,92784.32,Sheffield Teaching Hospitals NHS Foundation Trust,1,92784.32,100.0,100.0
ID:GB-CFS-299436,2,92749.0,Somerset NHS Foundation Trust,2,92749.0,100.0,100.0
ID:GB-CFS-57228,1,91800.0,West Lindsey District Council,1,91800.0,100.0,100.0
ID:GB-SRS-sid4gov.cabinetoffice.gov.uk/thRP693t,2,91674.0,NATIONAL NUCLEAR LABORATORY LIMITED,9,652035.93,22.22222222222222,14.05965465737448
ID:GB-CFS-305593,2,90540.0,The Police and Crime Commissioner for Nottinghamshire,16,3752257.18,12.5,2.412947611442774
ID:GB-CFS-310046,1,90012.0,Department for Business and Trade,2,106855.2,50.0,84.23736046537744
ID:GB-CFS-166459,1,90000.0,DfTc - Department for Transport,3,956000.0,33.33333333333333,9.414225941422592
ID:GB-CFS-300228,2,90000.0,Cheshire Constabulary on behalf of the Police and Crime Commissioner for Cheshire,2,90000.0,100.0,100.0
ID:GB-CFS-55641,2,90000.0,London Borough of Lewisham,5,2876000.0,40.0,3.129346314325452
ID:GB-CFS-316909,1,89998.92,West Hertfordshire Hospitals NHS Trust,6,884361.9199999999,16.666666666666664,10.176706839661302
ID:GB-CFS-295941,2,89911.59,Nuclear Restoration Services Limited (Dounreay),2,89911.59,100.0,100.0
ID:GB-CFS-295735,1,89821.86,Royal United Hospital Bath NHS Foundation Trust,1,89821.86,100.0,100.0
ID:GB-CFS-256521,1,89560.0,UK Health Security Agency,1,89560.0,100.0,100.0
ID:GB-CFS-291850,1,89533.42,Nuclear Restoration Services,1,89533.42,100.0,100.0
ID:GB-CFS-312745,1,89476.58,CEFA,1,89476.58,100.0,100.0
ID:GB-CFS-290904,2,89000.0,Westminster City Council,62,51548487.63,3.225806451612903,0.1726529799260378
ID:GB-CFS-291790,1,88920.0,Nuclear Restoration Services,1,88920.0,100.0,100.0
ID:GB-CFS-306044,1,88707.48,NHS Business Service Authority,2,144627.58,50.0,61.33510634693605
ID:GB-CFS-264858,2,88500.0,"Department for Environment, Food and Rural Affairs",2,88500.0,100.0,100.0
ID:GB-CFS-51697,1,88200.0,The Royal Borough of Kingston upon Thames,1,88200.0,100.0,100.0
ID:GB-CFS-320986,1,88200.0,DESNZ,1,88200.0,100.0,100.0
ID:GB-SRS-sid4gov.cabinetoffice.gov.uk/Fcd7QEeR,1,87946.29,Dunstable Town Council,5,408158.29,20.0,21.54710369842053
ID:GB-CFS-91243,2,87764.0,The Oldham College,4,343518.84,50.0,25.5485259556652
ID:GB-CFS-284865,1,87000.0,"Department for Environment, Food & Rural Affairs",2,120300.0,50.0,72.31920199501248
ID:GB-CFS-170907,1,86614.96,East Devon District Council,12,1903747.37,8.333333333333332,4.549708714765028
ID:GB-CFS-308656,1,85000.0,West Sussex County Council,2,121860.0,50.0,69.75217462662071
ID:GB-CFS-287728,2,84946.48000000001,Nuclear Restoration Services,3,184605.48,66.66666666666666,46.01514537921626
ID:GB-CFS-310214,1,84381.73,Nuclear Restoration Services,1,84381.73,100.0,100.0
ID:GB-CFS-211287,1,84200.0,CHP,12,16935891.39,8.333333333333332,0.4971689889893655
ID:GB-SRS-sid4gov.cabinetoffice.gov.uk/6ZXFz2DF,1,83795.52,Binfield Parish Council,1,83795.52,100.0,100.0
ID:GB-LAE-YOR,1,83155.74,CITY OF YORK COUNCIL,20,57763031.96,5.0,0.1439601370952689
ID:GB-LAE-HRY,1,83000.0,LONDON BOROUGH OF HARINGEY,9,1821676.6,11.11111111111111,4.55624230996874
ID:GB-CFS-244747,3,82524.15,NHS England,9,10706157.15,33.33333333333333,0.7708101874816958
ID:GB-CFS-249233,1,82410.35,Food Standards Agency,2,128455.75,50.0,64.15466026238607
ID:GB-GOR-PB169,2,82400.0,Gambling Commission,33,29032146.74,6.0606060606060606,0.2838233105458601
ID:GB-CFS-298293,3,82363.0,The Pensions Regulator,16,3094226.41,18.75,2.6618284859122507
ID:GB-CFS-305631,2,82031.0,Nuclear Restoration Services,2,82031.0,100.0,100.0
ID:GB-CFS-225147,1,82000.0,Cambridgeshire & Peterborough Combined Authority,12,12362115.96,8.333333333333332,0.6633168647287142
ID:GB-CFS-327874,1,81694.0,"DHSC, London",1,81694.0,100.0,100.0
ID:GB-CFS-285698,1,81600.0,"Department of Environment, Food and Rural Affairs",1,81600.0,100.0,100.0
ID:GB-CFS-305226,1,80858.0,City of London Corporation,1,80858.0,100.0,100.0
ID:GB-CFS-322801,1,80786.0,Northern Lincolnshire and Goole NHS Foundation Trust,2,119025.98,50.0,67.8725770625875
ID:GB-CFS-311659,1,80000.0,Ministry of Defence,1,80000.0,100.0,100.0
ID:GB-CFS-200547,1,80000.0,Ministry of Defence,1,80000.0,100.0,100.0
ID:GB-CFS-320728,1,80000.0,West Hertfordshire Teaching Hospitals NHS Trust,1,80000.0,100.0,100.0
ID:GB-GOR-EA39,1,79995.0,The Planning Inspectorate,6,71792236.0,16.666666666666664,0.1114256978985861
ID:GB-CFS-193637,1,79635.88,United Lincolnshire Hospitals NHS Trust,3,4219092.69,33.33333333333333,1.8875119806860656
ID:GB-SRS-sid4gov.cabinetoffice.gov.uk/ZJ3243qF,1,79576.0,Carterton Town Council,2,326032.0,50.0,24.40742013053933
ID:GB-LAE-KIN,1,79500.0,Borough Council of Kings Lynn and West Norfolk,19,2201912.42,5.263157894736842,3.610497823523789
ID:GB-CFS-328791,1,79499.42,Somerset NHS Foundation Trust,1,79499.42,100.0,100.0
ID:GB-SRS-supplierregistration.cabinetoffice.gov.uk/9BCK5kBF,2,79446.9,The Police and Crime Commissioner for Humberside,5,825915.04,40.0,9.61925817454541
ID:GB-SRS-sid4gov.cabinetoffice.gov.uk/VUdE62Kb,1,79413.06,West Bletchley Council,2,110554.29,50.0,71.83173081750152
ID:GB-CFS-184157,1,79166.67,Ministry of Defence,4,5841389.84,25.0,1.3552711284203556
ID:GB-SRS-sid4gov.cabinetoffice.gov.uk/846bAKyA,1,78927.48,Bridgnorth Town Council,2,549499.62,50.0,14.363518577137503
ID:GB-SRS-sid4gov.cabinetoffice.gov.uk/RTDJ3wZJ,1,78840.0,THE GUINNESS PARTNERSHIP LIMITED,17,93578795.76,5.88235294117647,0.0842498552793943
ID:GB-CFS-242892,2,78349.6,London Ambulance Service NHS Trust,25,6550176.0200000005,8.0,1.1961449548954255
ID:GB-CFS-258040,1,78000.0,The Pensions Regulator,9,936317.0,11.11111111111111,8.330511995403265
ID:GB-SRS-supplierregistration.cabinetoffice.gov.uk/p9VU24Pz,1,77874.23,Harbury Parish Council,1,77874.23,100.0,100.0
ID:GB-CFS-280394,2,77721.59,Office for Environmental Protection,8,2835413.65,25.0,2.7411023432154247
ID:GB-CFS-273940,2,77470.0,West Suffolk NHS Foundation Trust,6,953068.06,33.33333333333333,8.128485598394725
ID:GB-CFS-239206,1,76752.0,Food Standards Agency,5,3708358.6,20.0,2.0697027520477658
ID:GB-CFS-326395,1,76623.97,Somerset NHS Foundation Trust,2,133880.47,50.0,57.23311996141035
ID:GB-CFS-248165,1,76519.2,Defra,2,151519.2,50.0,50.50132260465999
ID:GB-CFS-185121,1,75972.66,Department of Health and Social Care (Yorkshire),2,387212.66,50.0,19.62039670913652
ID:GB-CFS-315016,2,75750.06,Northumbria Healthcare NHS Foundation Trust,4,191378.43,50.0,39.58129450638716
ID:GB-CFS-306591,1,75600.0,Stockton Borough Council,3,330600.0,33.33333333333333,22.867513611615244
ID:GB-SRS-supplierregistration.cabinetoffice.gov.uk/UWf28kYB,2,75223.45999999999,HEALTH DATA RESEARCH UK,3,143481.23,66.66666666666666,52.42738719203898
ID:GB-CFS-313869,1,75000.0,NHS England,1,75000.0,100.0,100.0
ID:GB-CFS-268087,1,75000.0,DEFRA,5,23347491.89,20.0,0.3212336483651307
ID:GB-CFS-245296,1,75000.0,DVSA - Driver and Vehicle Standards Agency,1,75000.0,100.0,100.0
ID:GB-CFS-317503,2,74578.68,United Lincolnshire Teaching Hospitals NHS Trust,6,380858.45,33.33333333333333,19.58173174311873
ID:GB-CFS-75365,2,74393.7,Department for Work and Pensions,2,74393.7,100.0,100.0
ID:GB-CFS-229658,5,74266.85,National Highways,124,112190967.25,4.032258064516129,0.0661968176408604
ID:GB-SRS-sid4gov.cabinetoffice.gov.uk/DFD86Axq,1,73482.19,Mid Sussex District Council,6,509272.69,16.666666666666664,14.42884950300398
ID:GB-CFS-259272,1,72690.0,NHS Engalnd,1,72690.0,100.0,100.0
ID:GB-SRS-sid4gov.cabinetoffice.gov.uk/zsJa76Y7,1,72500.0,Staffordshire Police,2,2201200.0,50.0,3.2936580047246955
ID:GB-CFS-278887,2,72129.20999999999,Bradford Teaching Hospitals NHS Foundation Trust,107,16804134.38,1.8691588785046729,0.4292349035594893
ID:GB-CFS-242017,1,72000.0,Sellafield Limited,1,72000.0,100.0,100.0
ID:GB-SRS-sid4gov.cabinetoffice.gov.uk/HGBf2puV,1,71600.0,London Borough of Bromley Council,3,350720.75,33.33333333333333,20.415102328561968
ID:GB-CFS-129536,1,71500.0,capitalEsourcing,3,132084.32,33.33333333333333,54.13208774516157
ID:GB-SRS-sid4gov.cabinetoffice.gov.uk/5rNu7WZf,1,71000.0,Hailsham Town Council - Main Number,3,248532.0,33.33333333333333,28.56774982698405
ID:GB-SRS-sid4gov.cabinetoffice.gov.uk/Fbv2WwmD,1,70480.0,Skegness Town Council,1,70480.0,100.0,100.0
ID:GB-CFS-276626,2,70195.7,Foreign Commonwealth and Development Office,4,193194.34,50.0,36.33424250420587
ID:GB-CFS-323140,1,70072.0,Wigan Council,1,70072.0,100.0,100.0
ID:GB-CFS-296522,1,70000.0,Sport England,6,3598023.9,16.666666666666664,1.94551236860878
ID:GB-CFS-237648,1,70000.0,Medicines and Healthcare Products Regulatory Agency,4,214000.0,25.0,32.71028037383177
ID:GB-CFS-82875,1,70000.0,Cheshire Constabulary on behalf of the Police and Crime Commissioner for Cheshire,2,108329.84,50.0,64.61746828020793
ID:GB-CFS-64840,1,70000.0,Durham County Council,8,1724761.0,12.5,4.058533327226207
ID:GB-CFS-212,1,70000.0,Teignbridge District Council,1,70000.0,100.0,100.0
ID:GB-CFS-327040,1,70000.0,South Derbyshire District Council,1,70000.0,100.0,100.0
ID:GB-CFS-259531,1,69575.62,Ministry of Defence,1,69575.62,100.0,100.0
ID:GB-CFS-327133,1,69347.6,Home Office,1,69347.6,100.0,100.0
ID:GB-SRS-sid4gov.cabinetoffice.gov.uk/NpP42VjX,1,69252.81,NOTTINGHAMSHIRE FIRE AND RESCUE SERVICE,21,2375127.27,4.761904761904762,2.915751542021577
ID:GB-CFS-238528,2,68895.89,Care Quality Commission,8,1028766.72,25.0,6.696940002102712
ID:GB-SRS-supplierregistration.cabinetoffice.gov.uk/DK9Puw9e,1,68210.1,THE CAMBRIDGE HOUSING SOCIETY LIMITED,7,622499.1,14.285714285714285,10.957461625245726
ID:GB-CFS-306551,1,68200.0,South Derbyshire District Council,14,5030817.65,7.142857142857142,1.3556444447951714
ID:GB-CFS-282856,1,68130.74,CPS,1,68130.74,100.0,100.0
ID:GB-CFS-205642,1,68106.0,ER,1,68106.0,100.0,100.0
ID:GB-CFS-291806,1,67881.72,DEFRA,1,67881.72,100.0,100.0
ID:GB-CFS-328086,1,67680.0,Home Office,1,67680.0,100.0,100.0
ID:GB-CFS-66504,1,67500.0,Offshore Renewable Energy Catapult,10,65193954.59,10.0,0.1035372074366443
ID:GB-SRS-supplierregistration.cabinetoffice.gov.uk/936jFw88,1,67000.0,BROMYARD & WINSLOW TOWN COUNCIL,1,67000.0,100.0,100.0
ID:GB-CFS-288778,1,65800.0,National Employment Savings Trust (NEST),3,173969.0,33.33333333333333,37.82283050428525
ID:GB-CFS-327927,1,65731.2,Home Office,2,215775.18,50.0,30.462817827333065
ID:GB-CFS-315134,1,65569.0,ICS on behalf of DSIT and DESNZ,5,66837255.64,20.0,0.0981024720003001
ID:GB-GOR-IM1203,1,65535.1,THE ELECTORAL COMMISSION,12,8191722.21,8.333333333333332,0.8000161421489413
ID:GB-CFS-310871,2,65313.0,Department for Business and Trade,5,396353.0,40.0,16.47849265679836
ID:GB-CFS-319963,1,65000.0,West Suffolk NHS Hospital,2,88200.0,50.0,73.69614512471655
ID:GB-CFS-321228,1,65000.0,National Employment Savings Trust (NEST),3,269942.0,33.33333333333333,24.079246652984715
ID:GB-CFS-51030,1,65000.0,The Royal Borough of Kingston upon Thames,2,945000.0,50.0,6.878306878306878
ID:GB-GOR-D15,3,64948.44,HM TREASURY,25,6076709.8,12.0,1.0688093086163175
ID:GB-SRS-sid4gov.cabinetoffice.gov.uk/7aYS8B28,4,64855.46,Shared Services Connected Limited,4,64855.46,100.0,100.0
ID:GB-CFS-68457,1,64330.0,West Midlands Combined Authority,43,55753694.68,2.3255813953488373,0.1153824878677977
ID:GB-SRS-sid4gov.cabinetoffice.gov.uk/BGnZ3MDm,2,64184.41,HM Land Registry,34,116349142.44,5.88235294117647,0.055165348582693
ID:GB-CFS-162854,1,64050.29,Longhurst Group,1,64050.29,100.0,100.0
ID:GB-CFS-280785,2,63881.0,Defra Commercial,2,63881.0,100.0,100.0
ID:GB-CFS-318117,2,63650.0,NHS Business Services Authority,2,63650.0,100.0,100.0
ID:GB-SRS-supplierregistration.cabinetoffice.gov.uk/A23Rnp6g,1,63124.8,City of Ely Council,2,119146.83,50.0,52.98067938525934
ID:GB-CFS-311773,1,63000.0,NHS England,2,91500.0,50.0,68.85245901639344
ID:GB-SRS-sid4gov.cabinetoffice.gov.uk/wMwH648A,1,62500.0,North Somerset Council,17,6237899.17,5.88235294117647,1.0019398886821058
ID:GB-GOR-PB27,1,62500.0,STUDENT LOANS COMPANY LIMITED,12,7756836.25,8.333333333333332,0.8057408714796577
ID:GB-SRS-supplierregistration.cabinetoffice.gov.uk/6dx3SptK,1,62500.0,Brampton Memorial Playing Field,1,62500.0,100.0,100.0
ID:GB-CFS-324569,1,62144.5,London Ambulance Service NHS Trust,1,62144.5,100.0,100.0
ID:GB-SRS-sid4gov.cabinetoffice.gov.uk/C9my3yKd,1,62008.0,St Helens College,18,10564188.95,5.555555555555555,0.5869641322536171
ID:GB-SRS-supplierregistration.cabinetoffice.gov.uk/F2A99Z72,1,61210.0,West Coker Parish Council,1,61210.0,100.0,100.0
ID:GB-CFS-286728,2,61000.0,East of England Ambulance Service NHS Trust,3,161000.0,66.66666666666666,37.88819875776397
ID:GB-CFS-312282,1,60730.0,Lincolnshire Partnership NHS Foundation Trust,1,60730.0,100.0,100.0
ID:GB-CFS-310376,1,60314.06,Nuclear Restoration Services,1,60314.06,100.0,100.0
ID:GB-CFS-248875,1,60000.0,DfTc - Department for Transport,1,60000.0,100.0,100.0
ID:GB-LAE-ROT,1,60000.0,Rotherham Metropolitan Borough Council,36,27154777.98,2.7777777777777777,0.2209555903723135
ID:GB-CFS-192703,1,60000.0,Department for Work and Pensions,2,31890000.0,50.0,0.1881467544684854
ID:GB-CFS-310408,1,60000.0,Surrey and Borders Partnership NHS Foundation Trust,1,60000.0,100.0,100.0
ID:GB-CFS-312865,1,60000.0,United Lincolnshire Teaching Hospitals NHS Trust (ULTH),1,60000.0,100.0,100.0
ID:GB-CFS-321471,1,60000.0,Sellafield Ltd,1,60000.0,100.0,100.0
ID:GB-SRS-supplierregistration.cabinetoffice.gov.uk/jyZm67H3,1,60000.0,Keighley Town Council,1,60000.0,100.0,100.0
ID:GB-CFS-156459,2,59991.52,Lancaster City Council,2,59991.52,100.0,100.0
ID:GB-SRS-sid4gov.cabinetoffice.gov.uk/SqDt2446,1,59720.0,NHS SHARED BUSINESS SERVICES LIMITED,2,278773.0,50.0,21.4224476545433
ID:GB-CFS-326218,1,59500.0,Sellafield Limited,1,59500.0,100.0,100.0
ID:GB-CFS-249388,1,59126.29,Department for Work and Pensions,2,1226755.29,50.0,4.819729776751156
ID:GB-SRS-sid4gov.cabinetoffice.gov.uk/xqB63NF3,1,59028.0,Street Parish Council,1,59028.0,100.0,100.0
ID:GB-SRS-supplierregistration.cabinetoffice.gov.uk/jZ58FQ4C,1,58980.0,Sandhurst Community Hall,1,58980.0,100.0,100.0
ID:GB-CFS-101544,1,58344.0,London Borough of Waltham Forest,2,58344.0,50.0,100.0
ID:GB-CFS-203598,1,58165.0,East and North Hertfordshire NHS Trust,6,6369330.0,16.666666666666664,0.9132043715744042
ID:GB-CFS-328750,1,57600.0,East of England Ambulance Service NHS Trust,1,57600.0,100.0,100.0
ID:GB-CFS-317932,1,57516.24,NRS Ltd,1,57516.24,100.0,100.0
ID:GB-SRS-supplierregistration.cabinetoffice.gov.uk/ew567JjA,1,57426.0,Tyne Coast College,4,95290826.0,25.0,0.0602639334871543
ID:GB-CFS-312342,1,57000.0,"Department for Environment, Food and Rural Affairs",2,156950.0,50.0,36.31729850270787
ID:GB-CFS-313122,1,57000.0,NHS England,5,4939668.25,20.0,1.1539236465930682
ID:GB-CFS-320464,1,57000.0,DEPARTMENT FOR ENVIRONMENT FOOD & RURAL AFFAIRS,3,3635414.56,33.33333333333333,1.5679092180342702
ID:GB-CFS-117374,1,57000.0,HM Land Registry,5,10556836.16,20.0,0.5399344949197354
ID:GB-SRS-sid4gov.cabinetoffice.gov.uk/vAyU95u5,1,56915.68,Chesterfield Borough Council,17,10664727.47,5.88235294117647,0.5336815231341304
ID:GB-CFS-305926,1,56823.0,UKHSA,1,56823.0,100.0,100.0
ID:GB-CFS-307596,1,56700.0,Department for Business and Trade,1,56700.0,100.0,100.0
ID:GB-CFS-309680,1,56407.2,Amplius,5,2168401.3,20.0,2.6013266086863167
ID:GB-CFS-307262,1,55855.84,Amplius,2,2555855.84,50.0,2.1854065133814435
ID:GB-SRS-supplierregistration.cabinetoffice.gov.uk/jt5E36a2,1,55835.0,Clipstone Parish Council,2,103601.67,50.0,53.89391889146189
ID:GB-SRS-supplierregistration.cabinetoffice.gov.uk/zqEe46fF,1,55730.0,Hatfield Peverel Parish Council,2,174508.0,50.0,31.935498659087266
ID:GB-CFS-327395,1,55543.04,South Tees Hospitals NHS Foundation Trust,2,1420163.42,50.0,3.911031590998169
ID:GB-CFS-275453,1,55500.0,NHS England,2,84840.0,50.0,65.41725601131542
ID:GB-SRS-sid4gov.cabinetoffice.gov.uk/XHZs4DAn,1,55149.4,The Centre for Ecology & Hydrology,3,698065.4,33.33333333333333,7.900319941369391
ID:GB-CFS-306515,1,55000.0,City of London Corporation,2,251092.0,50.0,21.90432192184538
ID:GB-SRS-sid4gov.cabinetoffice.gov.uk/DuH58JU7,1,55000.0,Warrington Borough Council,1,55000.0,100.0,100.0
ID:GB-CFS-307718,1,54775.0,GB,1,54775.0,100.0,100.0
ID:GB-LAE-MOL,1,54550.0,Mole Valley District Council,9,2133550.0,11.11111111111111,2.5567715778866207
ID:GB-CFS-63800,1,54515.36,whg,5,4813515.359999999,20.0,1.1325477519614688
ID:GB-CFS-314548,1,54059.0,NRS,1,54059.0,100.0,100.0
ID:GB-CFS-328303,1,53859.5,Nuclear Restoration Services,1,53859.5,100.0,100.0
ID:GB-CFS-230716,1,53013.42,Royal Papworth Hospital NHS Foundation Trust,3,220483.17,33.33333333333333,24.04420255750133
ID:GB-CFS-317014,1,52930.0,Mid Cheshire Hospitals NHS Foundation Trust,1,52930.0,100.0,100.0
ID:GB-CFS-312732,3,52917.27,defra,9,601071.85,33.33333333333333,8.803817713306655
ID:GB-CFS-304118,1,52473.0,Financial Conduct Authority,10,544580.63,10.0,9.63548776973577
ID:GB-CFS-172126,2,52150.0,DVSA - Driver and Vehicle Standards Agency,28,14931462.96,7.142857142857142,0.3492624945037535
ID:GB-SRS-sid4gov.cabinetoffice.gov.uk/MBG33r8d,1,52005.0,National Museums Liverpool,7,1541936.0,14.285714285714285,3.372708076080979
ID:GB-CFS-317780,1,51360.0,Somerset NHS Foundation Trust,1,51360.0,100.0,100.0
ID:GB-SRS-supplierregistration.cabinetoffice.gov.uk/TyFQ4bce,1,50955.0,HULL UNIVERSITY TEACHING HOSPITALS NHS TRUST,7,542445.11,14.285714285714285,9.39357716765112
ID:GB-CFS-315347,1,50817.46,"Department for Environment, Food & Rural Affairs",1,50817.46,100.0,100.0
ID:GB-CFS-315137,2,50600.0,Hull University Teaching Hospitals NHS Foundation Trust,3,91400.0,66.66666666666666,55.36105032822757
ID:GB-CFS-289111,2,50217.0,DSIT,5,3007132.0,40.0,1.6699300196998337
ID:GB-CFS-233901,1,50000.0,Sefton Council,2,84750.0,50.0,58.99705014749262
ID:GB-SRS-sid4gov.cabinetoffice.gov.uk/9WJB6eGr,1,50000.0,South Staffordshire College,3,197650.0,33.33333333333333,25.29724260055654
ID:GB-CFS-179243,1,50000.0,Nottingham University Hospital NHS Trust,9,26448825.67,11.11111111111111,0.1890443100342004
ID:GB-SRS-sid4gov.cabinetoffice.gov.uk/Uf466hFX,1,50000.0,Royal Berkshire Fire & Rescue Service,24,9261089.24,4.166666666666666,0.5398932966118357
ID:GB-CFS-323305,1,50000.0,Defra Commercial,1,50000.0,100.0,100.0
ID:GB-CFS-306054,1,50000.0,DSIT,1,50000.0,100.0,100.0
ID:GB-CFS-321437,1,50000.0,Sellafield Ltd,1,50000.0,100.0,100.0
ID:GB-CFS-297448,1,50000.0,East of England Ambulance Service NHS Trust,1,50000.0,100.0,100.0
ID:GB-CFS-300080,1,50000.0,Nuclear Restoration Services Ltd (Dounreay),4,397028.56,25.0,12.59355246383283
ID:GB-CFS-308390,1,50000.0,Ministry of Defence,1,50000.0,100.0,100.0
ID:GB-CFS-173841,1,49999.99,Redditch Borough Council,2,4408599.99,50.0,1.134146670449001
ID:GB-CFS-328368,1,49800.0,NHS England,1,49800.0,100.0,100.0
ID:GB-CFS-278973,1,49702.0,Nuclear Restoration Services Limited (Dounreay),1,49702.0,100.0,100.0
ID:GB-CFS-307328,1,49563.92,Broxtowe Borough Council,1,49563.92,100.0,100.0
ID:GB-CFS-283319,1,49375.0,National Citizen Service,1,49375.0,100.0,100.0
ID:GB-CFS-315876,1,49300.0,Gloucestershire County Council,1,49300.0,100.0,100.0
ID:GB-CFS-289406,1,49200.0,Food Standards Agency,7,120834653.0,14.285714285714285,0.0407167966957293
ID:GB-SRS-sid4gov.cabinetoffice.gov.uk/fkUb93zH,1,48904.75,DEPARTMENT FOR BUSINESS AND TRADE,1,48904.75,100.0,100.0
ID:GB-CFS-312622,1,48904.75,Department for Business and Trade,1,48904.75,100.0,100.0
ID:GB-CFS-306600,1,48868.8,Broxtowe Borough Council,1,48868.8,100.0,100.0
ID:GB-CFS-230435,2,48863.6,NHS Business Services Authority,7,38894473.6,28.57142857142857,0.1256312156388202
ID:GB-CFS-295060,2,48207.08,Somerset NHS Foundation Trust,2,48207.08,100.0,100.0
ID:GB-SRS-supplierregistration.cabinetoffice.gov.uk/Zbk63XRB,1,48027.0,Little Marlow Parish Council,1,48027.0,100.0,100.0
ID:GB-GOR-PB474,1,48000.0,NATIONAL INSTITUTE FOR HEALTH AND CARE EXCELLENCE,3,246188.7,33.33333333333333,19.497239312771057
ID:GB-LAE-BRE,1,48000.0,Breckland District Council,5,416614.0,20.0,11.521456312077849
ID:GB-CFS-298164,1,48000.0,Defra Commercial,1,48000.0,100.0,100.0
ID:GB-CFS-324236,1,47998.8,Royal Papworth Hospital,1,47998.8,100.0,100.0
ID:GB-SRS-sid4gov.cabinetoffice.gov.uk/gr8g2YX3,1,47890.0,Babergh and Mid Suffolk District Councils,5,482692.02,20.0,9.921440176284662
ID:GB-CFS-297912,1,47400.0,DVSA - Driver and Vehicle Standards Agency,1,47400.0,100.0,100.0
ID:GB-CFS-326518,1,47270.0,United Lincolnshire Teaching Hospitals NHS Trust,1,47270.0,100.0,100.0
ID:GB-CFS-322528,1,47025.35,Intellectual Property Office,4,1663825.86,25.0,2.826338448664333
ID:GB-CFS-50460,1,47000.0,City of London Corporation,2,493652.0,50.0,9.52087705509144
ID:GB-CFS-318273,1,47000.0,"Department for Environment, Food and Rural Affairs",4,431140.91,25.0,10.901308344874996
ID:GB-SRS-sid4gov.cabinetoffice.gov.uk/769s5AJs,1,46993.0,Keele University Leisure Centre,2,194517.1,50.0,24.158801462699163
ID:GB-GOR-EA87,1,46922.0,Valuation Office Agency,5,11652272.0,20.0,0.402685416200377
ID:GB-CFS-298070,1,46889.38,Pool Re Services Limited,12,830943.4,8.333333333333332,5.642909011612583
ID:GB-CFS-280520,1,46780.0,Ministry of Defence,1,46780.0,100.0,100.0
ID:GB-SRS-supplierregistration.cabinetoffice.gov.uk/A7BG2p2r,1,46600.0,Swingfield Parish Council,1,46600.0,100.0,100.0
ID:GB-CFS-263254,1,46200.0,Ministry of Defence,1,46200.0,100.0,100.0
ID:GB-CFS-324090,1,46000.0,Bath and North East Somerset Council,1,46000.0,100.0,100.0
ID:GB-SRS-supplierregistration.cabinetoffice.gov.uk/73TY7evj,1,45885.0,Horncastle Town Council,2,166221.53,50.0,27.60472725765429
ID:GB-CFS-300451,1,45730.0,Canterbury City Council,4,3170854.0700000003,25.0,1.442198189839749
ID:GB-CFS-319418,1,45654.0,University Hospitals Dorset NHS Foundation Trust,1,45654.0,100.0,100.0
ID:GB-CFS-326554,1,45000.0,DSIT,1,45000.0,100.0,100.0
ID:GB-CFS-239549,1,45000.0,National Highways,17,14495132.95,5.88235294117647,0.3104490324802437
ID:GB-CFS-309648,1,45000.0,Ministry of Defence,1,45000.0,100.0,100.0
ID:GB-CFS-320128,1,45000.0,NRS,2,1367381.34,50.0,3.2909619784631547
ID:GB-CFS-115161,1,45000.0,London Borough of Hounslow,3,205233.0,33.33333333333333,21.92629840230372
ID:GB-CFS-306526,1,44872.3,City of London Corporation,1,44872.3,100.0,100.0
ID:GB-CFS-118511,1,44550.8,Department for Work and Pensions,3,3124050.8,33.33333333333333,1.426058756791023
ID:GB-CFS-215355,1,44335.0,Tendring District Council,1,44335.0,100.0,100.0
ID:GB-CFS-177338,1,44304.75,NHS Digital,1,44304.75,100.0,100.0
ID:GB-SRS-sid4gov.cabinetoffice.gov.uk/hWvd872d,3,43957.0,Natural England,85,1965973.37,3.5294117647058822,2.2358898991597225
ID:GB-SRS-supplierregistration.cabinetoffice.gov.uk/ZwqJ32aJ,1,43800.0,LONGWICK CUM ILMER PARISH COUNCIL,1,43800.0,100.0,100.0
ID:GB-CFS-316994,1,43750.0,Mid Cheshire Hospitals NHS Foundation Trust,1,43750.0,100.0,100.0
ID:GB-CFS-277733,2,43346.59,The Pensions Regulator,4,159645.27,50.0,27.151816023111746
ID:GB-CFS-256738,1,43192.68,NHS Business Services Authority,5,28517418.96,20.0,0.1514606916586114
ID:GB-CFS-264753,1,43091.19,UK Health Security Agency (UKHSA),1,43091.19,100.0,100.0
ID:GB-CFS-316087,1,43064.45,Ministry of Defence,1,43064.45,100.0,100.0
ID:GB-CFS-324912,1,42944.24,Ministry of Defence,1,42944.24,100.0,100.0
ID:GB-CFS-302436,1,42877.5,"Department for the Environment, Food and Rural Affairs",1,42877.5,100.0,100.0
ID:GB-CFS-313223,1,42790.0,nuclear restoration services,1,42790.0,100.0,100.0
ID:GB-SRS-supplierregistration.cabinetoffice.gov.uk/8Trm5n4H,1,42669.71,West Yorkshire Combined Authority,8,4852779.76,12.5,0.8792838766703066
ID:GB-SRS-supplierregistration.cabinetoffice.gov.uk/pZv37DUB,1,42653.94,Wonersh Parish Council,1,42653.94,100.0,100.0
ID:GB-SRS-sid4gov.cabinetoffice.gov.uk/eDmb6J23,1,42505.0,FINANCIAL OMBUDSMAN SERVICE LIMITED,1,42505.0,100.0,100.0
ID:GB-CFS-208164,1,42500.0,Department for Work and Pensions,1,42500.0,100.0,100.0
ID:GB-CFS-217073,1,42120.0,Leicester City Council,252,10207775.31,0.3968253968253968,0.412626637253049
ID:GB-CFS-296406,1,42055.0,Department of Health and Social Care,6,1561870.0,16.666666666666664,2.6926056586015483
ID:GB-SRS-supplierregistration.cabinetoffice.gov.uk/EdAh45M3,1,41800.8,Ramsbury & Axford Parish Council,1,41800.8,100.0,100.0
ID:GB-CFS-314383,1,41700.0,Ministry of Defence,1,41700.0,100.0,100.0
ID:GB-CFS-309281,1,41524.0,Somerset NHS Foundation Trust,1,41524.0,100.0,100.0
ID:GB-CFS-216860,1,41430.0,University Hospitals Sussex NHS Foundation Trust,4,14316214.0,25.0,0.2893921535400351
ID:GB-CFS-327157,1,41108.0,BARNET HOMES LIMITED,1,41108.0,100.0,100.0
ID:GB-SRS-supplierregistration.cabinetoffice.gov.uk/n3MFeBdp,1,41100.0,Holybrook Parish Council,1,41100.0,100.0,100.0
ID:GB-CFS-191950,2,41000.0,DfTc - Department for Transport,8,25270077.52,25.0,0.1622472268537781
ID:GB-CFS-318646,1,40725.0,HULL UNIVERSITY TEACHING HOSPITALS,3,187225.0,33.33333333333333,21.75190279075978
ID:GB-CFS-240803,1,40305.83,NHS England,8,1800273.06,12.5,2.23887314072233
ID:GB-CFS-310172,1,40075.0,Nuclear Restoration Services,1,40075.0,100.0,100.0
ID:GB-CFS-317977,1,40000.0,Cheshire Constabulary on behalf of the Police and Crime Commissioner for Cheshire,1,40000.0,100.0,100.0
ID:GB-CFS-305664,1,40000.0,East of England Ambulance Service NHS Trust,1,40000.0,100.0,100.0
ID:GB-SRS-sid4gov.cabinetoffice.gov.uk/MKFy2398,1,40000.0,The Charity Commission For England And Wales,20,8282386.8,5.0,0.4829525711115062
ID:GB-CFS-318937,1,40000.0,NHS Norfolk and Waveney ICB,1,40000.0,100.0,100.0
ID:GB-LAE-SWL,1,39905.0,Swale Borough Council,17,2630621.29,5.88235294117647,1.5169420300707743
ID:GB-SRS-sid4gov.cabinetoffice.gov.uk/k2ZPW3m7,1,39843.0,Leybourne Village Hall,1,39843.0,100.0,100.0
ID:GB-SRS-sid4gov.cabinetoffice.gov.uk/wwFx2665,1,39500.0,Thames Valley Police,10,25686810.0,10.0,0.1537754201475387
ID:GB-SRS-sid4gov.cabinetoffice.gov.uk/88Cu8Eqe,1,39480.0,Ashfield Council,8,307168434.81,12.5,0.0128528831500608
ID:GB-CFS-245003,1,39337.92,London Ambulance Service,3,3882337.92,33.33333333333333,1.013253374914876
ID:GB-CFS-129489,1,39335.0,Sutton Housing Partnership,2,74335.0,50.0,52.91585390462097
ID:GB-CFS-263225,1,39240.0,Department for Environment Food & Rural Affairs,1,39240.0,100.0,100.0
ID:GB-CFS-326076,1,38945.75,DSIT,1,38945.75,100.0,100.0
ID:GB-CFS-315154,1,38364.0,Dorset Healthcare University Nhs Foundation Trust,1,38364.0,100.0,100.0
ID:GB-SRS-supplierregistration.cabinetoffice.gov.uk/UAUq32wn,1,38011.08,Lyneham And Bradenstoke Parish Council,1,38011.08,100.0,100.0
ID:GB-SRS-sid4gov.cabinetoffice.gov.uk/rkj82J4v,1,37940.0,Portsmouth City Council,3,1049940.0,33.33333333333333,3.613539821323123
ID:GB-CFS-202709,1,37846.0,Waltham Forest College,8,213676.0,12.5,17.71186282034482
ID:GB-CFS-313880,1,37400.0,Sheffield Children's NHS Foundation Trust,1,37400.0,100.0,100.0
ID:GB-CFS-317921,1,37200.0,Animal and Plant Health Agency,1,37200.0,100.0,100.0
ID:GB-SRS-sid4gov.cabinetoffice.gov.uk/FsxA95bk,1,37180.99,Northern Lighthouse Board,2,178000.99,50.0,20.88808045393456
ID:GB-SRS-sid4gov.cabinetoffice.gov.uk/J6en85rb,1,36942.0,MOAT HOMES LIMITED,7,469308.83,14.285714285714285,7.871575738304348
ID:GB-CFS-261386,1,36568.8,Dorset Healthcare University NHS Foundation Trust,4,252438.0,25.0,14.486250089130795
ID:GB-SRS-sid4gov.cabinetoffice.gov.uk/KY8v3A46,1,36446.04,BIRKBECK COLLEGE,12,2675051.75,8.333333333333332,1.3624424275156546
ID:GB-CFS-175414,2,36233.2,DfTc - Department for Transport,7,527686.95,28.57142857142857,6.866419569405687
ID:GB-SRS-sid4gov.cabinetoffice.gov.uk/7q8RnTQ5,1,36218.0,UK SPACE AGENCY,2,98718.0,50.0,36.688344577483335
ID:GB-CFS-312675,1,36205.0,Nuclear Restoration Services Limited,1,36205.0,100.0,100.0
ID:GB-CFS-87489,1,36192.0,South Hams District Council,1,36192.0,100.0,100.0
ID:GB-CFS-328277,1,36150.0,The Police and Crime Commissioner for Cambridge,1,36150.0,100.0,100.0
ID:GB-CFS-51104,1,36000.0,Torridge District Council,5,821246.0,20.0,4.38358299462037
ID:GB-CFS-239321,1,35661.0,Ministry of Defence,1,35661.0,100.0,100.0
ID:GB-SRS-supplierregistration.cabinetoffice.gov.uk/Ye3N8Dr8,1,35520.0,Telscombe Town Council,1,35520.0,100.0,100.0
ID:GB-CFS-247746,1,35115.0,DVSA - Driver and Vehicle Standards Agency,1,35115.0,100.0,100.0
ID:GB-CFS-261505,1,34933.0,London Ambulance Service,5,1579933.0,20.0,2.2110431265123265
ID:GB-LAE-BIR,1,34469.0,BIRMINGHAM CITY COUNCIL,213,64254128.72,0.4694835680751174,0.0536448017997496
ID:GB-CFS-213890,1,34300.0,DVLA - Driver & Vehicle Licensing Agency,1,34300.0,100.0,100.0
ID:GB-CFS-325031,1,34239.06,NHS England,2,2064819.06,50.0,1.6582111557997723
ID:GB-CFS-229255,5,34195.0,Leeds Teaching Hospitals NHS Trust,72,8535198.82,6.944444444444445,0.4006350727281593
ID:GB-CFS-160164,1,34000.0,Guy's and St Thomas' NHS Foundation Trust,2,80658.48000000001,50.0,42.15303834141184
ID:GB-SRS-sid4gov.cabinetoffice.gov.uk/cTeR293B,1,34000.0,West Midlands Police,1,34000.0,100.0,100.0
ID:GB-CFS-325533,1,33765.0,Somerset NHS Foundation Trust,1,33765.0,100.0,100.0
ID:GB-CFS-315435,1,33400.0,software,1,33400.0,100.0,100.0
ID:GB-CFS-188970,1,33395.0,DVLA - Driver & Vehicle Licensing Agency,1,33395.0,100.0,100.0
ID:GB-CFS-309358,1,33000.0,Ministry of Defence,1,33000.0,100.0,100.0
ID:GB-CFS-196887,1,33000.0,Ministry of Defence,1,33000.0,100.0,100.0
ID:GB-CFS-310140,1,32941.67,MMO,1,32941.67,100.0,100.0
ID:GB-SRS-supplierregistration.cabinetoffice.gov.uk/Sy5D2Bv9,1,32500.0,The Folk Hall,2,359308.0,50.0,9.04516459416434
ID:GB-CFS-201824,1,32444.25,King's College Trust,1,32444.25,100.0,100.0
ID:GB-CFS-138752,1,32400.0,Gloucestershire County Council,38,65912272.38,2.631578947368421,0.0491562478884148
ID:GB-CFS-319687,1,32270.22,NOTTINGHAMSHIRE POLICE,1,32270.22,100.0,100.0
ID:GB-CFS-307775,1,32020.0,DSIT,1,32020.0,100.0,100.0
ID:GB-CFS-324958,1,32000.0,The Princess Alexandra Hospital NHS Trust,2,199000.0,50.0,16.08040201005025
ID:GB-CFS-313100,1,31490.0,Ministry of Defence,1,31490.0,100.0,100.0
ID:GB-CFS-315486,1,31424.0,DSRL,1,31424.0,100.0,100.0
ID:GB-SRS-sid4gov.cabinetoffice.gov.uk/3UB3r29F,1,31200.0,DUDLEY MBC,92,59854967.26,1.0869565217391304,0.0521259996091425
ID:GB-CFS-186921,2,31041.07,DVLA - Driver & Vehicle Licensing Agency,5,1194275.67,40.0,2.599154515138033
ID:GB-SRS-sid4gov.cabinetoffice.gov.uk/uqTv38A3,1,30626.09,YOUR HOUSING GROUP LIMITED,6,1646203.01,16.666666666666664,1.8604078484827944
ID:GB-CFS-319939,1,30512.0,London Ambulance service NHS Trust,1,30512.0,100.0,100.0
ID:GB-CFS-320765,1,30464.37,Nuclear Restoration Services Limited,1,30464.37,100.0,100.0
ID:GB-CFS-317858,1,30312.0,Nuclear Restoration Services,1,30312.0,100.0,100.0
ID:GB-CFS-264206,1,30000.0,NHS Blood and Transplant (Bristol),1,30000.0,100.0,100.0
ID:GB-CFS-271837,1,30000.0,Action For Children,3,191000.0,33.33333333333333,15.706806282722512
ID:GB-CFS-252120,1,30000.0,Border to Coast Pensions Partnership Limited,1,30000.0,100.0,100.0
ID:GB-SRS-supplierregistration.cabinetoffice.gov.uk/gRzJ74xc,1,30000.0,Brockworth Parish Council,1,30000.0,100.0,100.0
ID:GB-SRS-supplierregistration.cabinetoffice.gov.uk/89sV7UBq,1,29960.0,Cleveland Fire Authority,20,6871411.76,5.0,0.4360093827356374
ID:GB-CFS-167083,1,29925.0,MCA - Maritime and Coastguard Agency,5,759706.0,20.0,3.9390237802518335
ID:GB-CFS-308284,2,29725.64,National Highways,116,81837926.29,1.7241379310344829,0.0363225723665877
ID:GB-CFS-311387,1,29645.0,DESNZ,1,29645.0,100.0,100.0
ID:GB-SRS-sid4gov.cabinetoffice.gov.uk/JVDD5xhn,1,29582.0,Worcestershire County Council,29,5192872.61,3.4482758620689653,0.5696654283995617
ID:GB-CFS-245351,1,29054.7,Cumberland Council,14,108546495.33,7.142857142857142,0.0267670549027573
ID:GB-CFS-319988,1,28725.0,East Midlands Ambulance Service NHS Trust,1,28725.0,100.0,100.0
ID:GB-CFS-309727,1,28250.0,DEFRA,1,28250.0,100.0,100.0
ID:GB-CFS-270579,1,28060.0,Dorset County Hospital NHS Foundation Trust,5,554936.67,20.0,5.056432835840529
ID:GB-CFS-230454,1,28000.0,Ministry of Defence,2,408000.0,50.0,6.862745098039216
ID:GB-CFS-284656,1,27720.0,West Suffolk NHS Foundation Trust,17,1227571.64,5.88235294117647,2.258116683112686
ID:GB-CFS-313952,1,27619.44,Sussex and Partnership NHS Foundation Trust,1,27619.44,100.0,100.0
ID:GB-CFS-288319,1,27605.0,Food Standards Agency,9,4215095.88,11.11111111111111,0.6549079970157168
ID:GB-SRS-sid4gov.cabinetoffice.gov.uk/DN5j3cN6,2,27480.4,UNIVERSITY OF SALFORD(THE),41,9695270.45,4.878048780487805,0.2834412937908298
ID:GB-CFS-278865,1,27325.0,Home Office,2,133197.0,50.0,20.51472630764957
ID:GB-CFS-307419,1,27160.96,Foreign Commonwealth and Development Office,2,109592.96,50.0,24.78348974240681
ID:GB-CFS-313275,1,27000.0,Home Office,1,27000.0,100.0,100.0
ID:GB-CFS-52713,1,27000.0,Teignbridge District Council,2,170469.43,50.0,15.838616929733384
ID:GB-CFS-274772,1,26661.95,Foreign Commonwealth and Development Office,1,26661.95,100.0,100.0
ID:GB-CFS-314622,1,26620.0,County Durham and Darlington NHS Foundation Trust,1,26620.0,100.0,100.0
ID:GB-CFS-187015,1,26539.0,DfTc - Department for Transport,1,26539.0,100.0,100.0
ID:GB-CFS-52882,2,26474.0,Lancaster City Council,2,26474.0,100.0,100.0
ID:GB-SRS-supplierregistration.cabinetoffice.gov.uk/Wyjb265s,1,26250.0,Taunton Town Council,1,26250.0,100.0,100.0
ID:GB-CFS-325054,1,26000.73,Kirklees College,1,26000.73,100.0,100.0
ID:GB-CFS-324435,1,26000.0,nuclear restoration services,1,26000.0,100.0,100.0
ID:GB-LAE-HAT,1,25940.0,Hart District Council,1,25940.0,100.0,100.0
ID:GB-CFS-299381,1,25874.68,DVSA - Driver and Vehicle Standards Agency,2,125874.68,50.0,20.555905286114733
ID:GB-CFS-305835,1,25146.29,Nuclear Restoration Services ( Dounreay),1,25146.29,100.0,100.0
ID:GB-SRS-sid4gov.cabinetoffice.gov.uk/D6sqG9HY,1,25074.0,UNIVERSITY OF KEELE,21,5271804.78,4.761904761904762,0.4756245924569308
ID:GB-SRS-supplierregistration.cabinetoffice.gov.uk/KgBX2R7n,1,25050.0,"ATC FITNESS OF OLIVE BRANCH, INC.",1,25050.0,100.0,100.0
ID:GB-CFS-305800,1,25000.0,Ministry of Justice,10,3190939.52,10.0,0.783468312179104
ID:GB-LAE-EAT,1,25000.0,Eastleigh Council,1,25000.0,100.0,100.0
ID:GB-CFS-290820,1,25000.0,Department of Health and Social Care (Yorkshire),2,195000.0,50.0,12.82051282051282
ID:GB-CFS-297494,1,25000.0,Pool Reinsurance Company Limited,1,25000.0,100.0,100.0
ID:GB-CFS-310705,1,25000.0,NHS England,1,25000.0,100.0,100.0
ID:GB-CFS-301193,1,24848.76,Surrey and Borders Partnership NHS FT,3,771848.76,33.33333333333333,3.2193819939543595
ID:GB-CFS-325406,1,24784.7,Marine Management Organisation,1,24784.7,100.0,100.0
ID:GB-CFS-156252,1,24696.0,Department of Health and Social Care (DHSC),4,701509.0,25.0,3.5204109997163258
ID:GB-CFS-153867,1,24680.0,Department of Health and Social Care,5,85106752.29,20.0,0.0289988741620679
ID:GB-CFS-314573,1,24588.0,DVLA - Driver & Vehicle Licensing Agency,1,24588.0,100.0,100.0
ID:GB-SRS-sid4gov.cabinetoffice.gov.uk/Jnfz893t,1,24120.0,SANDWELL METROPOLITAN BOROUGH COUNCIL,8,13935210.87,12.5,0.1730867241623592
ID:GB-CFS-6984,1,24096.0,Sutton Housing Partnership,1,24096.0,100.0,100.0
ID:GB-CFS-182189,1,23940.0,DfTc - Department for Transport,10,2816247.0,10.0,0.8500674834274126
ID:GB-CFS-313983,1,23630.35,Bilfinger UK Ltd,1,23630.35,100.0,100.0
ID:GB-SRS-sid4gov.cabinetoffice.gov.uk/SxBx8DUB,1,23345.0,Southwater Parish Council,2,46040.0,50.0,50.70590790616855
ID:GB-CFS-182991,1,23000.0,Ministry of Defence,6,243726699.46,16.666666666666664,0.0094367995180498
ID:GB-CFS-53761,1,22700.0,HS2,1,22700.0,100.0,100.0
ID:GB-SRS-sid4gov.cabinetoffice.gov.uk/yw6V6BQx,1,22400.0,QE FACILITIES LIMITED,25,2829477.2,4.0,0.7916656829749326
ID:GB-CFS-274673,1,22140.0,NHS England,2,138660.0,50.0,15.967113803548246
ID:GB-CFS-273863,1,22100.0,Ministry of Defence,2,9254100.0,50.0,0.2388130666407322
ID:GB-SRS-sid4gov.cabinetoffice.gov.uk/7z3HGKqD,1,22007.04,CHELMSFORD CITY COUNCIL,2,57007.04,50.0,38.60407416347174
ID:GB-CFS-307093,1,22000.0,Animal and Plant Health Agency,1,22000.0,100.0,100.0
ID:GB-CFS-315149,1,22000.0,Dorset Healthcare University Nhs Foundation Trust,1,22000.0,100.0,100.0
ID:GB-CFS-188964,1,21920.08,Ministry of Justice,18,13257555.82,5.555555555555555,0.1653402806491068
ID:GB-CFS-323841,1,21844.68,C/O Elfs Shared Services,1,21844.68,100.0,100.0
ID:GB-CFS-312204,1,21200.0,UKHSA,2,92363.22,50.0,22.95285937411017
ID:GB-CFS-313772,1,21000.0,Department for Work and Pensions,1,21000.0,100.0,100.0
ID:GB-CFS-280631,1,20976.0,The Pensions Regulator,9,1800118.08,11.11111111111111,1.1652568924811864
ID:GB-CFS-305856,1,20419.0,Department of Health and Social Care (Yorkshire),1,20419.0,100.0,100.0
ID:GB-CFS-302806,1,20369.75,Animal and Plant Health Agency,2,102710.63,50.0,19.83217316454976
ID:GB-CFS-328774,1,20197.42,Lincolnshire Partnership NHS Foundation Trust,1,20197.42,100.0,100.0
ID:GB-CFS-265066,1,20000.0,National Highways,12,1090231.78,8.333333333333332,1.8344722990922169
ID:GB-CFS-59540,1,20000.0,Department for Work and Pensions,15,911809794.64,6.666666666666667,0.0021934399166984
ID:GB-CFS-227105,1,20000.0,The Princess Alexandra Hospital NHS Trust,3,648000.0,33.33333333333333,3.08641975308642
ID:GB-CFS-194523,1,20000.0,DVLA - Driver & Vehicle Licensing Agency,5,39497148.24,20.0,0.0506365671730835
ID:GB-CFS-312640,1,19987.97,"Scarborough, Hull, York Pathology Services",1,19987.97,100.0,100.0
ID:GB-CFS-310093,1,19622.55,NHS Business Services Authority,2,116580.36,50.0,16.831780241543257
ID:GB-SRS-supplierregistration.cabinetoffice.gov.uk/yQCC698F,1,19215.65,Shenley Parish Council,1,19215.65,100.0,100.0
ID:GB-CFS-328795,1,19000.0,Ministry of Defence,2,54000.0,50.0,35.18518518518518
ID:GB-CFS-229350,1,18800.0,National Highways,25,19203004.93,4.0,0.0979013444433875
ID:GB-SRS-sid4gov.cabinetoffice.gov.uk/2D7h2Sb9,2,18660.0,Broseley Town Council,3,38509.0,66.66666666666666,48.45620504297697
ID:GB-CFS-272972,1,18320.19,DSIT,9,2258633.58,11.11111111111111,0.8111182868360612
ID:GB-CFS-313600,1,18000.0,NOTTINGHAMSHIRE POLICE,1,18000.0,100.0,100.0
ID:GB-CFS-160011,1,17750.0,Department of Health and Social Care (DHSC),2,18017750.0,50.0,0.0985139653952352
ID:GB-CFS-312563,1,17060.0,"Department for Environment, Food & Rural Affairs",1,17060.0,100.0,100.0
ID:GB-CFS-228030,1,17000.0,Cefas,2,53797.0,50.0,31.600275108277412
ID:GB-CFS-265746,1,16806.9,Restoration & Renewal Delivery Authority Ltd,1,16806.9,100.0,100.0
ID:GB-CFS-303237,1,16752.36,United Lincolnshire Teaching Hospitals NHS Trust,14,2407709.72,7.142857142857142,0.6957798882832106
ID:GB-CFS-91351,1,16625.0,Broxtowe Borough Council,6,183734.11,16.666666666666664,9.048401518912302
ID:GB-CFS-172130,1,15591.74,Parliamentary and Health Service Ombudsman,1,15591.74,100.0,100.0
ID:GB-SRS-sid4gov.cabinetoffice.gov.uk/axN79Bfk,1,15400.0,West Yorkshire Combined Authority,60,59272615.05,1.6666666666666667,0.0259816442838048
ID:GB-CFS-311680,1,15000.0,Department for Work and Pensions,1,15000.0,100.0,100.0
ID:GB-SRS-supplierregistration.cabinetoffice.gov.uk/XP622385,1,15000.0,THE WESTMINSTER FOUNDATION FOR DEMOCRACY LIMITED,1,15000.0,100.0,100.0
ID:GB-CFS-307467,1,15000.0,NHS England,1,15000.0,100.0,100.0
ID:GB-CFS-316703,1,15000.0,"Department for Environment, Food & Rural Affairs",1,15000.0,100.0,100.0
ID:GB-CFS-99895,1,14995.0,The Royal Borough of Kingston upon Thames,2,1801102.0,50.0,0.8325458524836462
ID:GB-CFS-327238,1,14674.0,DfTc - Department for Transport,1,14674.0,100.0,100.0
ID:GB-CFS-323167,1,14500.0,DEFRA,1,14500.0,100.0,100.0
ID:GB-CFS-279337,11,14272.5,"Police, Fire & Crime Commissioner for Staffordshire",73,21836601.75,15.068493150684931,0.0653604446488566
ID:GB-CFS-309104,1,14113.0,UK Health Security Agency,8,16585644.37,12.5,0.0850916592998189
ID:GB-CFS-306475,1,14100.0,DVSA - Driver and Vehicle Standards Agency,3,12014100.0,33.33333333333333,0.1173620995330486
ID:GB-CFS-328985,1,14000.0,Ministry of Defence,1,14000.0,100.0,100.0
ID:GB-CFS-322705,1,13650.0,Dorset County Hospital NHS Foundation Trust,1,13650.0,100.0,100.0
ID:GB-CFS-322325,1,13363.63,The House of Commons,1,13363.63,100.0,100.0
ID:GB-SRS-supplierregistration.cabinetoffice.gov.uk/qBQc82Na,1,13230.0,BlueLight Commercial Organisation,4,75550790.0,25.0,0.0175113986233631
ID:GB-CFS-215687,1,13200.0,NHS England,38,18948741.67,2.631578947368421,0.0696616177996583
ID:GB-CFS-267070,1,13016.0,Surrey and Boarders Partnership NHS Foundation Trust,4,3969042.0,25.0,0.3279380767449676
ID:GB-CFS-313950,1,13000.0,Cheshire Constabulary on behalf of the Police and Crime Commissioner for Cheshire,2,53000.0,50.0,24.52830188679245
ID:GB-CFS-327356,1,12857.5,Sheffield Teaching Hospital NHS Trust,1,12857.5,100.0,100.0
ID:GB-CFS-259831,1,12840.0,Medicines and Healthcare Products Regulatory Agency,1,12840.0,100.0,100.0
ID:GB-CFS-269817,1,12640.67,Defra,4,2012880.67,25.0,0.627989040204753
ID:GB-CFS-308617,1,12500.0,DSIT,1,12500.0,100.0,100.0
ID:GB-CFS-107495,1,12499.0,Intellectual Property Office,6,5289525.04,16.666666666666664,0.2362972082650354
ID:GB-CFS-315140,1,12495.0,Hull University Teaching Hospitals NHS Foundation Trust,2,69970.7,50.0,17.857474628666
ID:GB-CFS-321548,1,12327.5,Leeds Teaching Hospitals NHS Trust,4,1948546.21,25.0,0.6326511496999602
ID:GB-CFS-150492,1,12000.0,Somerset NHS Foundation Trust,1,12000.0,100.0,100.0
ID:GB-CFS-236892,1,12000.0,Defra,1,12000.0,100.0,100.0
ID:GB-CFS-171315,1,11830.0,Intellectual Property Office,11,506737279.65,9.090909090909092,0.002334543061085
ID:GB-CFS-282055,1,11566.0,National Highways,4,731966.52,25.0,1.5801269161873688
ID:GB-SRS-sid4gov.cabinetoffice.gov.uk/RB7A9pB4,1,11475.0,"Foreign, Commonwealth and Development Office",4,93575.0,25.0,12.262890729361477
ID:GB-CFS-169732,1,10885.0,PROSPER,1,10885.0,100.0,100.0
ID:GB-CFS-169554,1,10260.0,Intellectual Property Office,2,52010260.0,50.0,0.0197268769661985
ID:GB-CFS-322880,1,10000.0,NHS Midlands and Lancashire Commissioning Support Unit (hosted by NHS England),1,10000.0,100.0,100.0
ID:GB-CFS-322746,1,10000.0,Kirklees College,1,10000.0,100.0,100.0
ID:GB-SRS-sid4gov.cabinetoffice.gov.uk/qyGH967D,1,10000.0,General Pharmaceutical Council,11,4876180.0,9.090909090909092,0.2050785655984808
ID:GB-CFS-260710,1,9995.0,Mid Yorkshire Teaching NHS Trust,2,669984.9,50.0,1.4918246664962151
ID:GB-CFS-306168,1,9075.0,National Highways,1,9075.0,100.0,100.0
ID:GB-CFS-110572,1,7200.0,Royal Northern College of Music,3,229871.0,33.33333333333333,3.132191533512274
ID:GB-CFS-303506,1,6883.41,Environment Agency,3,88766.82,33.33333333333333,7.754485290787707
ID:GB-CFS-318711,1,4860.7,ATTAIN HEALTH MANAGEMENT SERVICES LTD,1,4860.7,100.0,100.0
ID:GB-CFS-304152,1,0.0,Halton Borough Council,4,632056.0,25.0,0.0
ID:GB-CFS-90388,1,0.0,Kent County Council,4,13145106.62,25.0,0.0
